Date,Impressions
2026-05-18,812
2026-05-19,766
2026-05-20,878
2026-05-21,838
2026-05-22,816
2026-05-23,627
2026-05-24,643
2026-05-25,693
2026-05-26,816
2026-05-27,1048
2026-05-28,936
2026-05-29,835
2026-05-30,541
2026-05-31,580
2026-06-01,883
2026-06-02,979
2026-06-03,1035
2026-06-04,862
2026-06-05,850
2026-06-06,615
2026-06-07,730
2026-06-08,1252
2026-06-09,977
2026-06-10,944
2026-06-11,981
2026-06-12,885
2026-06-13,584
2026-06-14,735
2026-06-15,1297
2026-06-16,1122
2026-06-17,1397
2026-06-18,1053
2026-06-19,974
2026-06-20,656
2026-06-21,848
2026-06-22,1254
2026-06-23,1218
2026-06-24,1124
2026-06-25,1143
2026-06-26,747
2026-06-27,544
2026-06-28,687
2026-06-29,936
2026-06-30,897
2026-07-01,781
2026-07-02,757
2026-07-03,583
2026-07-04,483
2026-07-05,629
2026-07-06,1013
2026-07-07,722
2026-07-08,761
2026-07-09,747
2026-07-10,599
2026-07-11,466
2026-07-12,532
2026-07-13,1073
2026-07-14,743
2026-07-15,699
2026-07-16,739
2026-07-17,691
2026-07-18,539
2026-07-19,546