Top pages,Impressions
https://synergyhealth.org/conditions/neck-fracture-broken-neck/,11859
https://synergyhealth.org/,2536
https://synergyhealth.org/flying-with-joint-replacement/,2008
https://synergyhealth.org/treatment/finger-amputation-surgery/,1975
https://synergyhealth.org/total-knee-arthroplasty-tka-comprehensive-guide-for-patients/,1686
https://synergyhealth.org/conditions/back-fracture-break/,1669
https://synergyhealth.org/conditions/dupuytrens-contracture/,1013
https://synergyhealth.org/treatment/mass-removal/,999
https://synergyhealth.org/treatment/total-knee-arthroplasty-tka/,980
https://synergyhealth.org/conditions/foot-stress-fracture/,861
https://synergyhealth.org/treatment/total-hip-arthroplasty/,841
https://synergyhealth.org/conditions/ganglion-cyst/,780
https://synergyhealth.org/6-tests-diagnose-shoulder-injury-guide-3-types-treatment/,767
https://synergyhealth.org/locations/livonia/,558
https://synergyhealth.org/about-us/company-history/,535
https://synergyhealth.org/5-common-causes-of-hip-pain/,515
https://synergyhealth.org/treatment/lumbar-laminectomy/,509
https://synergyhealth.org/treatment/caudal-esi/,499
https://synergyhealth.org/locations/,490
https://synergyhealth.org/conditions/shoulder-dislocation/,456
https://synergyhealth.org/conditions/hand-arthritis/,454
https://synergyhealth.org/conditions/trigger-finger/,445
https://synergyhealth.org/treatment/peripheral-nerve-injection/,426
https://synergyhealth.org/providers/david-mendelson-md/,421
https://synergyhealth.org/insurance-billing/insurance-accepted/,415
https://synergyhealth.org/treatment/de-quervains-release-surgery/,415
https://synergyhealth.org/3-possible-alternatives-to-orthopedic-surgery/,388
https://synergyhealth.org/treatment/sacroiliac-joint-fusion/,370
https://synergyhealth.org/mri-for-canadian-patients/,367
https://synergyhealth.org/providers/stephen-mendelson-md/,365
https://synergyhealth.org/treatment/gastrocnemius-recession-surgery/,349
https://synergyhealth.org/mri-facts-that-you-may-have-not-known/,341
https://synergyhealth.org/treatment/si-joint-injection/,327
https://synergyhealth.org/treatment/injections-esi-facet-nerve-blocks/,318
https://synergyhealth.org/conditions/trochanteric-bursitis/,317
https://synergyhealth.org/treatment/cmc-arthroplasty/,307
https://synergyhealth.org/conditions/de-quervains-tenosynovitis/,303
https://synergyhealth.org/services/car-accident-injury/,298
https://synergyhealth.org/conditions/cervical-radiculopathy/,276
https://synergyhealth.org/conditions/rotator-cuff-tear/,276
https://synergyhealth.org/hand-pain-symptoms-conditions-causing-discomfort/,276
https://synergyhealth.org/conditions/spondylolisthesis/,274
https://synergyhealth.org/treatment/pain-management/,266
https://synergyhealth.org/insurance-billing/self-pay-orthopedics/,265
https://synergyhealth.org/providers/mohamed-salar-md/,262
https://synergyhealth.org/conditions/meniscus-tear/,259
https://synergyhealth.org/conditions/,256
https://synergyhealth.org/treatment/laminectomy/,244
https://synergyhealth.org/treatment/custom-orthoses-splints/,242
https://synergyhealth.org/treatment/thoracic-lumbar-decompression/,223
https://synergyhealth.org/mendelson-orthopedics-is-a-multi-specialty-practice-that-offers-hope-and-relief-for-chronic-pain-sufferers/,222
https://synergyhealth.org/get-involved/contact-us/,221
https://synergyhealth.org/treatment/tendon-repair/,220
https://synergyhealth.org/locations/southfield/,219
https://synergyhealth.org/locations/troy/,214
https://synergyhealth.org/providers/kyle-bohm-md/,210
https://synergyhealth.org/providers/kevin-lee-md/,203
https://synergyhealth.org/locations-type/full-service-clinics/,202
https://synergyhealth.org/treatment/joint-pain-injections/,200
https://synergyhealth.org/providers/jeffrey-klein-dpm/,199
https://synergyhealth.org/conditions/carpal-tunnel-syndrome/,195
https://synergyhealth.org/specialty/hip/,194
https://synergyhealth.org/treatment/nerve-repair/,191
https://synergyhealth.org/providers/benjamin-mayo-md/,187
https://synergyhealth.org/providers/preetinder-bhullar-md/,186
https://synergyhealth.org/treatment/prp-injections/,184
https://synergyhealth.org/providers/scott-mccarty-md/,181
https://synergyhealth.org/locations/sterling-heights/,175
https://synergyhealth.org/five-questions-to-ask-your-arthritis-doctor/,174
https://synergyhealth.org/conditions/patellar-tendinitis/,169
https://synergyhealth.org/locations-type/surgical-centers/,168
https://synergyhealth.org/conditions/hip-flexor-strain/,166
https://synergyhealth.org/about-us/why-synergy-health/,165
https://synergyhealth.org/conditions/ankle-fracture/,165
https://synergyhealth.org/providers/jeffrey-mendelson-md/,165
https://synergyhealth.org/conditions/acl-tear/,160
https://synergyhealth.org/treatment/trigger-point-injection/,160
https://synergyhealth.org/conditions/thumb-arthritis/,154
https://synergyhealth.org/insurance-billing/self-pay/,154
https://synergyhealth.org/services/integrated-care-services/,151
https://synergyhealth.org/treatment/physical-therapy/,151
https://synergyhealth.org/treatment/biceps-tenodesis-tenotomy/,149
https://synergyhealth.org/providers/alice-mendelson-md/,146
https://synergyhealth.org/specialty/spine-neck-back/,145
https://synergyhealth.org/treatment/trigger-finger-release/,140
https://synergyhealth.org/treatment/bunionectomy/,131
https://synergyhealth.org/conditions/bunions/,129
https://synergyhealth.org/locations/port-huron/,129
https://synergyhealth.org/treatment/lumbar-cervical-fusion/,124
https://synergyhealth.org/providers/tony-abood-do/,123
https://synergyhealth.org/providers/,122
https://synergyhealth.org/specialty/hand-wrist/,121
https://synergyhealth.org/about-us/our-history/,118
https://synergyhealth.org/conditions/wrist-fracture/,116
https://synergyhealth.org/treatment/radiofrequency-ablation/,115
https://synergyhealth.org/5-frequent-hand-injuries-treat-effectively/,114
https://synergyhealth.org/providers/joseph-maslak-md/,114
https://synergyhealth.org/what-causes-joint-damage-who-is-at-risk/,109
https://synergyhealth.org/minimally-invasive-lumbar-decompression-mild-procedure/,108
https://synergyhealth.org/arthritis-or-something-else/,102
https://synergyhealth.org/locations/synergy-surgery-center/,102
https://synergyhealth.org/conditions/frozen-shoulder/,101
https://synergyhealth.org/conditions/shoulder-arthritis/,101
https://synergyhealth.org/locations/clinic-locations/southfield/?utm_medium=MichfootSurgeonsPC,100
https://synergyhealth.org/locations/genesys-surgery-center/,99
https://synergyhealth.org/conditions/rotator-cuff-tendinitis/,98
https://synergyhealth.org/treatment/emg/,95
https://synergyhealth.org/treatment/hip-revision-surgery/,95
https://synergyhealth.org/providers/ashley-fox-dc-ms-ccsp-facmuap/,94
https://synergyhealth.org/conditions/ac-joint-separation/,93
https://synergyhealth.org/conditions/patellofemoral-pain-syndrome/,91
https://synergyhealth.org/services/diagnostic-services/,91
https://synergyhealth.org/treatment/shoulder-arthroscopy/,90
https://synergyhealth.org/conditions/hip-fracture/,89
https://synergyhealth.org/conditions/mortons-neuroma/,89
https://synergyhealth.org/treatment/lumbar-epidural-steroid-injection/,87
https://synergyhealth.org/conditions/knee-bursitis/,85
https://synergyhealth.org/treatment/gel-injections/,85
https://synergyhealth.org/insurance-billing/,84
https://synergyhealth.org/locations-type/imaging-mri/,83
https://synergyhealth.org/providers/jeffrey-varghese-md/,83
https://synergyhealth.org/treatment/hand-therapy/,83
https://synergyhealth.org/providers/randy-leff-dpm/,82
https://synergyhealth.org/specialty/orthopedic-services/,80
https://synergyhealth.org/patient-center/,78
https://synergyhealth.org/providers/brian-kassa-do/,78
https://synergyhealth.org/patient-center/patient-testimonials/,76
https://synergyhealth.org/treatment/occipital-nerve-block/,76
https://synergyhealth.org/treatment/labral-repair-treatment/,73
https://synergyhealth.org/treatment/spinal-cord-stimulator/,73
https://synergyhealth.org/providers/anthony-oddo-do/,72
https://synergyhealth.org/specialties/hand-upper-extremity/finger-amputation/,71
https://synergyhealth.org/providers/andres-munk-md/,70
https://synergyhealth.org/mri/?utm_source=GBP&utm_medium=Organic&utm_campaign=Location-Listing-SHPMRIROY&y_source=1_MTAxODkyMzUxMy03MTUtbG9jYXRpb24ud2Vic2l0ZQ%3D%3D,69
https://synergyhealth.org/treatment/kyphoplasty-vertebroplasty/,69
https://synergyhealth.org/conditions/ankle-sprain/,67
https://synergyhealth.org/treatment/medial-branch-blocks-cervical-lumbar/,67
https://synergyhealth.org/6-hand-surgeries-can-relieve-pain-suffering/,65
https://synergyhealth.org/?utm_source=GBP&utm_medium=Organic&utm_campaign=Location-Listing-MKOWA3&y_source=1_MTAxODkwODMzNy03MTUtbG9jYXRpb24ud2Vic2l0ZQ%3D%3D,64
https://synergyhealth.org/specialty/knee/,64
https://synergyhealth.org/conditions/femoroacetabular-impingement/,63
https://synergyhealth.org/conditions/hip-labral-tear/,63
https://synergyhealth.org/providers/joseph-yacisen-do/,62
https://synergyhealth.org/specialty/physical-therapy/,62
https://synergyhealth.org/treatment/trochanteric-bursectomy/,62
https://synergyhealth.org/providers/hanish-singh-md/,61
https://synergyhealth.org/request-medical-records/,61
https://synergyhealth.org/specialty/foot-ankle-specialists/,61
https://synergyhealth.org/providers/hayley-foster-pa-c/,60
https://synergyhealth.org/rotator-cuff-injuries-know-tell-see-doctor/,59
https://synergyhealth.org/providers/kevin-sorensen-dpm/,57
https://synergyhealth.org/specialty/shoulder-elbow/,56
https://synergyhealth.org/conditions/spinal-stenosis/,55
https://synergyhealth.org/treatment/partial-knee-replacement/,55
https://synergyhealth.org/about-us/mission-values/,53
https://synergyhealth.org/providers/andrew-cox-pa-c/,53
https://synergyhealth.org/treatment/gluteal-iliopsoas-tendon-repair/,53
https://synergyhealth.org/treatment/total-reverse-shoulder-arthroplasty/,53
https://synergyhealth.org/about-us/our-founder/,52
https://synergyhealth.org/mri/?utm_source=GBP&utm_medium=Organic&utm_campaign=Location-Listing-SHPMRILI&y_source=1_MTAxODkyMzUxNy03MTUtbG9jYXRpb24ud2Vic2l0ZQ%3D%3D,49
https://synergyhealth.org/conditions/arthritic-back-pain/,48
https://synergyhealth.org/treatment/microdiscectomy/,48
https://synergyhealth.org/conditions/ankylosing-spondylitis/,47
https://synergyhealth.org/conditions/achilles-tendinitis/,46
https://synergyhealth.org/treatment/partial-hip-replacement-hemiarthroplasty/,45
https://synergyhealth.org/weight-management/,45
https://synergyhealth.org/services/provider-recommended-supplements/,44
https://synergyhealth.org/conditions/shoulder-labral-tear/,43
https://synergyhealth.org/conditions/herniated-disc/,42
https://synergyhealth.org/be-involved-with-your-care/,41
https://synergyhealth.org/providers/steven-acker-do/,41
https://synergyhealth.org/specialty/occupational-therapy/,40
https://synergyhealth.org/treatment/cubital-tunnel-release/,39
https://synergyhealth.org/treatment/nerve-decompression-ulnar-radial/,39
https://synergyhealth.org/treatment/ucl-reconstruction-surgery/,38
https://synergyhealth.org/full-service-clinics/sterling-heights-2/,36
https://synergyhealth.org/get-involved/careers-at-synergy/,36
https://synergyhealth.org/no-surprise-act/,35
https://synergyhealth.org/treatment/disc-replacement-surgery/,34
https://synergyhealth.org/treatment/hip-arthroscopy-labral-repair/,34
https://synergyhealth.org/specialty/sports-medicine/,32
https://synergyhealth.org/is-swelling-normal-with-rheumatoid-arthritis/,31
https://synergyhealth.org/conditions/ankle-arthritis/,29
https://synergyhealth.org/iv-infusion-therapy-for-chronic-headache/,29
https://synergyhealth.org/providers/jack-belen-md/,28
https://synergyhealth.org/treatment/toe-arthroplasty/,28
https://synergyhealth.org/providers/pearl-dua-pa-c/,26
https://synergyhealth.org/treatment/,26
https://synergyhealth.org/neck-back-care/,25
https://synergyhealth.org/patient-center/your-first-visit/,25
https://synergyhealth.org/providers/anthony-j-oddo-do/,25
https://synergyhealth.org/providers/kyle-truscott-dc/,25
https://synergyhealth.org/treatment/meniscus-repair-meniscectomy/,25
https://synergyhealth.org/conditions/si-joint-pain/,24
https://synergyhealth.org/providers/brittany-miller-pa-c/,24
https://synergyhealth.org/providers/evan-vandenbosch-pa-c/,24
https://synergyhealth.org/providers/fred-leff-dpm/,24
https://synergyhealth.org/providers/kristina-green-dpm/,24
https://synergyhealth.org/treatment/ac-joint-reconstruction/,24
https://synergyhealth.org/what-is-peripheral-arterial-disease-pad/,24
https://synergyhealth.org/conditions/wrist-sprain/,23
https://synergyhealth.org/notice-of-privacy-policy/,23
https://synergyhealth.org/treatment/rotator-cuff-repair/,23
https://synergyhealth.org/treatment/ankle-arthroscopy/,22
https://synergyhealth.org/treatment/total-elbow-arthroplasty/,22
https://synergyhealth.org/insurance-billing/self-pay-foot-ankle/,21
https://synergyhealth.org/conditions/knee-osteoarthritis/,20
https://synergyhealth.org/how-do-i-know-if-i-need-knee-replacement-surgery/,20
https://synergyhealth.org/providers/lucia-zamorano-md-faanos-fics/,20
https://synergyhealth.org/treatment/spinal-decompression/,20
https://synergyhealth.org/conditions/hip-osteoarthritis/,19
https://synergyhealth.org/conditions/tennis-elbow/,19
https://synergyhealth.org/hipaa/,19
https://synergyhealth.org/insurance-billing/self-pay-spine-neck-back/,19
https://synergyhealth.org/providers/sue-cash-pt/,19
https://synergyhealth.org/treatment/achilles-tendon-repair/,19
https://synergyhealth.org/treatment/elbow-arthroscopy/,19
https://synergyhealth.org/book-an-appointment/,18
https://synergyhealth.org/conditions-we-treat/hip-conditions/snapping-hip-syndrome/,18
https://synergyhealth.org/hipinsight-system/,18
https://synergyhealth.org/physical-therapy/?utm_source=GBP&utm_medium=Organic&utm_campaign=Location-Listing-SHPWA1&y_source=1_MTAxODkyMzUxMS03MTUtbG9jYXRpb24ud2Vic2l0ZQ%3D%3D,18
https://synergyhealth.org/providers/francis-elwart-dc/,18
https://synergyhealth.org/providers/aaron-wienczak-otrl/,17
https://synergyhealth.org/providers/caitlin-rogers-pa-c/,17
https://synergyhealth.org/did-you-know-mendelson-kornblum-orthopedics-has-same-day-appointments-for-acute-injuries/,16
https://synergyhealth.org/shp-physical-therapy/physical-therapy-locations/?utm_source=GBP&utm_medium=Organic&utm_campaign=Location-Listing-SHPLI&y_source=1_MTAxODkyMzUxMi03MTUtbG9jYXRpb24ud2Vic2l0ZQ%3D%3D,16
https://synergyhealth.org/?utm_medium=SynergyHealthPartners%7CMendelsonKornblumOrthopedics&SpineSpecialists%7CPortHuron,15
https://synergyhealth.org/the-mendelson-kornblum-difference/,15
https://synergyhealth.org/treatment/hip-resurfacing/,14
https://synergyhealth.org/about-us/,13
https://synergyhealth.org/head-to-total-mitch-misiak-physician-assistant-with-synergy-health-partners-orthopedic-urgent-care-speaks-about-the-importance-of-orthopedic-urgent-care/,13
https://synergyhealth.org/locations/ambulatory-surgery-centers/genesys-surgery-center/,13
https://synergyhealth.org/mendelson-kornblum-orthopedics-pain-management-spine-is-recognized-five-times-in-hour-magazine-top-docs-2011/,13
https://synergyhealth.org/patient-center/your-first-visit,13
https://synergyhealth.org/providers/cassidy-ebach-pa-c/,13
https://synergyhealth.org/providers/spencer-poshadlo-pa-c/,13
https://synergyhealth.org/specialty/,13
https://synergyhealth.org/treatment/hip-osteotomy-joint-preservation/,13
https://synergyhealth.org/locations/clinic-locations/,12
https://synergyhealth.org/about-us/leadership-team/,11
https://synergyhealth.org/about-us/why-synergy-health,11
https://synergyhealth.org/conditions/plantar-fasciitis/,11
https://synergyhealth.org/providers/kathleen-blashfield-pta-clt/,11
https://synergyhealth.org/providers/kevin-r-lee-md/,11
https://synergyhealth.org/conditions/hip-flexor-strain,10
https://synergyhealth.org/providers/amy-hauxwell-otrl-cht/,10
https://synergyhealth.org/providers/hainish-singh-md/,10
https://synergyhealth.org/providers/kelley-gray-allen-pa-c/,10
https://synergyhealth.org/providers/samantha-houle-pa-c/,10
https://synergyhealth.org/treatment-type/non-surgical/,10
https://synergyhealth.org/treatment/carpal-tunnel-release-surgery/,10
https://synergyhealth.org/providers/amy-mazurek-mpt/,9
https://synergyhealth.org/providers/chris-kakos-pt/,9
https://synergyhealth.org/providers/ian-zaporski-pta/,9
https://synergyhealth.org/specialties/pain-management/lumbar-medial-branch-block/,9
https://synergyhealth.org/treatment/chiropractic-care/,9
https://synergyhealth.org/common-knee-problems/,8
https://synergyhealth.org/locations-type/physical-therapy/,8
https://synergyhealth.org/mri/,8
https://synergyhealth.org/providers/carol-arakelian-pta/,8
https://synergyhealth.org/providers/cullen-lane-dpt-bche-pt-ot-manager/,8
https://synergyhealth.org/providers/elaine-mccallister-pa-c-atc/,8
https://synergyhealth.org/providers/elizabeth-zachow-pa-c/,8
https://synergyhealth.org/providers/kennie-brenner-mpt/,8
https://synergyhealth.org/providers/maria-marcaida-gorospe-pt/,8
https://synergyhealth.org/treatment/dupuytren-contracture-release/,8
https://synergyhealth.org/treatment/knee-arthroscopy/,8
https://synergyhealth.org/what-are-bunions-and-hammertoes-w-dr-jeffrey-b-klein-dpm/,8
https://synergyhealth.org/conditions/flatfoot/,7
https://synergyhealth.org/patient-center/appointment-cancellations/,7
https://synergyhealth.org/providers/adelisa-zahirovic-pa-c/,7
https://synergyhealth.org/providers/edyta-jagustin-pt/,7
https://synergyhealth.org/providers/larisa-joeright-pa-c/,7
https://synergyhealth.org/providers/simon-gappe-pt-dpt/,7
https://synergyhealth.org/providers/sue-piotrowski-pta/,7
https://synergyhealth.org/treatment/fracture-repair/,7
https://synergyhealth.org/insurance-billing/self-pay-hand-upper-extremity/,6
https://synergyhealth.org/insurance-billing/self-pay-pain-management/,6
https://synergyhealth.org/insurance/unitedhealthcare/,6
https://synergyhealth.org/providers/beth-wilkins-dpt/,6
https://synergyhealth.org/providers/crystal-langholff-dpt/,6
https://synergyhealth.org/providers/fatema-taher-pt-ompt-ocs/,6
https://synergyhealth.org/providers/laura-winowiecki-pta-clt-mt/,6
https://synergyhealth.org/providers/max-castoreno-otrl/,6
https://synergyhealth.org/conditions/bakers-cyst/,5
https://synergyhealth.org/conditions/golfers-elbow/,5
https://synergyhealth.org/conditions/scoliosis/,5
https://synergyhealth.org/hand-injuries-common-symptoms-occur/,5
https://synergyhealth.org/head-to-total-sports-medicine-with-dr-peter-lasater/,5
https://synergyhealth.org/patient-resources/notice-of-privacy-practices/,5
https://synergyhealth.org/tennis-vs-golfer-elbow/,5
https://synergyhealth.org/treatment/shoulder-stabilization-latarjet-bankart/,5
https://synergyhealth.org/yourchildsshoe/,5
https://synergyhealth.org/conditions/sciatica/,4
https://synergyhealth.org/orthopedic-surgeons-tickle-the-funny-bone/,4
https://synergyhealth.org/patient-center/learning-hub/,4
https://synergyhealth.org/providers/mark-macki-monton-pt/,4
https://synergyhealth.org/providers/noah-kueber-pt/,4
https://synergyhealth.org/treatment/acl-reconstruction/,4
https://synergyhealth.org/ada-accessibility/,3
https://synergyhealth.org/category/uncategorized/page/2/,3
https://synergyhealth.org/check-out-what-mkoss-has-been-up-to-in-2020/,3
https://synergyhealth.org/conditions/mcl-tear/,3
https://synergyhealth.org/conditions/shoulder-impingement-syndrome/,3
https://synergyhealth.org/did-you-know-si-joint-is-a-significant-cause-of-low-back-pain/,3
https://synergyhealth.org/distal-radius-fracture/,3
"https://synergyhealth.org/providers/andres-munk-md/?utm_source=GMBSocialClimb&utm_medium=Dr.AndresMunk,MD",3
https://synergyhealth.org/providers/dr-hainish-singh-md/,3
https://synergyhealth.org/providers/elaina-homer-pta/,3
https://synergyhealth.org/providers/loretta-assalone-otr-l-cht/,3
https://synergyhealth.org/providers/tony-badia-pta/,3
https://synergyhealth.org/specialties/pain-management/kyphoplasty/,3
https://synergyhealth.org/specialty/primary-care-physician/,3
https://synergyhealth.org/tips-for-optimum-joint-health/,3
https://synergyhealth.org/5-common-causes-of-hip-pain,2
https://synergyhealth.org/about-us/leadership-team,2
https://synergyhealth.org/conditions/lumbar-stenosis/,2
https://synergyhealth.org/insurance-billing/workers-compensation/,2
https://synergyhealth.org/insurance/aarp-medicare-advantage/,2
https://synergyhealth.org/insurance/aetna-all-products/,2
https://synergyhealth.org/locations-type/physical-therapy/?utm_source=GBP&utm_medium=Organic&utm_campaign=Location-Listing-SHPLI&y_source=1_MTAxODkyMzUxMi03MTUtbG9jYXRpb24ud2Vic2l0ZQ%3D%3D,2
https://synergyhealth.org/locations/physical-therapy-locations/,2
https://synergyhealth.org/neck-pain-post/,2
https://synergyhealth.org/specialties/pain-management/,2
https://synergyhealth.org/specialties/pain-management/emg/,2
https://synergyhealth.org/synergy-health-partners-mendelson-kornblum-in-the-arthritis-foundation-2021-jingle-bell-run/,2
https://synergyhealth.org/terms-conditions,2
https://synergyhealth.org/top-docs-for-second-consecutive-year/,2
https://synergyhealth.org/treatment-type/surgical/,2
https://synergyhealth.org/treatment/nerve-decompression-ulnar-radial,2
https://synergyhealth.org/treatment/shoulder-stabilization-latarjet-bankart,2
https://synergyhealth.org/are-migraines-a-disease/,1
https://synergyhealth.org/bunion-pain/,1
https://synergyhealth.org/conditions-we-treat/hip-conditions/rheumatoid-arthritis-in-the-hip-joint/,1
https://synergyhealth.org/conditions/biceps-tendinitis/,1
https://synergyhealth.org/conditions/rotator-cuff-tendinitis,1
https://synergyhealth.org/conditions/tennis-elbow,1
https://synergyhealth.org/contact-us/,1
https://synergyhealth.org/dr-jeffrey-b-klein-urges-dialysis-patients-to-get-regular-foot-screenings/,1
https://synergyhealth.org/free-webinar-chronic-lower-back-lower-extremity-pain/,1
https://synergyhealth.org/full-service-clinics/port-huron/,1
https://synergyhealth.org/get-involved/community-partnerships/,1
https://synergyhealth.org/insurance-billing/medicare/,1
https://synergyhealth.org/join-a-free-virtual-patient-educational-event-new-treatments-for-painful-diabetic-neuropathy/,1
https://synergyhealth.org/lets-talk-about-headaches/,1
https://synergyhealth.org/location/livonia/,1
https://synergyhealth.org/locations-type/auto-accident-care/,1
https://synergyhealth.org/locations-type/pain-management/,1
https://synergyhealth.org/locations/?location_type=pain-management,1
https://synergyhealth.org/locations/clinic-locations/southfield/,1
https://synergyhealth.org/our-providers/page/4/?utm_source=GBP&utm_medium=organic&utm_campaign=location-listing-SHPLI&y_source=1_MTAyNTMxNTU1MC03MTUtbG9jYXRpb24ud2Vic2l0ZQ%3D%3D,1
https://synergyhealth.org/patient-center/pay-my-bill,1
https://synergyhealth.org/patient-center/pay-my-bill/,1
https://synergyhealth.org/providers,1
https://synergyhealth.org/providers/kristina-e-green-dpm/,1
https://synergyhealth.org/providers/mitch-misiak-pa-c/,1
https://synergyhealth.org/providers/tiffany-hepworth-pta/,1
https://synergyhealth.org/shp-physical-therapy/meet-the-team/?utm_source=GBP&utm_medium=organic&utm_campaign=location-listing-SHPWA1&y_source=1_MTAyMTUyMTc5OS03MTUtbG9jYXRpb24ud2Vic2l0ZQ%3D%3D,1
https://synergyhealth.org/specialties/hand-upper-extremity/dupuytren-contracture-release/,1
https://synergyhealth.org/specialties/occupational-therapy/compression-therapy/,1
https://synergyhealth.org/specialties/pain-management/cervical-medial-branch-block/,1
https://synergyhealth.org/specialties/podiatry/gastrocnemius-recession/,1
https://synergyhealth.org/specialties/spine-back-and-neck/port-huron-spine-neck-pain-dr-andres-munk/,1
https://synergyhealth.org/survey-responses/,1
https://synergyhealth.org/treatment/acl-reconstruction,1
https://synergyhealth.org/treatment/occupational-therapy/,1
https://synergyhealth.org/turkey-carving-safety/,1
https://synergyhealth.org/wp-content/uploads/2026/01/Neck-Fracture_Broken-Neck.webp,1