company,bucket,why,tier,pl,cell,type,referrals,spine,spine_share,spine_q1,spine_q2,spine_q3,ortho,hand,foot,pain_other,telehealth,spine_telehealth,expected_spine,spine_headroom,type_share,sending_providers,clinical_contacts,contacts,visits,last_visit,first_referral,last_referral,last_spine_referral,days_since_spine,linked_with,see_also,company_id
Ross Law,PROTECT,"Tier 1 spine sender slowing — spine by quarter 0/4/1, last spine referral Aug 5 — thank, ask what changed",Tier 1,Kristen,Phone cadence,Attorney,15,5,0.333,0,4,1,8,0,0,2,14,5,6.4,1.4,0.426,3,0,1,5,2026-09-28,2026-04-30,2026-08-05,2026-08-05,51.0,,,86e7413a-57df-4cba-adee-c6d0a8e55b63
Schoenherr Family Practice,PROTECT,"Tier 1 spine sender slowing — spine by quarter 3/3/0, last spine referral May 26 — thank, ask what changed",Tier 1,Coty,C-A03,PCP,8,6,0.75,3,3,0,2,0,0,0,0,0,1.7,0.0,0.208,2,7,7,6,2026-09-24,2026-01-05,2026-06-04,2026-05-26,122.0,,,e9020844-6b2a-43b6-9416-51116e859cc2
Stonebrooke Family Physicians,PROTECT,"Tier 1 spine sender slowing — spine by quarter 2/3/0, last spine referral May 27 — thank, ask what changed",Tier 1,Kristen,K-A05,PCP,22,5,0.227,2,3,0,6,1,4,6,0,0,4.6,0.0,0.208,6,10,10,4,2026-09-14,2026-01-05,2026-09-18,2026-05-27,121.0,,,c9013f02-25d6-4df2-96f8-b4f1e9936878
Office of George Nassif MD,PROTECT,"Tier 1 spine sender slowing — spine by quarter 2/2/0, last spine referral Jun 15 — thank, ask what changed",Tier 1,Coty,C-A06,PCP,4,4,1.0,2,2,0,0,0,0,0,0,0,0.8,0.0,0.208,1,1,2,6,2026-09-29,2026-03-06,2026-06-15,2026-06-15,102.0,,,1225209075
Maan Askar MD - 13 Mile,DEEPEN,"Prospect in the book but already sending 3 spine — move up a tier, tighten cadence",Prospect,Coty,C-A11,PCP,12,3,0.25,1,2,0,6,1,0,2,0,0,2.5,0.0,0.208,1,1,2,8,2026-10-06,2026-01-29,2026-08-17,2026-06-30,87.0,,,8bdecedc-33cd-4229-8467-d684f3b6242d
City Medical - Madison Heights,DEEPEN,"Prospect in the book but already sending 3 spine — move up a tier, tighten cadence",Prospect,Jasmine,J-A03,Urgent care,3,3,1.0,0,1,2,0,0,0,0,0,0,0.5,0.0,0.163,2,6,6,2,2026-08-27,2026-04-07,2026-08-05,2026-08-05,51.0,,,63cd155b-cebc-4ccb-ae48-e9fd30422380
Silver Pine Medical Group - Sterling Heights,DEEPEN,"Tier 2 in the book but already sending 2 spine — move up a tier, tighten cadence",Tier 2,Kristen,K-A06,PCP,6,2,0.333,0,0,2,3,0,0,1,0,0,1.2,0.0,0.208,5,39,40,4,2026-09-03,2026-01-16,2026-09-03,2026-08-17,39.0,,,cac69af6-f814-4339-a4f4-d8cd7112ec3c
Bully Family Physicians,DEEPEN,"Tier 2 in the book but already sending 2 spine — move up a tier, tighten cadence",Tier 2,Kristen,K-A18,PCP,4,2,0.5,0,0,2,1,0,0,1,0,0,0.8,0.0,0.208,1,2,2,4,2026-09-29,2026-03-12,2026-08-19,2026-08-19,37.0,,,1841257029
NextGen Vitality,DEEPEN,"Prospect in the book but already sending 2 spine — move up a tier, tighten cadence",Prospect,Kristen,K-A18,PCP,3,2,0.667,0,1,1,1,0,0,0,1,0,0.6,0.0,0.208,1,1,1,2,2026-09-29,2026-01-16,2026-08-28,2026-08-28,28.0,,,de4283ce-62ba-4417-9008-a03e8d75671f
Sterling Medical Center & Urgent Care,DEEPEN,"Tier 2 in the book but already sending 2 spine — move up a tier, tighten cadence",Tier 2,Kristen,K-A12,Urgent care,3,2,0.667,0,0,2,1,0,0,0,0,0,0.5,0.0,0.163,2,4,4,2,2026-09-08,2026-04-20,2026-09-22,2026-09-22,3.0,,,f30f611c-772a-406a-9d92-231790b785c2
Lakes Urgent Care - Livonia,CONVERT,"50 referrals, 4 spine (8% vs 16% for urgent care) — spine conversation with the senders",Tier 1,Jasmine,J-A06,Urgent care,50,4,0.08,0,1,3,30,9,6,0,0,0,8.2,4.2,0.163,6,2,2,7,2026-09-30,2026-01-12,2026-09-25,2026-08-17,39.0,,,73107e68-fc7f-46d0-bef4-ee26e9dc0099
Frank Lanzilote DO-Family Practice,CONVERT,"33 referrals, 2 spine (6% vs 21% for pcp) — spine conversation with the senders",Tier 1,Jasmine,J-A04,PCP,33,2,0.061,2,0,0,22,5,1,3,1,0,6.9,4.9,0.208,1,2,2,7,2026-09-17,2026-01-02,2026-09-24,2026-02-04,233.0,,,1d143d90-6122-41e7-ae14-c14d4e4317b4
Oakland Family Practice,CONVERT,"29 referrals, 3 spine (10% vs 21% for pcp) — spine conversation with the senders",Tier 1,Kristen,K-A13,PCP,29,3,0.103,1,2,0,10,10,2,4,0,0,6.0,3.0,0.208,6,13,14,3,2026-08-26,2026-01-07,2026-09-16,2026-05-19,129.0,,,13ba57d5-6bc6-4d44-8d40-efd8e7131d2e
OAK STREET HEALTH CHERRY HILL,CONVERT,"27 referrals, 3 spine (11% vs 21% for pcp) — spine conversation with the senders",Tier 1,Jasmine,J-A07,PCP,27,3,0.111,2,1,0,17,2,1,3,0,0,5.6,2.6,0.208,6,6,7,5,2026-09-30,2026-01-05,2026-09-21,2026-05-27,121.0,,,0cc06713-910b-4b74-ba14-7cd3d76b3c62
Yale Community Heath Center - VA Clinic,CONVERT,"26 referrals, 1 spine (4% vs 21% for pcp) — spine conversation with the senders",Tier 1,Kristen,K-A01,PCP,26,1,0.038,0,1,0,25,0,0,0,0,0,5.4,4.4,0.208,7,6,6,4,2026-09-21,2026-01-08,2026-09-11,2026-06-30,87.0,,,ef22f4d0-c253-4bff-8a60-2a5eaa3168df
Berry Johnson Health,CONVERT,"24 referrals, 0 spine (0% vs 21% for pcp) — spine conversation with the senders",Tier 2,Kristen,K-A18,PCP,24,0,0.0,0,0,0,1,0,23,0,0,0,5.0,5.0,0.208,2,3,3,4,2026-09-29,2026-01-26,2026-09-21,,,,,1134320930
Dedicated senior Medical Center Detroit North,CONVERT,"20 referrals, 2 spine (10% vs 21% for pcp) — spine conversation with the senders",Tier 1,Jasmine,J-A02,PCP,20,2,0.1,0,1,1,2,2,1,12,0,0,4.2,2.2,0.208,3,3,5,13,2026-09-28,2026-01-30,2026-09-21,2026-08-17,39.0,,,85d28577-5be8-4372-8c7e-9a349c62e50d
Haller and Hug Internal Medicine,CONVERT,"15 referrals, 0 spine (0% vs 21% for pcp) — spine conversation with the senders",Tier 2,Kristen,K-A22,PCP,15,0,0.0,0,0,0,2,0,12,1,0,0,3.1,3.1,0.208,2,9,9,2,2026-08-13,2026-01-29,2026-09-16,,,,,9019b0af-745f-41ea-a4ab-4e72321359d9
Physician HealthCare Network Urgent Care and Walk In- Fort Gratiot,CONVERT,"17 referrals, 0 spine (0% vs 16% for urgent care) — spine conversation with the senders",Tier 1,Kristen,K-A02,Urgent care,17,0,0.0,0,0,0,15,1,0,0,0,0,2.8,2.8,0.163,4,5,5,3,2026-09-21,2026-01-08,2026-08-20,,,,,4c053f65-6667-471a-9d5b-ee08b564d031
Patrick Kut MD PC,CONVERT,"13 referrals, 0 spine (0% vs 21% for pcp) — spine conversation with the senders",Tier 2,Kristen,K-A03,PCP,13,0,0.0,0,0,0,13,0,0,0,0,0,2.7,2.7,0.208,2,2,2,3,2026-09-21,2026-01-21,2026-09-24,,,,,eca14fb7-48cb-4968-b258-b97a854b34c1
"PRAVEEN MODI, MD, PC",CONVERT,"12 referrals, 0 spine (0% vs 21% for pcp) — spine conversation with the senders",Tier 2,Kristen,K-A29,PCP,12,0,0.0,0,0,0,7,4,0,1,0,0,2.5,2.5,0.208,1,2,2,3,2026-08-27,2026-02-18,2026-08-19,,,,,63a72095-741a-43fe-b865-a1f6398ee484
CoreWell Health Family Medicine,CONVERT,"11 referrals, 0 spine (0% vs 21% for pcp) — spine conversation with the senders",Tier 2,Jasmine,J-A09,PCP,11,0,0.0,0,0,0,7,1,0,3,0,0,2.3,2.3,0.208,2,3,3,6,2026-10-01,2026-04-07,2026-08-17,,,,,f8c5f64c-4cf6-463f-9090-68ac9735f08e
Corewell Health Wayne Hospital Internal Medicine - Canton,CONVERT,"10 referrals, 0 spine (0% vs 21% for pcp) — spine conversation with the senders",Tier 2,Jasmine,J-A09,PCP,10,0,0.0,0,0,0,2,7,1,0,1,0,2.1,2.1,0.208,2,3,3,6,2026-09-22,2026-01-02,2026-09-09,,,,,1c7828ed-eebc-45ad-a838-28fbb2264e48
Roseville Family Practice,CONVERT,"10 referrals, 0 spine (0% vs 21% for pcp) — spine conversation with the senders",Tier 2,Kristen,K-A17,PCP,10,0,0.0,0,0,0,6,0,2,2,0,0,2.1,2.1,0.208,2,3,4,2,2026-08-28,2026-01-15,2026-09-22,,,,,c96dc780-a933-4f9f-aaa3-e1da22d0f35e
Hesselberg Chiropractic,EXPAND,1 of 3 clinicians on the MMC roster send — meet the rest of the practice,Tier 1,Kristen,K-A27,Chiropractic,34,22,0.647,9,7,6,6,0,0,6,34,22,18.3,0.0,0.537,1,3,3,4,2026-09-30,2026-01-02,2026-08-28,2026-08-28,28.0,,,83b9dec3-57ee-4777-b000-fcb1c228e6c7
Park Medical Centers,EXPAND,2 of 5 clinicians on the MMC roster send — meet the rest of the practice,Tier 1,Kristen,K-A29,PCP,39,13,0.333,5,5,3,18,4,2,2,1,0,8.1,0.0,0.208,2,5,5,3,2026-08-27,2026-01-15,2026-09-22,2026-09-22,3.0,,,92913d4d-edc4-462b-aecf-ef3f54198f09
DMC Orthopedics - Commerce Township,EXPAND,"2 of 5 clinicians on the MMC roster send — meet the rest of the practice — read with DMC SPORTS MEDICINE NOVI (Dr. Cooke's rows are split by PL tag; together 16 spine, Q1/Q2/Q3 1/7/8)",Tier 1,Kristen,K-A09,Orthopedic,7,7,1.0,0,0,7,0,0,0,0,0,0,3.2,0.0,0.453,2,5,5,3,2026-08-21,2026-07-06,2026-09-10,2026-09-10,15.0,DMC SPORTS MEDICINE NOVI,"COOKE, CHRISTOPHER LEE (3) placed at DMC SPORTS MEDICINE NOVI; COOKE MD, CHRISTOPHER LEE (1) placed at DMC SPORTS MEDICINE NOVI; Morasso (1) placed at DMC SPORTS MEDICINE NOVI",568c9052-985c-48fa-b5bc-44baafba3dea
Lakeview Medical Center,EXPAND,2 of 9 clinicians on the MMC roster send — meet the rest of the practice,Tier 1,Coty,C-A13,PCP,14,6,0.429,3,2,1,7,1,0,0,2,0,2.9,0.0,0.208,2,9,9,12,2026-10-06,2026-01-05,2026-08-06,2026-08-06,50.0,,,64ed5116-24c0-4278-8d87-a7ca5f7d76c4
Macomb Internal Medicine,EXPAND,3 of 11 clinicians on the MMC roster send — meet the rest of the practice,Tier 1,Kristen,K-A08,PCP,8,6,0.75,1,3,2,1,0,0,1,0,0,1.7,0.0,0.208,3,11,12,4,2026-07-10,2026-02-09,2026-08-24,2026-08-24,32.0,,,5271bbd8-dfe5-4d54-a0a2-f5547050cafe
Levine Clinic of Chiropractic,EXPAND,1 of 3 clinicians on the MMC roster send — meet the rest of the practice,Tier 1,Kristen,K-A16,Chiropractic,8,5,0.625,1,2,2,1,0,0,2,2,2,4.3,0.0,0.537,1,3,3,5,2026-09-23,2026-02-05,2026-08-07,2026-08-07,49.0,,,e19f7675-d86b-445b-ad8d-c06409bfde92
North Valley Internal Medicine,EXPAND,2 of 7 clinicians on the MMC roster send — meet the rest of the practice,Tier 1,Coty,C-A07,PCP,4,4,1.0,1,2,1,0,0,0,0,0,0,0.8,0.0,0.208,2,7,8,3,2026-08-19,2026-02-10,2026-08-14,2026-08-14,42.0,,,063204da-544e-4bdd-a18b-f483a5c16ad9
Pulmonary & Medical Associates,EXPAND,2 of 12 clinicians on the MMC roster send — meet the rest of the practice,Tier 1,Kristen,K-A19,PCP,15,2,0.133,1,1,0,9,1,3,0,0,0,3.1,1.1,0.208,2,12,12,4,2026-10-08,2026-01-19,2026-09-03,2026-06-09,108.0,,,dda630a5-9d61-49cd-bec6-61084e47ddb9
Mitchell Medical Center,EXPAND,2 of 9 clinicians on the MMC roster send — meet the rest of the practice,Tier 1,Kristen,K-A03,PCP,14,2,0.143,1,1,0,8,0,0,3,0,0,2.9,0.9,0.208,2,9,9,3,2026-09-18,2026-01-21,2026-08-06,2026-05-12,136.0,,,3a600778-0104-4e04-b9d4-feb46e567bd7
Forum Medical Clinic,EXPAND,2 of 7 clinicians on the MMC roster send — meet the rest of the practice,Tier 1,Coty,C-A05,PCP,6,3,0.5,1,0,2,2,1,0,0,0,0,1.2,0.0,0.208,2,7,7,12,2026-09-29,2026-01-19,2026-09-23,2026-09-23,2.0,,"Marsheh MD , Nikolas (1) placed at Forum Medical Clinic; Marsheh MD, Nicolas Atif (3) placed at Forum Medical Clinic; Marsheh, Nicolas (1) placed at Forum Medical Clinic",8dd680b0-5504-40bd-8956-3ce07e763aef
Lifetime Family Care,EXPAND,2 of 5 clinicians on the MMC roster send — meet the rest of the practice,Tier 1,Kristen,K-A23,PCP,6,3,0.5,3,0,0,1,0,0,2,1,0,1.2,0.0,0.208,2,5,6,4,2026-08-26,2026-01-07,2026-08-11,2026-01-22,246.0,,,b70053c3-f0fd-41de-9386-95fcc448a738
Oak Street Health - Eastgate,EXPAND,2 of 7 clinicians on the MMC roster send — meet the rest of the practice,Tier 1,Coty,C-A11,PCP,8,2,0.25,0,2,0,5,0,0,1,0,0,1.7,0.0,0.208,2,7,8,2,2026-09-25,2026-02-25,2026-09-09,2026-05-22,126.0,,,23fb6135-419b-4880-ae64-4a97e9244f37
Swetech Medical Center,EXPAND,2 of 8 clinicians on the MMC roster send — meet the rest of the practice,Tier 1,Kristen,K-A08,PCP,4,2,0.5,1,0,1,0,0,0,2,1,1,0.8,0.0,0.208,2,8,9,5,2026-10-07,2026-02-09,2026-07-22,2026-07-22,65.0,,,1255427209
Get Well Urgent Care Madison Heights,EXPAND,3 of 9 clinicians on the MMC roster send — meet the rest of the practice,Tier 1,Kristen,K-A21,Urgent care,4,2,0.5,1,1,0,2,0,0,0,0,0,0.7,0.0,0.163,3,9,9,3,2026-08-25,2026-02-04,2026-08-20,2026-04-22,156.0,,,346a1335-a97f-4a1a-9847-77f9e71383c3
Metro Medical Practice,EXPAND,2 of 5 clinicians on the MMC roster send — meet the rest of the practice,Tier 1,Kristen,K-A13,PCP,4,2,0.5,2,0,0,2,0,0,0,0,0,0.8,0.0,0.208,2,5,5,3,2026-09-14,2026-01-20,2026-03-26,2026-03-26,183.0,,,60-080-4525
Tri-County Medical Clinic,EXPAND,2 of 9 clinicians on the MMC roster send — meet the rest of the practice,Tier 1,Kristen,K-A11,PCP,3,2,0.667,1,0,1,0,1,0,0,0,0,0.6,0.0,0.208,2,9,9,4,2026-09-03,2026-01-19,2026-09-21,2026-09-21,4.0,,,1386634749
Hoover Primary Care Medical Group,EXPAND,1 of 3 clinicians on the MMC roster send — meet the rest of the practice,Tier 1,Kristen,K-A17,PCP,3,2,0.667,0,0,2,1,0,0,0,0,0,0.6,0.0,0.208,1,3,3,4,2026-10-08,2026-07-22,2026-08-25,2026-08-25,31.0,,,d2472b07-69ea-403b-b954-d5d8227b1364
Professional Village Medical Center,EXPAND,2 of 6 clinicians on the MMC roster send — meet the rest of the practice,Tier 1,Kristen,K-A06,PCP,2,2,1.0,0,0,2,0,0,0,0,0,0,0.4,0.0,0.208,2,6,6,3,2026-10-07,2026-07-29,2026-08-17,2026-08-17,39.0,,,1427031756
"COMMERCE PRIMARY CARE, PC",EXPAND,2 of 7 clinicians on the MMC roster send — meet the rest of the practice,Tier 1,Kristen,K-A09,PCP,2,2,1.0,0,0,2,0,0,0,0,0,0,0.4,0.0,0.208,2,7,7,3,2026-08-21,2026-08-11,2026-09-04,2026-09-04,21.0,,,512973f9-6ce5-4941-bf0e-dbc021ae2dc0
MEDPRO PRIMARY CARE - Waltz Rd,EXPAND,1 of 8 clinicians on the MMC roster send — meet the rest of the practice,Tier 1,Coty,C-A16,Pain,2,2,1.0,1,1,0,0,0,0,0,0,0,0.6,0.0,0.286,1,8,8,3,2026-09-14,2026-01-06,2026-05-18,2026-05-18,130.0,,"Weber PA, Jaclyn (3) placed at MedPro Primary Care; Demarce NP, Samantha (1) placed at MedPro Primary Care; Kapadia MD, Daniel (1) placed at MedPro Primary Care",5ba2b7d1-0a31-458d-95a0-4ba47f0574a0
CROSSOVER HEALTH - ROYAL OAK,CLAIM,in MMC but not in the spine book — add as Tier 2; suggested PL Kristen,,,,PCP,1,1,1.0,0,0,1,0,0,0,0,0,0,0.2,0.0,0.208,1,3,3,1,2026-05-21,2026-08-24,2026-08-24,2026-08-24,32.0,,,2024c27b-934c-438a-b4a9-9f569f25bfd5
Gammons Medical - Royal Oak,CLAIM,in MMC but not in the spine book — add as Tier 2; suggested PL Kristen,,,,PCP,1,1,1.0,0,1,0,0,0,0,0,0,0,0.2,0.0,0.208,1,12,12,2,2026-05-21,2026-05-15,2026-05-15,2026-05-15,133.0,,"Gomez MD, Eliezer (11) placed at Dedicated senior Medical Center Detroit North",bdc2eebd-fa87-437e-8df7-55d457b675ba
Michigan Primary Care & Rheumatology Associates,CLAIM,in MMC but not in the spine book — add as Tier 2; suggested PL Kristen,,,,PCP,1,1,1.0,0,0,1,0,0,0,0,0,0,0.2,0.0,0.208,1,2,2,2,2026-08-21,2026-07-17,2026-07-17,2026-07-17,70.0,,,f55ef1d9-964a-47a5-b453-b675bd1c29f3
8 Mile Chiropractic  Clinic,CLAIM,in MMC but not in the spine book — add as Prospect; suggested PL Kristen,,,,Chiropractic,1,0,0.0,0,0,0,1,0,0,0,0,0,0.5,0.5,0.537,1,1,1,0,,2026-01-22,2026-01-22,,,,,32475429-6c14-4099-91e9-92b563057570
Beaumont Urgent Care - Macomb,CLAIM,in MMC but not in the spine book — add as Prospect; suggested PL Kristen,,,,Urgent care,2,0,0.0,0,0,0,1,1,0,0,0,0,0.3,0.3,0.163,2,1,1,1,2026-03-31,2026-06-02,2026-06-15,,,,,95815d25-928b-44a9-9eab-ebb314264337
Spectrum Legal Services,CLAIM,in MMC but not in the spine book — add as Prospect; suggested PL Kristen,,,,Attorney,1,0,0.0,0,0,0,0,0,0,1,1,0,0.4,0.4,0.426,1,0,2,2,2026-06-17,2026-09-09,2026-09-09,,,,,bfb1b14e-4967-437e-9c59-c55374e64049
Henry Ford Family Medicine - Shelby Twp,CLAIM,in MMC but not in the spine book — add as Prospect; suggested PL Coty,,,,PCP,1,0,0.0,0,0,0,0,1,0,0,0,0,0.2,0.2,0.208,1,6,6,1,2026-04-06,2026-04-14,2026-04-14,,,,,0bdbb3e7-d637-40e2-971a-0a025721f6f0
Chesterfield Family Medicine (Henry Ford),CLAIM,in MMC but not in the spine book — add as Prospect; suggested PL Coty,,,,PCP,1,0,0.0,0,0,0,0,1,0,0,0,0,0.2,0.2,0.208,1,4,4,2,2026-05-19,2026-08-25,2026-08-25,,,,,1275554073
WAYNE WESTLAND PRIMARY AND URGENT CARE,CLAIM,in MMC but not in the spine book — add as Prospect; suggested PL Coty,,,,Urgent care,1,0,0.0,0,0,0,1,0,0,0,0,0,0.2,0.2,0.163,1,1,1,1,2026-09-14,2026-03-10,2026-03-10,,,,,1ca18c41-1362-48d8-b380-171dd9143640
Rochester Medical Center,CLAIM,in MMC but not in the spine book — add as Prospect; suggested PL Coty,,,,PCP,1,0,0.0,0,0,0,1,0,0,0,0,0,0.2,0.2,0.208,1,2,4,0,,2026-06-23,2026-06-23,,,,,4edd495f-6f10-4540-9db1-cb2a762d38b0
"GHAZI, SAMINA A, MEDICAL GROUP",CLAIM,in MMC but not in the spine book — add as Prospect; suggested PL Kristen,,,,PCP,1,0,0.0,0,0,0,1,0,0,0,0,0,0.2,0.2,0.208,1,3,3,1,2026-05-11,2026-07-23,2026-07-23,,,,,53949fba-18e2-4ab7-9005-0978b42e348d
Body Mind Spirit Integrated Health,CLAIM,in MMC but not in the spine book — add as Prospect; suggested PL Kristen,,,,PCP,1,0,0.0,0,0,0,0,0,0,1,0,0,0.2,0.2,0.208,1,1,1,1,2026-05-11,2026-07-20,2026-07-20,,,,,70d0d613-5608-41b6-8a13-3629d775bc6a
Corewell Health Urgent Care - Troy Square Lake,CLAIM,in MMC but not in the spine book — add as Prospect; suggested PL Kristen,,,,Urgent care,1,0,0.0,0,0,0,1,0,0,0,0,0,0.2,0.2,0.163,1,1,1,3,2026-06-04,2026-04-29,2026-04-29,,,,,9987970f-e745-49c3-858e-9412593241a2
Saleh Muslah Medical Center,CLAIM,in MMC but not in the spine book — add as Prospect; suggested PL Kristen,,,,PCP,1,0,0.0,0,0,0,1,0,0,0,0,0,0.2,0.2,0.208,1,1,1,1,2026-04-30,2026-08-06,2026-08-06,,,,,9993f142-7c12-4453-9d67-041ba11dbd5d
NICOLOFF HOLISTIC FAMILY MEDICINE,CLAIM,in MMC but not in the spine book — add as Prospect; suggested PL Kristen,,,,PCP,1,0,0.0,0,0,0,1,0,0,0,1,0,0.2,0.2,0.208,1,1,1,2,2026-06-29,2026-05-29,2026-05-29,,,,,c53a52e1-de9e-438f-87b9-f80c5bf3c183
Warren Urgent Care,CLAIM,in MMC but not in the spine book — add as Prospect; suggested PL Kristen,,,,Urgent care,1,0,0.0,0,0,0,1,0,0,0,0,0,0.2,0.2,0.163,1,2,3,1,2026-04-16,2026-06-15,2026-06-15,,,,,ecbb2f66-1bc0-45b0-a9fa-72913b2703bf
DR TODD PEDIATRICS,CLAIM,"in MMC, sending, not in the book — low-yield type (pediatrics converts at 8%); Prospect at most",,,,Pediatrics,1,0,0.0,0,0,0,1,0,0,0,0,0,0.1,0.1,0.085,1,1,1,1,2026-06-29,2026-05-15,2026-05-15,,,,,4766540b-1aad-4d5c-979d-7adc928bfb0e
GREENFIELD PEDIATRICS,CLAIM,"in MMC, sending, not in the book — low-yield type (pediatrics converts at 8%); Prospect at most",,,,Pediatrics,1,0,0.0,0,0,0,0,0,1,0,0,0,0.1,0.1,0.085,1,3,3,2,2026-05-29,2026-08-05,2026-08-05,,,,,7ecd408b-3b0b-496a-a756-1a75d9a0ffcb
Macomb Foot Ankle Wound Care Center,CLAIM,"in MMC, sending, not in the book — low-yield type (podiatry converts at 0%); Prospect at most",,,,Podiatry,2,0,0.0,0,0,0,1,0,1,0,0,0,0.0,0.0,0.0,2,4,4,1,2026-04-29,2026-03-24,2026-03-31,,,,,80-982-7525
IHA CHERRY HILL VILLAGE PEDIATRICS,CLAIM,"in MMC, sending, not in the book — low-yield type (pediatrics converts at 8%); Prospect at most",,,,Pediatrics,1,0,0.0,0,0,0,1,0,0,0,0,0,0.1,0.1,0.085,1,16,16,1,2026-05-20,2026-02-24,2026-02-24,,,,,899fd1b9-3b4e-408a-9886-a869c1c579d2
Lauren Uroda MD PC,CLAIM,in MMC but not in the spine book — add as Prospect; suggested PL Kristen,,,,Other,1,0,0.0,0,0,0,1,0,0,0,0,0,0.1,0.1,0.143,1,1,1,1,2026-09-29,2026-06-22,2026-06-22,,,,,a22a352a-16c0-43ce-8885-e2c9e5c4a0ac
NEW HORIZON PEDIATRIC CARE- use this one,CLAIM,"in MMC, sending, not in the book — low-yield type (pediatrics converts at 8%); Prospect at most",,,,Pediatrics,1,0,0.0,0,0,0,1,0,0,0,0,0,0.1,0.1,0.085,1,2,2,2,2026-05-28,2026-02-16,2026-02-16,,,,,b3b0eaef-0815-4a91-b231-e5ebeec0eda4
Troy Pediatrics,CLAIM,"in MMC, sending, not in the book — low-yield type (pediatrics converts at 8%); Prospect at most",,,,Pediatrics,1,0,0.0,0,0,0,1,0,0,0,0,0,0.1,0.1,0.085,1,1,1,0,,2026-02-20,2026-02-20,,,,,bc9cfc71-45e3-42dc-ae93-3a7cdaa01807
GOGUE PEDIATRICS,CLAIM,"in MMC, sending, not in the book — low-yield type (pediatrics converts at 8%); Prospect at most",,,,Pediatrics,1,0,0.0,0,0,0,1,0,0,0,0,0,0.1,0.1,0.085,1,3,3,3,2026-10-01,2026-09-17,2026-09-17,,,,,e93c4384-93e5-43ab-a1a5-665529f4411f
G& P Podiatry,CLAIM,"in MMC, sending, not in the book — low-yield type (podiatry converts at 0%); Prospect at most",,,,Podiatry,1,0,0.0,0,0,0,0,1,0,0,0,0,0.0,0.0,0.0,1,2,2,1,2026-05-13,2026-05-29,2026-05-29,,,,,02-183-5668
Family Foot & Ankle Specialist,CLAIM,"in MMC, sending, not in the book — low-yield type (podiatry converts at 0%); Prospect at most",,,,Podiatry,1,0,0.0,0,0,0,0,0,1,0,0,0,0.0,0.0,0.0,1,8,8,3,2026-05-22,2026-05-19,2026-05-19,,,,,1b944dbb-4d2b-4590-a30d-2227bb90bb2e
Eastside Podiatry,CLAIM,"in MMC, sending, not in the book — low-yield type (podiatry converts at 0%); Prospect at most",,,,Podiatry,1,0,0.0,0,0,0,1,0,0,0,0,0,0.0,0.0,0.0,1,2,2,1,2026-04-27,2026-05-07,2026-05-07,,,,,36-154-3205
"George Afram MD,",DORMANT,"5 visit-days since Mar 3, nothing back — re-qualify, or move to Prospect to free visits",Tier 1,Coty,C-A08,PCP,0,0,,0,0,0,0,0,0,0,0,0,0.0,0.0,0.208,0,1,1,5,2026-09-28,,,,,,,1356499800
Osteopathic Health Care Associates,DORMANT,"3 visit-days since Mar 3, nothing back — re-qualify, or move to Prospect to free visits",Tier 2,Coty,C-A06,PCP,0,0,,0,0,0,0,0,0,0,0,0,0.0,0.0,0.208,0,4,4,3,2026-09-30,,,,,,,1891724688
Wayne Primary Care and Walk In,DORMANT,"4 visit-days since Mar 3, nothing back — re-qualify, or move to Prospect to free visits — NB: referrals from its clinicians sit on a sister record (see_also)",Tier 2,Jasmine,J-A08,Urgent care,0,0,,0,0,0,0,0,0,0,0,0,0.0,0.0,0.163,0,1,1,4,2026-09-23,,,,,,"Patel MD, Vijay (1) placed at GARDEN CITY FAMILY PHYSICIANS; PATEL MD, VIJAYKUMAR N (1) placed at GARDEN CITY FAMILY PHYSICIANS",607852d7-cb70-46f8-ac4a-ed6f36b0acf9
UNIVERSITY OF MICHIGAN LIVONIA HEALTH CENTER,DORMANT,"4 visit-days since Mar 3, nothing back — re-qualify, or move to Prospect to free visits",Tier 2,Jasmine,J-A05,PCP,0,0,,0,0,0,0,0,0,0,0,0,0.0,0.0,0.208,0,18,18,4,2026-08-14,,,,,,,fcafa62b-aa2e-4816-b546-f6718ff3ece8
Wayne state Internal Medicine,DORMANT,"3 visit-days since Mar 3, nothing back — re-qualify, or move to Prospect to free visits",Tier 1,Jasmine,J-A03,PCP,0,0,,0,0,0,0,0,0,0,0,0,0.0,0.0,0.208,0,5,6,3,2026-10-05,,,,,,,39af8a2b-3c99-4502-805c-10e5627efc9d
Intensive Pulmonary & Internal Medicine,DORMANT,"5 visit-days since Mar 3, nothing back — re-qualify, or move to Prospect to free visits",Tier 2,Jasmine,J-A06,PCP,0,0,,0,0,0,0,0,0,0,0,0,0.0,0.0,0.208,0,2,2,5,2026-10-08,,,,,,,9eee0ff0-1617-48d1-ab23-cc1eef9a0c5d
"Trinity Health IHA Medical Group, Hospital Medicine",DORMANT,"5 visit-days since Mar 3, nothing back — re-qualify, or move to Prospect to free visits",Tier 2,Jasmine,J-A08,PCP,0,0,,0,0,0,0,0,0,0,0,0,0.0,0.0,0.208,0,1,1,5,2026-10-08,,,,,,,5786e4a9-a5e1-4f0e-8e1a-c8f07c3acec4
Great Lakes Medicine,DORMANT,"3 visit-days since Mar 3, nothing back — re-qualify, or move to Prospect to free visits",Tier 1,Coty,C-A03,PCP,0,0,,0,0,0,0,0,0,0,0,0,0.0,0.0,0.208,0,4,4,3,2026-05-20,,,,,,,a29bc662-1f09-48ea-a1f5-efe24cc01eeb
JOEL WELLNESS CLINIC,DORMANT,"3 visit-days since Mar 3, nothing back — re-qualify, or move to Prospect to free visits",Tier 1,Coty,C-A14,Other,0,0,,0,0,0,0,0,0,0,0,0,0.0,0.0,0.143,0,1,1,3,2026-10-01,,,,,,,6abec30d-30ef-4f35-8e04-85112389bfb1
Western Wayne Family Health Services,DORMANT,not visited since Mar 3 — schedule or drop a tier,Tier 1,Coty,C-A15,PCP,0,0,,0,0,0,0,0,0,0,0,0,0.0,0.0,0.208,0,5,5,0,,,,,,,,64d22f56-785d-4c7c-82b7-633503c2e209
WATERFORD PRIMARY HEALTH SERVICES,DORMANT,not visited since Mar 3 — schedule or drop a tier,Tier 1,Coty,C-A02,PCP,0,0,,0,0,0,0,0,0,0,0,0,0.0,0.0,0.208,0,2,2,0,,,,,,,,aa8fcbbf-8270-44a6-970a-2c658d2d4a7a
Suzanne Romadan MD,DORMANT,not visited since Mar 3 — schedule or drop a tier,Tier 1,Coty,C-A04,PCP,0,0,,0,0,0,0,0,0,0,0,0,0.0,0.0,0.208,0,2,2,0,,,,,,,,15026899-b09b-464e-b26a-4486bbf3eea1
Holistic Chiropractic,DORMANT,1 visit-day(s) since Mar 3 — re-qualify,Tier 1,Coty,C-A14,Chiropractic,0,0,,0,0,0,0,0,0,0,0,0,0.0,0.0,0.537,0,1,1,1,2026-10-01,,,,,,,238493f1-252e-44f0-8f33-c840c2ac0e34
DEARBORN HEIGHTS MEDICAL CENTER,DORMANT,"3 visit-days since Mar 3, nothing back — re-qualify, or move to Prospect to free visits",Tier 1,Coty,C-A15,Other,0,0,,0,0,0,0,0,0,0,0,0,0.0,0.0,0.143,0,2,2,3,2026-07-14,,,,,,,3d95d010-52eb-4841-9316-22220693c3bd
"BINING AND DAS, MEDICAL GROUP",DORMANT,1 visit-day(s) since Mar 3 — re-qualify,Tier 1,Coty,C-A15,PCP,0,0,,0,0,0,0,0,0,0,0,0,0.0,0.0,0.208,0,2,2,1,2026-10-08,,,,,,,68c76237-1e8e-4448-9e8d-a42cbdbedcaf
M-15 Family Medical Center,DORMANT,1 visit-day(s) since Mar 3 — re-qualify,Tier 1,Coty,C-A02,PCP,0,0,,0,0,0,0,0,0,0,0,0,0.0,0.0,0.208,0,5,5,1,2026-04-20,,,,,,,844322a5-4a2c-4d0a-88c7-39ec6ed76c75
McLaren Oakland Internal Medicine - Clarkston,DORMANT,1 visit-day(s) since Mar 3 — re-qualify,Tier 1,Coty,C-A02,PCP,0,0,,0,0,0,0,0,0,0,0,0,0.0,0.0,0.208,0,2,2,1,2026-04-20,,,,,,,9c24b1ab-48f9-4d41-83ff-43d74baa9088
Kidz Care Clinic,DORMANT,not visited since Mar 3 — schedule or drop a tier,Tier 1,Coty,C-A01,Pediatrics,0,0,,0,0,0,0,0,0,0,0,0,0.0,0.0,0.085,0,3,3,0,,,,,,,,da0bd712-1fc8-4693-ae85-c809fe42f765
Tedd March,DORMANT,not visited since Mar 3 — schedule or drop a tier,Tier 1,Coty,C-A16,PCP,0,0,,0,0,0,0,0,0,0,0,0,0.0,0.0,0.208,0,3,3,0,,,,,,,,e1818c9d-7718-4454-ab0c-0a8e8c3b9f7f
Corewell East Area Family Practice - Roseville,DORMANT,2 visit-day(s) since Mar 3 — re-qualify,Tier 2,Coty,C-A08,PCP,0,0,,0,0,0,0,0,0,0,0,0,0.0,0.0,0.208,0,10,11,2,2026-10-06,,,,,,,1073597985
Eastlake Cardiovascular,DORMANT,1 visit-day(s) since Mar 3 — re-qualify,Tier 2,Coty,C-A04,Other,0,0,,0,0,0,0,0,0,0,0,0,0.0,0.0,0.143,0,4,4,1,2026-09-30,,,,,,,22ccde8b-8dd4-4aaa-8db9-5055b09fd895
FAMILY FIRST HEALTHCARE ARMADA,DORMANT,not visited since Mar 3 — schedule or drop a tier,Tier 2,Coty,C-A01,PCP,0,0,,0,0,0,0,0,0,0,0,0,0.0,0.0,0.208,0,4,4,0,,,,,,,,4577fb37-d9fa-4419-b6fb-c03631ab0fb4
"AIRPORT FAMILY PHYSICIANS, LLC",DORMANT,not visited since Mar 3 — schedule or drop a tier,Tier 2,Coty,C-A02,PCP,0,0,,0,0,0,0,0,0,0,0,0,0.0,0.0,0.208,0,3,3,0,,,,,,,,928b1923-108e-4774-8ccd-e9fd13845fbd
Roger D Ajluni MD PC,DORMANT,"4 visit-days since Mar 3, nothing back — re-qualify, or move to Prospect to free visits",Tier 2,Coty,C-A14,PCP,0,0,,0,0,0,0,0,0,0,0,0,0.0,0.0,0.208,0,1,1,4,2026-06-19,,,,,,,a320a856-33fb-458b-8907-d98101fceb1b
1st Choice Urgent Care- Rochester,DORMANT,"3 visit-days since Mar 3, nothing back — re-qualify, or move to Prospect to free visits",Tier 2,Coty,C-A04,Urgent care,0,0,,0,0,0,0,0,0,0,0,0,0.0,0.0,0.163,0,0,0,3,2026-09-30,,,,,,,a86dc162-e205-4e2c-a7ef-b46512dc14ba
"TRUST FAMILY CARE CENTER, PLLC",DORMANT,1 visit-day(s) since Mar 3 — re-qualify,Tier 1,Kristen,K-A26,PCP,0,0,,0,0,0,0,0,0,0,0,0,0.0,0.0,0.208,0,1,1,1,2026-05-19,,,,,,,10524116-5eb6-4e8c-b740-351bf86df478
"WESTERN WAYNE PHYSICIANS, PLC",DORMANT,"3 visit-days since Mar 3, nothing back — re-qualify, or move to Prospect to free visits",Tier 1,Jasmine,J-A10,Other,0,0,,0,0,0,0,0,0,0,0,0,0.0,0.0,0.143,0,3,3,3,2026-10-01,,,,,,,f8ca6ea0-fb53-4992-8eb2-618cc75d56ff
Michigan primary care center/urgent care,DORMANT,2 visit-day(s) since Mar 3 — re-qualify,Tier 2,Jasmine,J-A07,PCP,0,0,,0,0,0,0,0,0,0,0,0,0.0,0.0,0.208,0,1,1,2,2026-09-24,,,,,,,3b12c579-0694-4d99-9a66-96f56d80d5e7
Dynamic Healthcare,DORMANT,2 visit-day(s) since Mar 3 — re-qualify,Tier 2,Jasmine,J-A03,PCP,0,0,,0,0,0,0,0,0,0,0,0,0.0,0.0,0.208,0,2,2,2,2026-06-22,,,,,,,5a20e303-4955-44e6-b500-198952d6dc85
UNIVERSITY PAIN CLINIC ASSOCIATES,DORMANT,not visited since Mar 3 — schedule or drop a tier,Tier 2,Jasmine,J-A03,Pain,0,0,,0,0,0,0,0,0,0,0,0,0.0,0.0,0.286,0,4,4,0,,,,,,,,a3d9f2e6-b3cf-4fda-87e5-1cbd899fa7b6
MICHIGAN PREMIER INTERNISTS,DORMANT,"4 visit-days since Mar 3, nothing back — re-qualify, or move to Prospect to free visits",Tier 1,Kristen,K-A18,PCP,0,0,,0,0,0,0,0,0,0,0,0,0.0,0.0,0.208,0,6,6,4,2026-10-05,,,,,,,1a1e59ec-5621-4caa-a9e9-b4d86b5218e7
White Lake Family Medicine,DORMANT,2 visit-day(s) since Mar 3 — re-qualify,Tier 1,Kristen,K-A07,PCP,0,0,,0,0,0,0,0,0,0,0,0,0.0,0.0,0.208,0,4,4,2,2026-07-21,,,,,,,6f873c6d-498d-4d61-b717-d6648675da4e
Office of Lillman Dwarka MD,DORMANT,"3 visit-days since Mar 3, nothing back — re-qualify, or move to Prospect to free visits",Tier 1,Kristen,K-A12,PCP,0,0,,0,0,0,0,0,0,0,0,0,0.0,0.0,0.208,0,1,1,3,2026-10-07,,,,,,,144c374c-b718-48c1-9b9f-daffbf7ba530
MALI AND MALI PEDIATRICS - use this one,DORMANT,"3 visit-days since Mar 3, nothing back — re-qualify, or move to Prospect to free visits",Tier 1,Kristen,K-A05,Pediatrics,0,0,,0,0,0,0,0,0,0,0,0,0.0,0.0,0.085,0,15,15,3,2026-10-01,,,,,,,2e26f7de-9e76-464a-a322-fbef639b64d7
Middlebelt Medical Center,DORMANT,2 visit-day(s) since Mar 3 — re-qualify,Tier 1,Kristen,K-A24,PCP,0,0,,0,0,0,0,0,0,0,0,0,0.0,0.0,0.208,0,1,1,2,2026-06-29,,,,,,,1235147133
Burhani Medical Center - use this one,DORMANT,1 visit-day(s) since Mar 3 — re-qualify,Tier 1,Kristen,K-A14,PCP,0,0,,0,0,0,0,0,0,0,0,0,0.0,0.0,0.208,0,1,1,1,2026-05-13,,,,,,,3ade325e-79e3-41bc-a8b9-565bcfc77f2c
"METROPOLITAN MEDICAL CENTER, PLLC",DORMANT,1 visit-day(s) since Mar 3 — re-qualify,Tier 1,Kristen,K-A26,PCP,0,0,,0,0,0,0,0,0,0,0,0,0.0,0.0,0.208,0,1,1,1,2026-05-19,,,,,,,44ca23fe-7723-4691-8484-5995f7be8e7e
Clinton Preferred Pediatrics,DORMANT,"4 visit-days since Mar 3, nothing back — re-qualify, or move to Prospect to free visits",Tier 1,Kristen,K-A08,Pediatrics,0,0,,0,0,0,0,0,0,0,0,0,0.0,0.0,0.085,0,2,2,4,2026-10-07,,,,,,,abd1a370-f826-48dd-a800-9a15983f52e8
Core Med  - White Lake,DORMANT,2 visit-day(s) since Mar 3 — re-qualify,Tier 1,Kristen,K-A07,PCP,0,0,,0,0,0,0,0,0,0,0,0,0.0,0.0,0.208,0,4,4,2,2026-07-21,,,,,,,ecbe00dd-1c49-4028-a575-d8852e23deba
Macomb Neurology Associates,DORMANT,2 visit-day(s) since Mar 3 — re-qualify,Tier 1,Kristen,K-A19,Neurology,0,0,,0,0,0,0,0,0,0,0,0,0.0,0.0,0.267,0,2,2,2,2026-10-08,,,,,,,1023090552
Franklin Medical Consultants,DORMANT,"3 visit-days since Mar 3, nothing back — re-qualify, or move to Prospect to free visits",Tier 1,Kristen,K-A18,PCP,0,0,,0,0,0,0,0,0,0,0,0,0.0,0.0,0.208,0,7,7,3,2026-10-05,,,,,,,559bee40-1fa3-437d-9e4b-692838015293
"ALAN L FELDMAN, DO, PC",DORMANT,1 visit-day(s) since Mar 3 — re-qualify,Tier 1,Kristen,K-A09,PCP,0,0,,0,0,0,0,0,0,0,0,0,0.0,0.0,0.208,0,1,1,1,2026-05-26,,,,,,,5d0e63d7-bdd3-445e-a627-ef0ea5dc48f7
Oakland Medical Center,DORMANT,2 visit-day(s) since Mar 3 — re-qualify,Tier 1,Kristen,K-A10,PCP,0,0,,0,0,0,0,0,0,0,0,0,0.0,0.0,0.208,0,3,3,2,2026-10-01,,,,,,,77bba5d4-d050-4705-b292-6e3a8a78dec8
NORTHWAY MEDICAL CENTER,DORMANT,2 visit-day(s) since Mar 3 — re-qualify,Tier 1,Kristen,K-A25,PCP,0,0,,0,0,0,0,0,0,0,0,0,0.0,0.0,0.208,0,6,6,2,2026-05-29,,,,,,,dafed37b-6f1e-43be-91b6-aba048a40332
ASCENSION MACOMB OAKLAND HOSPITAL MOTOR CITY INTERNISTS,DORMANT,"3 visit-days since Mar 3, nothing back — re-qualify, or move to Prospect to free visits",Tier 1,Kristen,K-A17,PCP,0,0,,0,0,0,0,0,0,0,0,0,0.0,0.0,0.208,0,3,3,3,2026-10-08,,,,,,,dc78e75f-e0d1-4c67-8de9-8ea4f13f15a1
Trinity IHA Primary & Urgent Care - South Lyon,DORMANT,1 visit-day(s) since Mar 3 — re-qualify,Tier 1,Kristen,K-A27,PCP,0,0,,0,0,0,0,0,0,0,0,0,0.0,0.0,0.208,0,5,5,1,2026-03-04,,,,,,,efc01329-3254-49cb-8fd4-1a6de92fe5ba
Trinity Medical Center,DORMANT,"3 visit-days since Mar 3, nothing back — re-qualify, or move to Prospect to free visits",Tier 1,Kristen,K-A13,PCP,0,0,,0,0,0,0,0,0,0,0,0,0.0,0.0,0.208,0,1,1,3,2026-10-07,,,,,,,fd916cf0-7e60-4f1d-bf81-a8f9d6051c63
Care Choice LLC,DORMANT,"3 visit-days since Mar 3, nothing back — re-qualify, or move to Prospect to free visits",Tier 2,Kristen,K-A11,PCP,0,0,,0,0,0,0,0,0,0,0,0,0.0,0.0,0.208,0,2,2,3,2026-10-01,,,,,,,ec8b9b1e-8728-4ac2-a391-aa0574a58e5d
Henry Ford Ascension St John Children's Center,DORMANT,"3 visit-days since Mar 3, nothing back — re-qualify, or move to Prospect to free visits",Tier 2,Kristen,K-A05,Pediatrics,0,0,,0,0,0,0,0,0,0,0,0,0.0,0.0,0.085,0,10,10,3,2026-10-01,,,,,,,5d9fc859-61b9-427b-bbc1-d7b47c5c953e
One Health,DORMANT,1 visit-day(s) since Mar 3 — re-qualify,Tier 2,Kristen,K-A27,PCP,0,0,,0,0,0,0,0,0,0,0,0,0.0,0.0,0.208,0,3,3,1,2026-03-04,,,,,,,0daacd4e-c7e1-4704-b9d1-efe7f6b22924
"AMITY INTERNAL MEDICINE, PC - MDVIP",DORMANT,2 visit-day(s) since Mar 3 — re-qualify,Tier 2,Kristen,K-A15,PCP,0,0,,0,0,0,0,0,0,0,0,0,0.0,0.0,0.208,0,1,1,2,2026-07-08,,,,,,,2017eed7-ed9d-4f91-9331-1ef38e38e724
Schoenherr Internal Medicine,DORMANT,"4 visit-days since Mar 3, nothing back — re-qualify, or move to Prospect to free visits",Tier 2,Kristen,K-A12,PCP,0,0,,0,0,0,0,0,0,0,0,0,0.0,0.0,0.208,0,1,2,4,2026-09-08,,,,,,,a92c6a22-db49-4fd2-b6ea-8c9411430f92
Chander Kanta MD,DORMANT,not visited since Mar 3 — schedule or drop a tier,Tier 2,Kristen,K-A23,PCP,0,0,,0,0,0,0,0,0,0,0,0,0.0,0.0,0.208,0,1,1,0,,,,,,,,1558467373
LIVONIA MEDICAL CLINIC,DORMANT,2 visit-day(s) since Mar 3 — re-qualify,Tier 2,Kristen,K-A24,PCP,0,0,,0,0,0,0,0,0,0,0,0,0.0,0.0,0.208,0,1,1,2,2026-06-29,,,,,,,591f9466-d788-4dd1-bb39-dcafc7382eba
Maplecrest Medical Urgent Care,DORMANT,2 visit-day(s) since Mar 3 — re-qualify,Tier 2,Kristen,K-A13,Urgent care,0,0,,0,0,0,0,0,0,0,0,0,0.0,0.0,0.163,0,2,2,2,2026-06-04,,,,,,,65b1fbb3-7ede-4c04-85dd-5d6d03be8a00
Priority Medical Center,DORMANT,1 visit-day(s) since Mar 3 — re-qualify,Tier 2,Kristen,K-A23,PCP,0,0,,0,0,0,0,0,0,0,0,0,0.0,0.0,0.208,0,6,6,1,2026-05-19,,,,,,,9d8474e5-a7b6-465e-b626-81635fd4f242
Port Huron Family Care,DORMANT,2 visit-day(s) since Mar 3 — re-qualify,Tier 2,Kristen,K-A02,PCP,0,0,,0,0,0,0,0,0,0,0,0,0.0,0.0,0.208,0,2,2,2,2026-06-25,,,,,,,c0e14de4-64b6-4e13-9f94-68c10bb21212
Shelby Pediatric Associates & Child Lung Center,DORMANT,2 visit-day(s) since Mar 3 — re-qualify,Tier 2,Kristen,K-A06,Pediatrics,0,0,,0,0,0,0,0,0,0,0,0,0.0,0.0,0.085,0,12,14,2,2026-06-22,,,,,,,cbb6770d-0a7e-4610-a0a9-34566000818b
SG PEDIATRICS,DORMANT,"3 visit-days since Mar 3, nothing back — re-qualify, or move to Prospect to free visits",Tier 2,Kristen,K-A20,Pediatrics,0,0,,0,0,0,0,0,0,0,0,0,0.0,0.0,0.085,0,1,1,3,2026-09-01,,,,,,,d8ff1cd2-2381-49b9-888e-735fa62b95bc
Pioneer Medical Associates,DORMANT,"4 visit-days since Mar 3, nothing back — re-qualify, or move to Prospect to free visits",Tier 2,Kristen,K-A17,PCP,0,0,,0,0,0,0,0,0,0,0,0,0.0,0.0,0.208,0,11,12,4,2026-08-28,,,,,,,da5f0c30-6e43-4e83-ad66-93022143dd8d
Marshall Family Chiropractic,DORMANT,2 visit-day(s) since Mar 3 — re-qualify,Tier 2,Kristen,K-A03,Chiropractic,0,0,,0,0,0,0,0,0,0,0,0,0.0,0.0,0.537,0,2,2,2,2026-06-09,,,,,,,eeac8d57-c925-4436-bff5-153a7bd2a384
Imlay City Family Practice,DORMANT,2 visit-day(s) since Mar 3 — re-qualify,Tier 2,Kristen,K-A01,PCP,0,0,,0,0,0,0,0,0,0,0,0,0.0,0.0,0.208,0,5,5,2,2026-06-02,,,,,,,7ae80a42-d910-4617-8771-09fa8c95c4fc
Oak Street Health - Pontiac,DORMANT,1 visit-day(s) since Mar 3 — re-qualify,Tier 2,Kristen,K-A07,PCP,0,0,,0,0,0,0,0,0,0,0,0,0.0,0.0,0.208,0,6,6,1,2026-05-15,,,,,,,cd8b866d-11d1-48a3-a982-19f2b245445f
NORLIVO INTERNAL MEDICINE,WATCH,"Tier 1, 3 spine in H1, none since Jul 1 — a check-in, not a verdict",Tier 1,Jasmine,J-A05,Orthopedic,11,3,0.273,1,2,0,4,4,0,0,0,0,5.0,2.0,0.453,1,2,2,6,2026-09-28,2026-02-24,2026-07-31,2026-05-04,144.0,,,74262c96-dd4b-4b92-acd7-c43ebba4c04f
Premier Medicine Medical Center - Livonia,WATCH,"Tier 1, 3 spine in H1, none since Jul 1 — a check-in, not a verdict",Tier 1,Jasmine,J-A05,Urgent care,10,3,0.3,2,1,0,6,0,0,1,2,0,1.6,0.0,0.163,5,11,11,6,2026-09-17,2026-01-13,2026-08-12,2026-04-22,156.0,,,13842362-6701-47f3-95cc-140ea17bd264
MNP,WATCH,"Tier 1, 2 spine in H1, none since Jul 1 — a check-in, not a verdict",Tier 1,Kristen,K-A06,PCP,13,2,0.154,0,2,0,11,0,0,0,0,0,2.7,0.7,0.208,1,1,1,3,2026-09-08,2026-01-27,2026-08-07,2026-05-12,136.0,,,40477f1c-8f50-4f86-8e7e-a5431b7f2fe6
Faith Internal Medicine & Urgent Care,WATCH,"Tier 1, 2 spine in H1, none since Jul 1 — a check-in, not a verdict",Tier 1,Coty,C-A14,PCP,13,2,0.154,0,2,0,7,2,2,0,0,0,2.7,0.7,0.208,2,2,2,8,2026-10-01,2026-01-22,2026-09-02,2026-04-21,157.0,,,677326d2-4ba2-4a49-a6f1-e7633a9a8401
Hermann Banks MD PC,WATCH,"Tier 1, 3 spine in H1, none since Jul 1 — a check-in, not a verdict",Tier 1,Kristen,K-A28,Neurology,3,3,1.0,1,2,0,0,0,0,0,0,0,0.8,0.0,0.267,1,1,1,5,2026-09-16,2026-03-04,2026-06-29,2026-06-29,88.0,,,31597599-5a74-4f7a-8cb0-0ebbb4b41303
Vanstone Injury Law,WATCH,"Tier 1, 2 spine in H1, none since Jul 1 — a check-in, not a verdict",Tier 1,Kristen,Phone cadence,Attorney,6,2,0.333,1,1,0,2,0,0,1,6,2,2.6,0.6,0.426,2,0,4,1,2026-08-05,2026-01-09,2026-07-13,2026-05-07,141.0,,,5ffbe2ff-83ec-4e24-8d4f-4071334a9c5c
Michigan Compassionate Care,WATCH,"Tier 1, 2 spine in H1, none since Jul 1 — a check-in, not a verdict",Tier 1,Kristen,K-A17,PCP,10,2,0.2,2,0,0,6,1,1,0,0,0,2.1,0.1,0.208,2,2,2,4,2026-10-08,2026-01-13,2026-05-11,2026-02-11,226.0,,,33d0c0aa-7d47-450d-9673-71acb651321c
Brentwood Pediatric Associates,WATCH,Tier 1 with one spine referral in 2026 — confirm the tier is earned,Tier 1,Kristen,K-A24,Pediatrics,18,1,0.056,1,0,0,7,8,2,0,0,0,1.5,0.5,0.085,4,4,4,4,2026-09-11,2026-02-25,2026-09-23,2026-03-31,178.0,,,9dfbaa38-07b2-4017-9d71-ff4cd2ce42f7
Village Medical - Livonia,WATCH,"Tier 1, 2 spine in H1, none since Jul 1 — a check-in, not a verdict",Tier 1,Kristen,K-A24,PCP,7,2,0.286,2,0,0,3,1,0,1,0,0,1.5,0.0,0.208,6,10,10,4,2026-09-11,2026-02-04,2026-06-26,2026-03-30,179.0,,,e3d707da-675d-4d7c-9356-2f53ec4d8a2e
Port Huron Medicine Associates,WATCH,Tier 1 with one spine referral in 2026 — confirm the tier is earned,Tier 1,Kristen,K-A03,PCP,10,1,0.1,1,0,0,9,0,0,0,0,0,2.1,1.1,0.208,4,8,8,3,2026-09-18,2026-01-06,2026-09-03,2026-01-27,241.0,,,1245235654
Henry Ford Health - Family Medicine 8 Mile Livonia,WATCH,Tier 1 with one spine referral in 2026 — confirm the tier is earned,Tier 1,Kristen,K-A24,PCP,10,1,0.1,0,0,1,4,4,0,1,0,0,2.1,1.1,0.208,7,10,10,4,2026-09-16,2026-02-18,2026-09-23,2026-09-03,22.0,,,22476694-35cd-4d2b-b17f-07cee1f1db4b
MedPro Primary Care,WATCH,"Tier 1, 2 spine in H1, none since Jul 1 — a check-in, not a verdict",Tier 1,Kristen,K-A21,Urgent care,6,2,0.333,2,0,0,3,1,0,0,0,0,1.0,0.0,0.163,4,8,8,3,2026-08-26,2026-02-11,2026-07-17,2026-03-05,204.0,,,eebb725b-b031-43b9-a3d7-bfa83d77bc18
Macomb Physicians Group,WATCH,Tier 1 with one spine referral in 2026 — confirm the tier is earned,Tier 1,Coty,C-A06,PCP,10,1,0.1,0,1,0,8,1,0,0,0,0,2.1,1.1,0.208,4,11,11,6,2026-09-08,2026-01-09,2026-07-30,2026-04-29,149.0,,,fdefbf3e-907d-4d68-bbd3-2d70f4818b7a
The Family Doctor,WATCH,"Tier 1, 2 spine in H1, none since Jul 1 — a check-in, not a verdict",Tier 1,Coty,C-A06,PCP,5,2,0.4,0,2,0,2,0,1,0,0,0,1.0,0.0,0.208,2,4,6,6,2026-09-29,2026-04-14,2026-08-31,2026-05-14,134.0,,,23a703a6-5bde-4887-845c-b78a61128817
"Trinity Health IHA Medical Group, Primary Care - Southeast Livonia",WATCH,"Tier 1, 2 spine in H1, none since Jul 1 — a check-in, not a verdict",Tier 1,Jasmine,J-A07,PCP,5,2,0.4,1,1,0,2,1,0,0,1,1,1.0,0.0,0.208,4,6,7,6,2026-09-28,2026-02-20,2026-08-06,2026-04-02,176.0,,,6b70f9d5-4063-4208-85f4-1d780fabaacc
Village Medical Farmington,WATCH,"Tier 1, 2 spine in H1, none since Jul 1 — a check-in, not a verdict",Tier 1,Kristen,K-A22,PCP,5,2,0.4,2,0,0,2,0,0,1,0,0,1.0,0.0,0.208,3,7,8,2,2026-08-19,2026-01-22,2026-05-21,2026-03-26,183.0,,,8a6ae159-0242-4272-b933-bd11fc117733
Ryan Medical Associates,WATCH,"Tier 1, 2 spine in H1, none since Jul 1 — a check-in, not a verdict",Tier 1,Kristen,K-A23,PCP,5,2,0.4,1,1,0,2,0,1,0,0,0,1.0,0.0,0.208,3,4,4,5,2026-10-08,2026-01-12,2026-09-01,2026-04-07,171.0,,,c88f05f1-5992-43b0-947c-469a44a0feef
Powers Family Medicine,WATCH,"Tier 1, 2 spine in H1, none since Jul 1 — a check-in, not a verdict",Tier 1,Kristen,K-A22,PCP,4,2,0.5,0,2,0,1,1,0,0,0,0,0.8,0.0,0.208,2,3,3,3,2026-08-19,2026-03-24,2026-09-16,2026-04-20,158.0,,,00-761-7874
"TENNY INTERNAL MEDICINE, PLLC",WATCH,"Tier 1, 2 spine in H1, none since Jul 1 — a check-in, not a verdict",Tier 1,Jasmine,J-A10,PCP,4,2,0.5,0,2,0,0,2,0,0,0,0,0.8,0.0,0.208,3,4,4,3,2026-09-24,2026-04-21,2026-05-20,2026-05-06,142.0,,,3effe9bc-8576-4eee-ba7e-9bf99eb7d1fa
Carson Center Specialty,WATCH,"Tier 1, 2 spine in H1, none since Jul 1 — a check-in, not a verdict",Tier 1,Kristen,K-A18,PCP,4,2,0.5,2,0,0,2,0,0,0,0,0,0.8,0.0,0.208,1,1,1,4,2026-09-29,2026-01-12,2026-09-03,2026-02-03,234.0,,,fe708f7e-ac39-4cb4-91fb-ef244909b360
Brigid Healthcare,WATCH,"Tier 1, 2 spine in H1, none since Jul 1 — a check-in, not a verdict",Tier 1,Kristen,K-A10,PCP,3,2,0.667,1,1,0,1,0,0,0,1,1,0.6,0.0,0.208,1,2,2,3,2026-09-14,2026-01-22,2026-04-17,2026-04-17,161.0,,,63bf16ad-3645-45fb-8f1d-e1eb3a131efc
Chronic Pain Institute,WATCH,"Tier 1, 2 spine in H1, none since Jul 1 — a check-in, not a verdict",Tier 1,Coty,C-A06,Pain,2,2,1.0,0,2,0,0,0,0,0,0,0,0.6,0.0,0.286,1,1,1,2,2026-06-02,2026-06-23,2026-06-30,2026-06-30,87.0,,,11ed7e07-a278-4fda-90ea-e3baede80121
Grand River Medical Associates,WATCH,"Tier 1, 2 spine in H1, none since Jul 1 — a check-in, not a verdict",Tier 1,Jasmine,J-A01,PCP,2,2,1.0,0,2,0,0,0,0,0,0,0,0.4,0.0,0.208,1,2,2,3,2026-10-02,2026-06-23,2026-06-30,2026-06-30,87.0,,,218209bd-0e83-4585-b5e7-1455814e77b1
"FARMINGTON HILLS  FAMILY PHYSICIANS, PLLC",WATCH,"Tier 1, 2 spine in H1, none since Jul 1 — a check-in, not a verdict",Tier 1,Kristen,K-A16,PCP,2,2,1.0,2,0,0,0,0,0,0,0,0,0.4,0.0,0.208,1,1,1,2,2026-08-19,2026-01-05,2026-02-24,2026-02-24,213.0,,,cc6d8767-1fad-4a5b-b658-38a67ea47a1c
"PILLAY INTERNAL MEDICINE ASSOCIATES, PLLC",WATCH,Tier 1 with one spine referral in 2026 — confirm the tier is earned,Tier 1,Kristen,K-A20,PCP,8,1,0.125,0,1,0,0,0,0,7,0,0,1.7,0.7,0.208,2,3,3,3,2026-09-15,2026-02-25,2026-08-19,2026-06-03,114.0,,,f5f4f354-94f3-42a1-a3be-10f8a64cdaae
"FERRIS, MARY C, MEDICAL GROUP",WATCH,Tier 1 with one spine referral in 2026 — confirm the tier is earned,Tier 1,Kristen,K-A17,PCP,7,1,0.143,1,0,0,6,0,0,0,2,1,1.5,0.5,0.208,1,1,1,5,2026-10-08,2026-01-26,2026-07-09,2026-03-19,190.0,,,a5a045ce-889d-4018-81f5-3fd8d3d7af6b
Village Medical - Northville West,WATCH,Tier 1 with one spine referral in 2026 — confirm the tier is earned,Tier 1,Kristen,K-A20,PCP,6,1,0.167,0,1,0,4,0,0,1,0,0,1.2,0.2,0.208,3,7,7,3,2026-09-02,2026-01-12,2026-08-24,2026-05-18,130.0,,,1255345930
Office of Steven Trombly MD,WATCH,Tier 1 with one spine referral in 2026 — confirm the tier is earned,Tier 1,Coty,C-A10,PCP,6,1,0.167,0,1,0,5,0,0,0,0,0,1.2,0.2,0.208,1,1,1,5,2026-09-30,2026-01-07,2026-06-29,2026-04-14,164.0,,,1407867815
Oakland Primary Care,WATCH,Tier 1 with one spine referral in 2026 — confirm the tier is earned,Tier 1,Coty,C-A11,PCP,6,1,0.167,0,1,0,4,0,0,0,0,0,1.2,0.2,0.208,3,14,14,4,2026-09-29,2026-01-08,2026-06-15,2026-06-15,102.0,,,1952660706
Henry Ford Primary Care - Orchard Lake Road North,WATCH,Tier 1 with one spine referral in 2026 — confirm the tier is earned,Tier 1,Kristen,K-A22,PCP,6,1,0.167,0,0,1,3,1,1,0,1,0,1.2,0.2,0.208,3,4,4,2,2026-08-13,2026-01-02,2026-08-11,2026-07-01,86.0,,,960ab807-be26-45c0-bbf9-135ef0a45ae0
Providence Park Pediatrics - Novi,WATCH,Tier 1 with one spine referral in 2026 — confirm the tier is earned,Tier 1,Kristen,K-A20,Pediatrics,8,1,0.125,1,0,0,2,3,0,0,0,0,0.7,0.0,0.085,6,12,12,4,2026-09-25,2026-01-29,2026-09-25,2026-01-29,239.0,,,9db7de95-514d-45c7-8a73-449a08d1d590
"DEARBORN FAMILY CLINIC, PC",WATCH,Tier 1 with one spine referral in 2026 — confirm the tier is earned,Tier 1,Jasmine,J-A10,Orthopedic,3,1,0.333,1,0,0,1,0,1,0,0,0,1.4,0.4,0.453,2,6,6,3,2026-10-01,2026-01-05,2026-04-15,2026-01-22,246.0,,,a7a3d5c1-7a49-46bc-b9ad-08cbe9188e80
Premier Pediatrics Dearborn Heights,WATCH,Tier 1 with one spine referral in 2026 — confirm the tier is earned,Tier 1,Kristen,K-A30,Pediatrics,7,1,0.143,0,0,1,4,2,0,0,1,1,0.6,0.0,0.085,1,4,4,3,2026-09-16,2026-01-22,2026-09-25,2026-07-29,58.0,,,bb55a71e-e12b-49be-9449-435cdc38cca4
Primal Recovery and PT,WATCH,Tier 1 with one spine referral in 2026 — confirm the tier is earned,Tier 1,Kristen,K-A28,PT,6,1,0.167,0,0,1,5,0,0,0,0,0,1.1,0.1,0.18,1,2,2,4,2026-10-07,2026-04-13,2026-07-28,2026-07-28,59.0,,,d7144e2d-aac6-4f68-a775-78db28d6b445
Ross Gilders Law,WATCH,Tier 1 with one spine referral in 2026 — confirm the tier is earned,Tier 1,Kristen,Phone cadence,Attorney,3,1,0.333,0,1,0,2,0,0,0,2,1,1.3,0.3,0.426,2,0,2,3,2026-08-25,2026-01-12,2026-05-29,2026-05-04,144.0,,,26a4f321-2be3-4d5d-8cf6-335d1fd38f12
Sam Bernstein Law,WATCH,Tier 1 with one spine referral in 2026 — confirm the tier is earned,Tier 1,Kristen,Phone cadence,Attorney,3,1,0.333,0,0,1,1,0,0,0,3,1,1.3,0.3,0.426,1,0,4,10,2026-07-09,2026-03-27,2026-07-22,2026-07-22,65.0,,,763b439e-f902-4c9a-b7a7-345cf16d00e0
Legacy Family Medicine,WATCH,Tier 1 with one spine referral in 2026 — confirm the tier is earned,Tier 1,Kristen,K-A12,PCP,5,1,0.2,0,0,1,4,0,0,0,0,0,1.0,0.0,0.208,1,2,2,3,2026-09-08,2026-01-09,2026-09-03,2026-09-03,22.0,,,1558340356
Henry Ford Macomb Internal Medicine,WATCH,Tier 1 with one spine referral in 2026 — confirm the tier is earned,Tier 1,Coty,C-A06,PCP,5,1,0.2,1,0,0,3,1,0,0,0,0,1.0,0.0,0.208,2,4,4,4,2026-09-29,2026-01-27,2026-07-22,2026-03-25,184.0,,,1841213436
BEAUMONT FAMILY MEDICINE BELLEVILLE,WATCH,Tier 1 with one spine referral in 2026 — confirm the tier is earned,Tier 1,Jasmine,J-A11,PCP,5,1,0.2,0,1,0,3,0,0,1,1,1,1.0,0.0,0.208,2,11,11,5,2026-10-06,2026-04-27,2026-05-18,2026-05-07,141.0,,,61a031d7-889d-4b90-8391-8647f4be87ec
Freedom Medical Clinic (Trinity),WATCH,Tier 1 with one spine referral in 2026 — confirm the tier is earned,Tier 1,Jasmine,J-A05,PCP,5,1,0.2,0,0,1,1,1,1,1,0,0,1.0,0.0,0.208,3,8,9,7,2026-09-28,2026-02-23,2026-09-01,2026-09-01,24.0,,,e0d8c74a-31fe-4da6-9aa4-6a2357088b6a
EPIC Southfield - Telegraph Rd office,WATCH,Tier 1 with one spine referral in 2026 — confirm the tier is earned,Tier 1,Coty,C-A09,PCP,5,1,0.2,1,0,0,4,0,0,0,0,0,1.0,0.0,0.208,2,11,11,5,2026-10-07,2026-03-26,2026-07-27,2026-03-26,183.0,,,e9338159-c4f0-4329-a188-50fd3d8a5ddb
Legend Health - Now One Health,WATCH,Tier 1 with one spine referral in 2026 — confirm the tier is earned,Tier 1,Kristen,K-A18,PCP,4,1,0.25,0,0,1,0,1,2,0,0,0,0.8,0.0,0.208,3,6,7,5,2026-09-29,2026-02-17,2026-08-05,2026-08-05,51.0,,,078d2fa6-e81c-41d1-95f2-04234d511192
Eastpointe Family Physicians,WATCH,Tier 1 with one spine referral in 2026 — confirm the tier is earned,Tier 1,Jasmine,J-A03,PCP,4,1,0.25,1,0,0,2,0,0,1,1,1,0.8,0.0,0.208,2,4,4,7,2026-10-05,2026-01-29,2026-05-15,2026-03-31,178.0,,,1578685921
Northpointe Pediatrics,WATCH,Tier 1 with one spine referral in 2026 — confirm the tier is earned,Tier 1,Kristen,K-A12,Pediatrics,4,1,0.25,1,0,0,3,0,0,0,0,0,0.3,0.0,0.085,3,12,12,4,2026-10-08,2026-01-20,2026-03-04,2026-01-20,248.0,,,31b0544c-cc2c-4479-9df9-b11748ecefc7
Henry Ford Health Medical Center - Seven Mile Road,WATCH,Tier 1 with one spine referral in 2026 — confirm the tier is earned,Tier 1,Kristen,K-A24,PCP,4,1,0.25,0,1,0,0,1,0,2,0,0,0.8,0.0,0.208,2,2,2,4,2026-09-11,2026-05-05,2026-07-13,2026-05-05,143.0,,,44019f00-063b-4cdc-83d9-96ee51f8c6e3
Trinity IHA Primary Care - Schoolcraft Campus,WATCH,Tier 1 with one spine referral in 2026 — confirm the tier is earned,Tier 1,Kristen,K-A24,PCP,4,1,0.25,0,0,1,3,0,0,0,0,0,0.8,0.0,0.208,2,10,10,4,2026-09-11,2026-01-06,2026-08-31,2026-08-31,25.0,,,4b1cacba-85fb-4f63-8660-c3314cf72677
Henry Ford Warren Family Physicians,WATCH,Tier 1 with one spine referral in 2026 — confirm the tier is earned,Tier 1,Kristen,K-A12,PCP,4,1,0.25,1,0,0,1,1,0,1,0,0,0.8,0.0,0.208,3,6,6,3,2026-08-26,2026-01-20,2026-05-08,2026-02-27,210.0,,,6771a475-3022-40fd-9db9-b8e0291f7082
Epic Primary Care - Ferndale,WATCH,Tier 1 with one spine referral in 2026 — confirm the tier is earned,Tier 1,Coty,C-A12,PCP,4,1,0.25,0,1,0,3,0,0,0,0,0,0.8,0.0,0.208,2,11,11,4,2026-10-02,2026-02-20,2026-05-05,2026-04-10,168.0,,,8d70ed21-9cc0-4e04-a934-e01ab1155823
A1 Family Medicine,WATCH,Tier 1 with one spine referral in 2026 — confirm the tier is earned,Tier 1,Jasmine,J-A09,PCP,4,1,0.25,0,1,0,3,0,0,0,0,0,0.8,0.0,0.208,1,1,1,10,2026-10-01,2026-02-03,2026-09-14,2026-06-16,101.0,,,b1a9167c-0bb6-47bd-b50a-ff18a973875f
"MARY LEE, MD, PC",WATCH,Tier 1 with one spine referral in 2026 — confirm the tier is earned,Tier 1,Kristen,K-A14,PCP,4,1,0.25,0,1,0,0,0,0,3,0,0,0.8,0.0,0.208,1,1,1,3,2026-09-10,2026-01-28,2026-08-11,2026-04-01,177.0,,,d62a30ae-10fe-4408-a2cc-7b0aa9422bb8
Corewell Health-East,WATCH,Tier 1 with one spine referral in 2026 — confirm the tier is earned,Tier 1,Kristen,K-A13,PCP,3,1,0.333,1,0,0,1,1,0,0,0,0,0.6,0.0,0.208,1,3,3,3,2026-08-26,2026-02-25,2026-08-07,2026-02-25,212.0,,,04ad9387-b1fe-45cd-bd14-73188de8e04a
Cornerstone Internal Medicine,WATCH,Tier 1 with one spine referral in 2026 — confirm the tier is earned,Tier 1,Coty,C-A06,PCP,3,1,0.333,1,0,0,1,1,0,0,0,0,0.6,0.0,0.208,2,3,3,0,,2026-03-18,2026-09-08,2026-03-18,191.0,,,1124006333
Grace Medical of Troy,WATCH,Tier 1 with one spine referral in 2026 — confirm the tier is earned,Tier 1,Kristen,K-A10,PCP,3,1,0.333,0,0,1,1,1,0,0,0,0,0.6,0.0,0.208,1,1,1,3,2026-10-01,2026-08-18,2026-09-15,2026-09-09,16.0,,,1639490493
Berkley Urgent Care,WATCH,Tier 1 with one spine referral in 2026 — confirm the tier is earned,Tier 1,Kristen,K-A15,Urgent care,3,1,0.333,0,1,0,0,1,1,0,0,0,0.5,0.0,0.163,1,7,7,4,2026-09-10,2026-04-23,2026-08-31,2026-04-23,155.0,,,1774d7c7-2d8b-42c6-9dac-78c2a9cf3ed8
Urgent Care Family,WATCH,Tier 1 with one spine referral in 2026 — confirm the tier is earned,Tier 1,Coty,C-A10,Urgent care,3,1,0.333,0,0,1,1,0,1,0,0,0,0.5,0.0,0.163,2,2,2,6,2026-10-02,2026-06-23,2026-09-09,2026-07-22,65.0,,,235de96a-2ae5-47a2-bf9a-8379e846684a
Henry Ford St. John Center for Wellness,WATCH,Tier 1 with one spine referral in 2026 — confirm the tier is earned,Tier 1,Coty,C-A11,PCP,3,1,0.333,0,1,0,1,0,1,0,0,0,0.6,0.0,0.208,1,4,5,9,2026-09-28,2026-05-15,2026-05-18,2026-05-18,130.0,,,5e640eee-6b5a-442a-8222-bd81d0a228ec
Corewell Internal Medicine - Family Practice DEARBORN HEIGHTS,WATCH,Tier 1 with one spine referral in 2026 — confirm the tier is earned,Tier 1,Kristen,K-A28,PCP,3,1,0.333,0,0,1,1,1,0,0,0,0,0.6,0.0,0.208,3,6,6,4,2026-09-16,2026-08-03,2026-08-11,2026-08-11,45.0,,,88431ac1-44b1-4daf-a322-1fb70f0223f1
Michigan family wellness,WATCH,Tier 1 with one spine referral in 2026 — confirm the tier is earned,Tier 1,Jasmine,J-A09,Pain,3,1,0.333,0,1,0,1,1,0,0,1,0,0.9,0.0,0.286,2,4,4,5,2026-10-01,2026-04-01,2026-09-01,2026-04-01,177.0,,,99d4fe31-7800-4760-b438-523fa51d9e6b
Prism Medical Group - Family Medicine Ste 240,WATCH,Tier 1 with one spine referral in 2026 — confirm the tier is earned,Tier 1,Coty,C-A04,PCP,3,1,0.333,0,0,1,0,1,1,0,0,0,0.6,0.0,0.208,2,5,5,4,2026-09-22,2026-01-21,2026-08-31,2026-08-31,25.0,,,b95fc8ff-585a-4d2e-9aae-c2ea0fd1b50c
Plymouth physical therapy services,WATCH,Tier 1 with one spine referral in 2026 — confirm the tier is earned,Tier 1,Jasmine,J-A07,PT,3,1,0.333,0,1,0,2,0,0,0,0,0,0.5,0.0,0.18,2,1,9,5,2026-09-30,2026-06-10,2026-09-18,2026-06-10,107.0,,,cd5ff85f-ef03-49bb-bf33-ee98e3b500ec
Yale Family Care,WATCH,Tier 1 with one spine referral in 2026 — confirm the tier is earned,Tier 1,Kristen,K-A01,PCP,2,1,0.5,0,1,0,1,0,0,0,0,0,0.4,0.0,0.208,1,1,1,3,2026-09-21,2026-04-14,2026-06-04,2026-04-14,164.0,,,03bf4090-11b2-4f44-94a5-662885cce913
LIVINGSTON PEDIATRICS CENTER,WATCH,Tier 1 with one spine referral in 2026 — confirm the tier is earned,Tier 1,Coty,C-A07,Orthopedic,2,1,0.5,0,0,1,1,0,0,0,0,0,0.9,0.0,0.453,1,1,1,0,,2026-07-30,2026-08-03,2026-07-30,57.0,,,0abe56b9-ecf8-4706-9f08-0290ed41462d
Henry Ford Medical Center - East Jefferson,WATCH,Tier 1 with one spine referral in 2026 — confirm the tier is earned,Tier 1,Kristen,K-A19,PCP,2,1,0.5,0,1,0,1,0,0,0,0,0,0.4,0.0,0.208,1,6,6,2,2026-09-17,2026-01-09,2026-06-01,2026-06-01,116.0,,,1043384555
Henry Ford Main Internal Medicine - Grosse Pointe,WATCH,Tier 1 with one spine referral in 2026 — confirm the tier is earned,Tier 1,Kristen,K-A26,PCP,2,1,0.5,0,1,0,0,0,0,1,0,0,0.4,0.0,0.208,2,20,20,4,2026-09-24,2026-04-21,2026-09-10,2026-04-21,157.0,,,1073593174
Associates in Family Practice,WATCH,Tier 1 with one spine referral in 2026 — confirm the tier is earned,Tier 1,Kristen,K-A06,PCP,2,1,0.5,0,1,0,0,1,0,0,0,0,0.4,0.0,0.208,1,14,15,4,2026-10-08,2026-03-17,2026-04-20,2026-04-20,158.0,,,1205856432
Preferred Medical Group,WATCH,Tier 1 with one spine referral in 2026 — confirm the tier is earned,Tier 1,Coty,C-A12,Orthopedic,2,1,0.5,1,0,0,1,0,0,0,0,0,0.9,0.0,0.453,2,9,9,9,2026-10-02,2026-03-24,2026-06-25,2026-03-24,185.0,,,1356443600
Wigod & Falzon,WATCH,Tier 1 with one spine referral in 2026 — confirm the tier is earned,Tier 1,Kristen,Phone cadence,Attorney,2,1,0.5,0,1,0,0,0,0,1,2,1,0.9,0.0,0.426,2,0,6,6,2026-09-28,2026-06-17,2026-08-12,2026-06-17,100.0,,,1da57554-aa50-483a-b1a8-060ff843ff7c
Lakewood Primary Care,WATCH,Tier 1 with one spine referral in 2026 — confirm the tier is earned,Tier 1,Kristen,K-A06,PCP,2,1,0.5,0,0,1,1,0,0,0,0,0,0.4,0.0,0.208,1,2,2,4,2026-10-08,2026-08-05,2026-09-17,2026-08-05,51.0,,,39254718-ba1d-4862-adfb-cd292a8eda27
Corewell Internal Medicine Southfield,WATCH,Tier 1 with one spine referral in 2026 — confirm the tier is earned,Tier 1,Kristen,K-A16,PCP,2,1,0.5,0,1,0,0,1,0,0,0,0,0.4,0.0,0.208,2,11,11,4,2026-09-29,2026-04-21,2026-08-25,2026-04-21,157.0,,,5eb6a409-5e7b-430f-a462-af3a919cfc22
Restorative Physical Medicine - Brighton,WATCH,Tier 1 with one spine referral in 2026 — confirm the tier is earned,Tier 1,Coty,C-A07,Orthopedic,2,1,0.5,0,0,1,0,0,1,0,0,0,0.9,0.0,0.453,2,9,9,0,,2026-07-23,2026-08-24,2026-08-24,32.0,,,664225f4-387f-4458-bce4-0fe6ff18f13e
SHEIKH MEDICAL CENTER,WATCH,Tier 1 with one spine referral in 2026 — confirm the tier is earned,Tier 1,Kristen,K-A22,PCP,2,1,0.5,0,1,0,1,0,0,0,0,0,0.4,0.0,0.208,2,4,4,2,2026-08-19,2026-05-21,2026-06-12,2026-06-12,105.0,,,7c32d0b4-c83f-4756-924c-9c8c74996a39
Steinberg Law Firm,WATCH,Tier 1 with one spine referral in 2026 — confirm the tier is earned,Tier 1,Kristen,Phone cadence,Attorney,2,1,0.5,1,0,0,0,0,0,0,2,1,0.9,0.0,0.426,1,0,1,3,2026-09-29,2026-02-09,2026-02-13,2026-02-13,224.0,,,8f912f3f-f54b-4694-984f-06c26dcbe2a8
HENRY FORD MEDICAL CENTER FARMINGTON ROAD INTERNAL MEDICINE,WATCH,Tier 1 with one spine referral in 2026 — confirm the tier is earned,Tier 1,Kristen,K-A14,PCP,2,1,0.5,0,1,0,0,0,1,0,0,0,0.4,0.0,0.208,2,10,10,3,2026-09-10,2026-06-02,2026-06-09,2026-06-02,115.0,,,9021dee7-1935-4acc-9d3e-63f9e919459d
Team Rehabilitation  - Washington,WATCH,Tier 1 with one spine referral in 2026 — confirm the tier is earned,Tier 1,Kristen,K-A04,PT,2,1,0.5,1,0,0,1,0,0,0,1,1,0.4,0.0,0.18,2,6,6,4,2026-08-27,2026-03-12,2026-03-25,2026-03-12,197.0,,,940f0098-7ee4-47be-9425-5cd4bbc4dd0f
"DIAB AND KINNER INTERNAL MEDICINE, PC- use",WATCH,Tier 1 with one spine referral in 2026 — confirm the tier is earned,Tier 1,Kristen,K-A12,PCP,2,1,0.5,1,0,0,1,0,0,0,0,0,0.4,0.0,0.208,2,2,2,3,2026-08-27,2026-01-15,2026-08-11,2026-01-15,253.0,,,954353cc-a941-4b77-90f3-f3fb1c62e161
Jefferson Family Practice (Cornerstone),WATCH,Tier 1 with one spine referral in 2026 — confirm the tier is earned,Tier 1,Kristen,K-A26,PCP,2,1,0.5,1,0,0,0,0,1,0,1,1,0.4,0.0,0.208,1,1,1,3,2026-09-24,2026-02-12,2026-03-12,2026-03-12,197.0,,,9b2159ca-9617-4ade-8a25-85a92fcca972
COREWELL HEALTH  INTERNAL MEDICINE DEARBORN,WATCH,Tier 1 with one spine referral in 2026 — confirm the tier is earned,Tier 1,Jasmine,J-A10,PCP,2,1,0.5,0,1,0,0,1,0,0,0,0,0.4,0.0,0.208,2,9,9,4,2026-08-26,2026-04-29,2026-06-22,2026-04-29,149.0,,,9d286e7b-6017-417c-8a6b-763fe942c9c2
"TONI BALLITCH TRATE, DO, PC",WATCH,Tier 1 with one spine referral in 2026 — confirm the tier is earned,Tier 1,Kristen,K-A20,PCP,2,1,0.5,1,0,0,0,0,1,0,0,0,0.4,0.0,0.208,1,1,1,2,2026-08-13,2026-03-18,2026-07-08,2026-03-18,191.0,,,a1394f28-7761-4612-ab27-23681dcadac0
DEIGHTON FAMILY PRACTICE - use this one,WATCH,Tier 1 with one spine referral in 2026 — confirm the tier is earned,Tier 1,Kristen,K-A21,PCP,2,1,0.5,1,0,0,1,0,0,0,0,0,0.4,0.0,0.208,2,26,26,5,2026-09-29,2026-02-16,2026-07-28,2026-02-16,221.0,,"Badreddine MD, Hamzah (5) placed at Dedicated senior Medical Center Detroit North",a6779fd4-289a-49f7-8602-76dc1bf5764c
John Mullally MD PC,WATCH,Tier 1 with one spine referral in 2026 — confirm the tier is earned,Tier 1,Kristen,K-A02,PCP,2,1,0.5,0,1,0,1,0,0,0,0,0,0.4,0.0,0.208,1,1,1,3,2026-09-18,2026-02-04,2026-04-28,2026-04-28,150.0,,,b257a3dd-4296-4f0d-89f2-7d9f845a231e
"WAYNE COMMUNITY HEALTH CENTERS, INC",WATCH,Tier 1 with one spine referral in 2026 — confirm the tier is earned,Tier 1,Kristen,K-A26,PCP,2,1,0.5,0,0,1,1,0,0,0,0,0,0.4,0.0,0.208,2,5,5,2,2026-09-24,2026-08-04,2026-08-06,2026-08-04,52.0,,,b89491cd-a8b2-4493-8dba-2e2146e504a0
ORCHARD PRIMARY CARE,WATCH,Tier 1 with one spine referral in 2026 — confirm the tier is earned,Tier 1,Kristen,K-A22,PCP,2,1,0.5,0,1,0,1,0,0,0,1,1,0.4,0.0,0.208,2,4,4,2,2026-08-19,2026-05-01,2026-05-06,2026-05-01,147.0,,,ba00dba0-20f9-440b-8df0-799ade91a785
McLaren Oakland Center for Spine & Pain Management,WATCH,Tier 1 with one spine referral in 2026 — confirm the tier is earned,Tier 1,Coty,C-A02,Pain,2,1,0.5,1,0,0,0,0,0,1,1,1,0.6,0.0,0.286,1,1,1,0,,2026-03-05,2026-06-09,2026-03-05,204.0,,,be1474d8-c6ce-4792-bc96-a22bf4ce125d
Park Medical Center (Medicaid),WATCH,Tier 1 with one spine referral in 2026 — confirm the tier is earned,Tier 1,Jasmine,J-A03,PCP,2,1,0.5,1,0,0,1,0,0,0,0,0,0.4,0.0,0.208,1,1,1,3,2026-10-05,2026-01-13,2026-01-19,2026-01-13,255.0,,,c4cc522a-15ee-4dcb-8312-cc7b7efdf995
Rochester Medical Group,WATCH,Tier 1 with one spine referral in 2026 — confirm the tier is earned,Tier 1,Coty,C-A05,PCP,2,1,0.5,0,1,0,0,0,1,0,0,0,0.4,0.0,0.208,2,9,9,6,2026-10-05,2026-04-30,2026-08-10,2026-04-30,148.0,,,c82c9d5d-f644-42a6-8149-43868624eb50
Trinity IHA Orthopedics - Schoolcraft,WATCH,Tier 1 with one spine referral in 2026 — confirm the tier is earned,Tier 1,Jasmine,J-A06,Orthopedic,2,1,0.5,0,0,1,1,0,0,0,0,0,0.9,0.0,0.453,1,4,4,5,2026-10-01,2026-02-02,2026-07-20,2026-07-20,67.0,,,e5c5b135-ecad-42bb-bbbc-011dd2c4a225
DOWN RIVER MEDICAL GROUP,WATCH,Tier 1 with one spine referral in 2026 — confirm the tier is earned,Tier 1,Jasmine,J-A12,PCP,2,1,0.5,0,0,1,0,1,0,0,1,0,0.4,0.0,0.208,2,8,8,3,2026-09-21,2026-07-27,2026-08-31,2026-08-31,25.0,,,e88886fb-60ef-4d4e-8d44-578baf30fd25
Lexington Family Medicine,WATCH,Tier 1 with one spine referral in 2026 — confirm the tier is earned,Tier 1,Kristen,K-A02,PCP,2,1,0.5,1,0,0,0,0,0,1,1,0,0.4,0.0,0.208,1,3,3,3,2026-09-21,2026-02-10,2026-07-10,2026-02-10,227.0,,,e91e6824-c768-4d8f-a1d0-2c6cb005cc47
ARBOR LANE FAMILY PHYSICIANS,WATCH,Tier 1 with one spine referral in 2026 — confirm the tier is earned,Tier 1,Kristen,K-A25,PCP,2,1,0.5,1,0,0,0,1,0,0,0,0,0.4,0.0,0.208,1,3,3,3,2026-09-16,2026-01-27,2026-06-26,2026-01-27,241.0,,,ff61f8fa-5169-42e7-aafe-f189027c5f3a
Brighton Internal Medicine,WATCH,Tier 1 with one spine referral in 2026 — confirm the tier is earned,Tier 1,Coty,C-A07,PCP,1,1,1.0,1,0,0,0,0,0,0,0,0,0.2,0.0,0.208,1,4,4,3,2026-07-16,2026-01-06,2026-01-06,2026-01-06,262.0,,,02e450b1-82e8-408a-a0a4-fa7af806ed2b
Kashat Urgent care,WATCH,Tier 1 with one spine referral in 2026 — confirm the tier is earned,Tier 1,Kristen,K-A13,Urgent care,1,1,1.0,0,1,0,0,0,0,0,1,1,0.2,0.0,0.163,1,3,3,5,2026-10-08,2026-06-03,2026-06-03,2026-06-03,114.0,,,0b9485b1-39bd-4f21-8222-387834af8472
Bay Area Family Physicians,WATCH,Tier 1 with one spine referral in 2026 — confirm the tier is earned,Tier 1,Coty,C-A01,PCP,1,1,1.0,0,1,0,0,0,0,0,0,0,0.2,0.0,0.208,1,11,11,2,2026-05-19,2026-06-17,2026-06-17,2026-06-17,100.0,,,1093985145
DMC Orthopedics & Sports Medicine - Warren,WATCH,Tier 1 with one spine referral in 2026 — confirm the tier is earned,Tier 1,Coty,C-A10,Orthopedic,1,1,1.0,1,0,0,0,0,0,0,0,0,0.5,0.0,0.453,1,8,8,7,2026-10-06,2026-02-17,2026-02-17,2026-02-17,220.0,,,1285806067
Michigan Neurology and Spine Center,WATCH,Tier 1 with one spine referral in 2026 — confirm the tier is earned,Tier 1,Kristen,K-A03,Pain,1,1,1.0,0,1,0,0,0,0,0,0,0,0.3,0.0,0.286,1,6,6,3,2026-09-18,2026-05-12,2026-05-12,2026-05-12,136.0,,,137ab9e0-c65d-4932-9dc5-f8b83b872e50
"APOLLO HEALTH SERVICES, PC",WATCH,Tier 1 with one spine referral in 2026 — confirm the tier is earned,Tier 1,Jasmine,J-A07,PCP,1,1,1.0,1,0,0,0,0,0,0,0,0,0.2,0.0,0.208,1,2,2,4,2026-09-30,2026-03-31,2026-03-31,2026-03-31,178.0,,,1689099f-fc6b-4174-9111-5dce70adbd66
Cornerstone Lakefront Internists,WATCH,Tier 1 with one spine referral in 2026 — confirm the tier is earned,Tier 1,Kristen,K-A19,PCP,1,1,1.0,1,0,0,0,0,0,0,0,0,0.2,0.0,0.208,1,3,3,3,2026-09-17,2026-02-10,2026-02-10,2026-02-10,227.0,,,16c0ac85-6d3c-4c74-97b4-385a2a7fac00
Madison Medical Arts,WATCH,Tier 1 with one spine referral in 2026 — confirm the tier is earned,Tier 1,Coty,C-A12,PCP,1,1,1.0,0,1,0,0,0,0,0,0,0,0.2,0.0,0.208,1,5,5,6,2026-10-02,2026-06-18,2026-06-18,2026-06-18,99.0,,,1760473094
Sterling Physicians,WATCH,Tier 1 with one spine referral in 2026 — confirm the tier is earned,Tier 1,Kristen,K-A11,PCP,1,1,1.0,0,0,1,0,0,0,0,0,0,0.2,0.0,0.208,1,2,2,6,2026-10-08,2026-07-07,2026-07-07,2026-07-07,80.0,,,1972593499
McLaren Macomb Neurology,WATCH,Tier 1 with one spine referral in 2026 — confirm the tier is earned,Tier 1,Coty,C-A08,Neurology,1,1,1.0,0,1,0,0,0,0,0,0,0,0.3,0.0,0.267,1,1,1,3,2026-08-18,2026-06-03,2026-06-03,2026-06-03,114.0,,,1bbdc392-4094-4dce-8e3e-18e33a01eb19
Gregory Gould DO,WATCH,Tier 1 with one spine referral in 2026 — confirm the tier is earned,Tier 1,Coty,C-A03,PCP,1,1,1.0,0,0,1,0,0,0,0,0,0,0.2,0.0,0.208,1,3,3,4,2026-09-24,2026-08-24,2026-08-24,2026-08-24,32.0,,,1bdbcaac-c199-419d-b5a3-2b7eab4315d3
Trinity Health IHA Medical Group Primary Care - Canton,WATCH,Tier 1 with one spine referral in 2026 — confirm the tier is earned,Tier 1,Jasmine,J-A11,PCP,1,1,1.0,0,0,1,0,0,0,0,0,0,0.2,0.0,0.208,1,12,12,5,2026-08-25,2026-07-06,2026-07-06,2026-07-06,81.0,,,25a91d51-ca80-40cd-88ea-8b37beaa2ea8
SOUTHFIELD MEDICAL CLINIC AND PREMIER URGENT CARE AND WALK IN CLINIC,WATCH,Tier 1 with one spine referral in 2026 — confirm the tier is earned,Tier 1,Kristen,K-A15,Urgent care,1,1,1.0,0,1,0,0,0,0,0,1,1,0.2,0.0,0.163,1,3,3,4,2026-09-10,2026-04-20,2026-04-20,2026-04-20,158.0,,,297a710c-01f5-41e0-9ffc-d1df69e9329d
Mercy Family Care Center,WATCH,Tier 1 with one spine referral in 2026 — confirm the tier is earned,Tier 1,Kristen,K-A13,PCP,1,1,1.0,0,0,1,0,0,0,0,0,0,0.2,0.0,0.208,1,2,2,3,2026-10-01,2026-08-03,2026-08-03,2026-08-03,53.0,,,3dfcef6a-be30-4421-b9ae-e70c90558ff6
Center For Hollistic Medicine,WATCH,Tier 1 with one spine referral in 2026 — confirm the tier is earned,Tier 1,Kristen,K-A14,Other,1,1,1.0,0,1,0,0,0,0,0,1,1,0.1,0.0,0.143,1,7,7,3,2026-09-10,2026-04-27,2026-04-27,2026-04-27,151.0,,,42b038b0-949b-46be-8843-e02868bb894a
Corwell health orthopedics Canton,WATCH,Tier 1 with one spine referral in 2026 — confirm the tier is earned,Tier 1,Jasmine,J-A09,Orthopedic,1,1,1.0,1,0,0,0,0,0,0,0,0,0.5,0.0,0.453,1,3,3,5,2026-10-01,2026-02-04,2026-02-04,2026-02-04,233.0,,,48d727c6-d942-4dbb-b457-0839ac8e1b68
Greg Monroe DO PC,WATCH,Tier 1 with one spine referral in 2026 — confirm the tier is earned,Tier 1,Kristen,K-A29,PCP,1,1,1.0,1,0,0,0,0,0,0,0,0,0.2,0.0,0.208,1,1,1,3,2026-09-01,2026-01-07,2026-01-07,2026-01-07,261.0,,,4de0cfd4-93f7-4efa-a4ed-25a3ceaf173b
Integrative Family Care,WATCH,Tier 1 with one spine referral in 2026 — confirm the tier is earned,Tier 1,Coty,C-A05,PCP,1,1,1.0,0,1,0,0,0,0,0,0,0,0.2,0.0,0.208,1,5,5,2,2026-03-25,2026-04-21,2026-04-21,2026-04-21,157.0,,,5dc1c26e-27ff-48e0-a625-f7bd13fbec29
Huron Family Practice Center,WATCH,Tier 1 with one spine referral in 2026 — confirm the tier is earned,Tier 1,Kristen,K-A03,PCP,1,1,1.0,0,1,0,0,0,0,0,1,1,0.2,0.0,0.208,1,4,4,4,2026-09-18,2026-05-22,2026-05-22,2026-05-22,126.0,,,60ee8106-1f15-4abf-95a1-c2184761b159
Roberts Orthopedic Services,WATCH,Tier 1 with one spine referral in 2026 — confirm the tier is earned,Tier 1,Jasmine,J-A02,Orthopedic,1,1,1.0,0,1,0,0,0,0,0,0,0,0.5,0.0,0.453,1,2,2,4,2026-09-08,2026-05-22,2026-05-22,2026-05-22,126.0,,,680822f2-58d4-4f67-b09b-01ccd6f95892
Legacy Family Care,WATCH,Tier 1 with one spine referral in 2026 — confirm the tier is earned,Tier 1,Kristen,K-A22,PCP,1,1,1.0,0,1,0,0,0,0,0,0,0,0.2,0.0,0.208,1,2,2,2,2026-08-19,2026-06-01,2026-06-01,2026-06-01,116.0,,,6a6a4408-2a28-4e5b-aea6-b70d4b47d57c
Village Medical - Walled Lake,WATCH,Tier 1 with one spine referral in 2026 — confirm the tier is earned,Tier 1,Jasmine,J-A01,PCP,1,1,1.0,0,0,1,0,0,0,0,0,0,0.2,0.0,0.208,1,5,5,1,2026-09-28,2026-08-07,2026-08-07,2026-08-07,49.0,,,6c29d59b-0b61-4f52-b7a7-f29818051f07
North Macomb Medical Associates,WATCH,Tier 1 with one spine referral in 2026 — confirm the tier is earned,Tier 1,Coty,C-A01,PCP,1,1,1.0,0,1,0,0,0,0,0,0,0,0.2,0.0,0.208,1,8,8,1,2026-06-30,2026-06-09,2026-06-09,2026-06-09,108.0,,,7250fa4c-09c2-418b-94d4-8badec5b77f7
Beacon Orthopedics of Michigan - Livonia,WATCH,Tier 1 with one spine referral in 2026 — confirm the tier is earned,Tier 1,Coty,C-A14,Orthopedic,1,1,1.0,1,0,0,0,0,0,0,0,0,0.5,0.0,0.453,1,2,2,4,2026-10-01,2026-03-05,2026-03-05,2026-03-05,204.0,,,7ba5f22d-a044-4e77-9eae-086d15413f50
Jian Zu MD,WATCH,Tier 1 with one spine referral in 2026 — confirm the tier is earned,Tier 1,Kristen,K-A16,PCP,1,1,1.0,1,0,0,0,0,0,0,1,1,0.2,0.0,0.208,1,1,1,4,2026-09-29,2026-02-02,2026-02-02,2026-02-02,235.0,,,85043f4d-a0d7-448b-9a3d-e0943de69dd8
Epic Medical Center,WATCH,Tier 1 with one spine referral in 2026 — confirm the tier is earned,Tier 1,Jasmine,J-A12,PCP,1,1,1.0,0,1,0,0,0,0,0,0,0,0.2,0.0,0.208,1,4,4,0,,2026-05-08,2026-05-08,2026-05-08,140.0,,"Attalla MD, Yassir (1) placed at Epic Medical Center",8c790bf8-a496-4f6f-9902-402d9161edf4
Specialists in Rehabilitation Medicine,WATCH,Tier 1 with one spine referral in 2026 — confirm the tier is earned,Tier 1,Coty,C-A03,Orthopedic,1,1,1.0,0,1,0,0,0,0,0,0,0,0.5,0.0,0.453,1,7,7,2,2026-09-30,2026-04-07,2026-04-07,2026-04-07,171.0,,,8c808cf3-9148-4a0b-8ea0-2d0882a9424e
Community First Health Centers - New Haven,WATCH,Tier 1 with one spine referral in 2026 — confirm the tier is earned,Tier 1,Coty,C-A01,PCP,1,1,1.0,0,1,0,0,0,0,0,0,0,0.2,0.0,0.208,1,6,7,2,2026-06-30,2026-06-09,2026-06-09,2026-06-09,108.0,,,8cef9fd7-931c-4e45-bf44-0cac47716f62
IHA UNION LAKE PEDIATRICS,WATCH,Tier 1 with one spine referral in 2026 — confirm the tier is earned,Tier 1,Kristen,K-A09,Pediatrics,1,1,1.0,0,1,0,0,0,0,0,0,0,0.1,0.0,0.085,1,4,4,2,2026-09-15,2026-06-10,2026-06-10,2026-06-10,107.0,,,905d0bbb-d935-4258-8a1e-2e30d0a25987
ROSE MEDICINE,WATCH,Tier 1 with one spine referral in 2026 — confirm the tier is earned,Tier 1,Kristen,K-A15,PCP,1,1,1.0,1,0,0,0,0,0,0,0,0,0.2,0.0,0.208,1,3,3,3,2026-09-10,2026-01-09,2026-01-09,2026-01-09,259.0,,,9c2f2817-fae0-4fb0-b943-376aef6fc719
Karma Internists,WATCH,Tier 1 with one spine referral in 2026 — confirm the tier is earned,Tier 1,Jasmine,J-A01,PCP,1,1,1.0,1,0,0,0,0,0,0,0,0,0.2,0.0,0.208,1,1,1,7,2026-10-02,2026-03-26,2026-03-26,2026-03-26,183.0,,,9e6bf540-edd8-4135-9b33-cef5e4fbcc2c
Barry S Meyer DO PC,WATCH,Tier 1 with one spine referral in 2026 — confirm the tier is earned,Tier 1,Coty,C-A10,PCP,1,1,1.0,0,1,0,0,0,0,0,0,0,0.2,0.0,0.208,1,1,1,7,2026-10-02,2026-05-27,2026-05-27,2026-05-27,121.0,,,a183eb7c-8d61-4470-8154-52f7dbff87b5
Epic Healthcare - Southfield,WATCH,Tier 1 with one spine referral in 2026 — confirm the tier is earned,Tier 1,Coty,C-A12,PCP,1,1,1.0,1,0,0,0,0,0,0,0,0,0.2,0.0,0.208,1,8,8,3,2026-09-18,2026-01-21,2026-01-21,2026-01-21,247.0,,"Yaldoo PA-C, Mary (1) placed at EPIC Southfield - Telegraph Rd office",a6831f2e-4f19-4f2d-bdb5-d732d5c81ce7
Premiere Pediatrics,WATCH,Tier 1 with one spine referral in 2026 — confirm the tier is earned,Tier 1,Coty,C-A02,Pediatrics,1,1,1.0,0,1,0,0,0,0,0,0,0,0.1,0.0,0.085,1,4,5,0,,2026-06-16,2026-06-16,2026-06-16,101.0,,,a8abc02a-95b9-4318-b876-60471f8fff0e
Core Institute/Henry Ford Motor City Orthopedics & PT- Southfield,WATCH,Tier 1 with one spine referral in 2026 — confirm the tier is earned,Tier 1,Jasmine,J-A04,Orthopedic,1,1,1.0,0,1,0,0,0,0,0,0,0,0.5,0.0,0.453,1,9,9,7,2026-09-23,2026-05-12,2026-05-12,2026-05-12,136.0,,"Ettefagh MD, Leila (1) placed at THE CORE INSTITUTE NOVI",b2290856-de23-4322-aabc-b2436529feac
Michigan Primary Care - Sterling Heights,WATCH,Tier 1 with one spine referral in 2026 — confirm the tier is earned,Tier 1,Kristen,K-A05,PCP,1,1,1.0,0,1,0,0,0,0,0,0,0,0.2,0.0,0.208,1,3,3,4,2026-10-08,2026-05-19,2026-05-19,2026-05-19,129.0,,,ce3b56cf-1381-41d0-b067-752448464958
PelHam Primary Care,WATCH,Tier 1 with one spine referral in 2026 — confirm the tier is earned,Tier 1,Jasmine,J-A10,PCP,1,1,1.0,1,0,0,0,0,0,0,0,0,0.2,0.0,0.208,1,1,1,2,2026-09-23,2026-01-13,2026-01-13,2026-01-13,255.0,,,d4c2e8cb-a4bb-454f-bc5c-8425cff6d293
Concentra Urgent Care - Sterling Heights,WATCH,Tier 1 with one spine referral in 2026 — confirm the tier is earned,Tier 1,Kristen,K-A11,Urgent care,1,1,1.0,0,0,1,0,0,0,0,0,0,0.2,0.0,0.163,1,0,1,2,2026-10-07,2026-07-30,2026-07-30,2026-07-30,57.0,,,dc6067ed-60f7-4ae5-8b5b-7b8b03095484
"TWIN LAKES MEDICAL ASSOCIATES, PC",WATCH,Tier 1 with one spine referral in 2026 — confirm the tier is earned,Tier 1,Kristen,K-A07,PCP,1,1,1.0,0,1,0,0,0,0,0,1,1,0.2,0.0,0.208,1,1,1,3,2026-09-16,2026-06-10,2026-06-10,2026-06-10,107.0,,,e7b52c83-5403-4607-98fb-61ffa473ccc4
Lupo Chiropractic Center,WATCH,Tier 1 with one spine referral in 2026 — confirm the tier is earned,Tier 1,Kristen,K-A19,Chiropractic,1,1,1.0,1,0,0,0,0,0,0,1,1,0.5,0.0,0.537,1,9,9,3,2026-09-17,2026-02-12,2026-02-12,2026-02-12,225.0,,,ea3dd183-15b5-491c-b6b5-55d6404f4a22
CoreMed - Commerce,WATCH,Tier 1 with one spine referral in 2026 — confirm the tier is earned,Tier 1,Kristen,K-A09,PCP,1,1,1.0,1,0,0,0,0,0,0,0,0,0.2,0.0,0.208,1,3,3,2,2026-08-21,2026-03-12,2026-03-12,2026-03-12,197.0,,,eab7d954-a523-466a-a75b-3eca7bf9c6d0
Gratiot Family Medicine,WATCH,Tier 1 with one spine referral in 2026 — confirm the tier is earned,Tier 1,Coty,C-A13,PCP,1,1,1.0,0,1,0,0,0,0,0,0,0,0.2,0.0,0.208,1,1,1,2,2026-09-28,2026-06-25,2026-06-25,2026-06-25,92.0,,,f7eb2b6e-6864-4576-879b-81a2bb775cb1
Sudha Nannapaneni MD,WATCH,Tier 1 with one spine referral in 2026 — confirm the tier is earned,Tier 1,Coty,C-A13,PCP,1,1,1.0,1,0,0,0,0,0,0,0,0,0.2,0.0,0.208,1,1,1,6,2026-09-28,2026-01-20,2026-01-20,2026-01-20,248.0,,,f9518cc9-e8e8-4517-8250-4768d176ee8c
Premier Private Physicians,WATCH,Tier 1 with one spine referral in 2026 — confirm the tier is earned,Tier 1,Coty,C-A09,PCP,1,1,1.0,0,1,0,0,0,0,0,0,0,0.2,0.0,0.208,1,5,5,9,2026-10-05,2026-06-09,2026-06-09,2026-06-09,108.0,,,fc79eac0-6f20-44c3-84a9-e20d7068fe4e
Mike Morse Law Firm,HEALTHY,sending spine on cadence — keep the rhythm,Tier 1,Kristen,Phone cadence,Attorney,124,53,0.427,25,17,11,45,4,1,9,118,52,52.8,0.0,0.426,3,0,43,7,2026-09-09,2026-01-05,2026-09-15,2026-09-04,21.0,,,2dd4a698-eeec-4552-98ba-d85b130bcc56
Park Medical Centers - Canton,HEALTHY,sending spine on cadence — keep the rhythm,Tier 1,Jasmine,J-A09,PCP,20,13,0.65,1,3,9,6,0,1,0,0,0,4.2,0.0,0.208,1,1,1,5,2026-09-24,2026-01-21,2026-09-23,2026-09-22,3.0,,,047f1f57-d796-4b0d-b2d0-b5d576ad50ea
Michigan Auto Law,HEALTHY,sending spine on cadence — keep the rhythm,Tier 1,Kristen,Phone cadence,Attorney,25,11,0.44,0,7,4,10,0,0,2,23,10,10.6,0.0,0.426,7,0,13,10,2026-09-23,2026-03-09,2026-08-26,2026-08-26,30.0,,,8bd62ae0-e836-472d-84f6-a85688fd5524
Levan Internists,HEALTHY,sending spine on cadence — keep the rhythm,Tier 1,Jasmine,J-A06,PCP,29,9,0.31,2,4,3,13,5,1,1,0,0,6.0,0.0,0.208,3,4,4,6,2026-09-28,2026-01-12,2026-09-17,2026-09-03,22.0,,,1972528818
DMC SPORTS MEDICINE NOVI,HEALTHY,"sending spine on cadence — keep the rhythm — read with DMC Orthopedics - Commerce Township (Dr. Cooke's rows are split by PL tag; together 16 spine, Q1/Q2/Q3 1/7/8)",Tier 1,Jasmine,J-A01,Orthopedic,10,9,0.9,1,7,1,0,0,0,1,1,0,4.5,0.0,0.453,3,5,5,7,2026-10-02,2026-01-21,2026-07-14,2026-07-14,73.0,DMC Orthopedics - Commerce Township,"Cooke MD, Christopher (1) placed at DMC Orthopedics - Commerce Township",6e52135e-6cca-4482-9973-58d180f1dce7
Synergy Medical Primary Care,HEALTHY,sending spine on cadence — keep the rhythm,Tier 1,Jasmine,J-A07,PCP,28,7,0.25,1,3,3,10,7,1,3,0,0,5.8,0.0,0.208,3,3,3,10,2026-09-25,2026-02-11,2026-09-23,2026-08-31,25.0,,,5cb01f9c-faec-4c04-b600-f0eba085f6a3
Medical Clinic of Northville,HEALTHY,sending spine on cadence — keep the rhythm,Tier 1,Kristen,K-A20,PCP,28,4,0.143,1,2,1,16,7,0,1,0,0,5.8,1.8,0.208,5,7,7,4,2026-09-02,2026-01-07,2026-09-23,2026-08-03,53.0,,,ebcb6f7a-eb6b-4759-81d9-516e3dc36b67
Beaumont Medical Center - Redford,HEALTHY,sending spine on cadence — keep the rhythm,Tier 1,Kristen,K-A25,PCP,27,4,0.148,2,1,1,21,2,0,0,0,0,5.6,1.6,0.208,3,4,4,3,2026-09-16,2026-01-08,2026-09-25,2026-08-13,43.0,,,03095e36-e586-4709-8cd8-440a98b9bcd7
Henry Ford Primary Care Center - 160,HEALTHY,sending spine on cadence — keep the rhythm,Tier 1,Kristen,K-A16,PCP,8,6,0.75,3,2,1,1,0,1,0,1,1,1.7,0.0,0.208,2,2,2,3,2026-09-23,2026-01-05,2026-08-21,2026-08-21,35.0,,,b6033c7f-ac4e-4957-b3b0-519077da6c8d
QuickDoc Urgent Care,HEALTHY,sending spine on cadence — keep the rhythm,Tier 1,Jasmine,J-A03,Urgent care,6,6,1.0,2,2,2,0,0,0,0,0,0,1.0,0.0,0.163,1,2,2,5,2026-10-05,2026-02-10,2026-08-06,2026-08-06,50.0,,,20e3535a-e9f3-4760-9cd8-6e86789495da
Kajy Law,HEALTHY,sending spine on cadence — keep the rhythm,Tier 1,Kristen,Phone cadence,Attorney,13,5,0.385,1,2,2,5,1,1,1,13,5,5.5,0.5,0.426,4,0,2,9,2026-09-09,2026-02-26,2026-09-02,2026-09-02,23.0,,,3b453978-15f0-429d-ab43-67d84178b21f
Be Well Medical Center,HEALTHY,sending spine on cadence — keep the rhythm,Tier 1,Coty,C-A12,PCP,21,4,0.19,1,2,1,14,0,1,2,1,0,4.4,0.4,0.208,5,8,8,5,2026-10-02,2026-02-02,2026-09-14,2026-07-29,58.0,,,1174554364
Applebaum & Stone,HEALTHY,sending spine on cadence — keep the rhythm,Tier 1,Kristen,Phone cadence,Attorney,9,5,0.556,1,2,2,3,1,0,0,8,4,3.8,0.0,0.426,1,0,2,4,2026-09-09,2026-02-26,2026-08-07,2026-08-07,49.0,,,89b27066-bd8f-45eb-b2ec-e3196a89a16c
MI Family Practice,HEALTHY,sending spine on cadence — keep the rhythm,Tier 1,Coty,C-A10,PCP,13,4,0.308,1,1,2,6,2,0,1,1,0,2.7,0.0,0.208,2,3,3,5,2026-10-06,2026-01-14,2026-09-16,2026-09-16,9.0,,,6aee51ce-625f-4968-96c5-5d9a6936bf27
GARDEN CITY FAMILY PHYSICIANS,HEALTHY,sending spine on cadence — keep the rhythm,Tier 1,Kristen,K-A28,PCP,9,4,0.444,1,2,1,4,1,0,0,0,0,1.9,0.0,0.208,2,1,2,3,2026-09-01,2026-01-12,2026-09-17,2026-09-17,8.0,,,be4c4280-49d5-443c-b413-3471ee753d27
Lily’s Medical Group,HEALTHY,sending spine on cadence — keep the rhythm,Tier 1,Kristen,K-A11,PCP,7,4,0.571,1,0,3,2,0,1,0,2,1,1.5,0.0,0.208,2,2,2,3,2026-10-01,2026-01-26,2026-08-31,2026-08-03,53.0,,,0aec7757-4391-42a3-94f2-3cfa9ea9aa99
DMC PRIMARY AND SPECIALTY CARE WEST BLOOMFIELD,HEALTHY,sending spine on cadence — keep the rhythm,Tier 1,Kristen,K-A14,PCP,6,4,0.667,3,0,1,0,1,0,1,0,0,1.2,0.0,0.208,2,4,4,3,2026-09-10,2026-01-14,2026-08-21,2026-08-07,49.0,,,e1df3a06-b408-47d1-8333-8e5c30e7bc97
Victor Valentino Law,HEALTHY,sending spine on cadence — keep the rhythm,Tier 1,Kristen,Phone cadence,Attorney,5,4,0.8,1,2,1,1,0,0,0,4,3,2.1,0.0,0.426,1,0,1,7,2026-10-09,2026-03-27,2026-07-02,2026-07-02,85.0,,,740ceb33-170d-402e-b5c2-8c204cf2bdf4
Pryde Athletics and Physical Therapy,HEALTHY,sending spine on cadence — keep the rhythm,Tier 1,Kristen,K-A27,PT,12,3,0.25,0,1,2,9,0,0,0,0,0,2.2,0.0,0.18,10,7,8,7,2026-09-23,2026-02-03,2026-09-22,2026-09-22,3.0,,,70091951-e0bd-42eb-9eb7-c5be5ce88649
Macomb Medical Clinic,HEALTHY,sending spine on cadence — keep the rhythm,Tier 1,Coty,C-A10,PCP,15,2,0.133,0,1,1,12,0,1,0,1,0,3.1,1.1,0.208,6,6,6,7,2026-10-02,2026-01-07,2026-08-18,2026-08-04,52.0,,,1992782320
CANTON FAMILY HEALTH LLC,HEALTHY,sending spine on cadence — keep the rhythm,Tier 1,Jasmine,J-A08,PCP,9,3,0.333,0,2,1,3,1,0,2,1,0,1.9,0.0,0.208,2,2,2,4,2026-10-01,2026-02-27,2026-08-17,2026-07-06,81.0,,,3acfe2ff-d550-4785-99aa-a1ea91ef7da4
"FAMILY CARE CENTER OF HAMTRAMCK, PC",HEALTHY,sending spine on cadence — keep the rhythm,Tier 1,Kristen,K-A23,PCP,6,3,0.5,0,2,1,3,0,0,0,2,2,1.2,0.0,0.208,2,2,2,2,2026-09-24,2026-03-20,2026-08-12,2026-08-12,44.0,,,f4a7f5a0-d8e0-49ff-874a-04f12057fc5f
Safir Law,HEALTHY,sending spine on cadence — keep the rhythm,Tier 1,Kristen,Phone cadence,Attorney,5,3,0.6,2,0,1,1,1,0,0,5,3,2.1,0.0,0.426,2,0,3,2,2026-09-28,2026-02-26,2026-09-18,2026-08-24,32.0,,,797c97ec-e6b4-42b3-920e-e16a6364e0c9
Livonia Family Medical Center,HEALTHY,sending spine on cadence — keep the rhythm,Tier 1,Jasmine,J-A07,PCP,8,2,0.25,0,1,1,5,0,1,0,0,0,1.7,0.0,0.208,2,3,3,7,2026-09-30,2026-01-07,2026-08-17,2026-08-17,39.0,,,68ceff67-99ac-4ef7-a162-918f93bbdf38
Ivy Rehab - Farmington,HEALTHY,sending spine on cadence — keep the rhythm,Tier 1,Kristen,K-A22,PT,6,2,0.333,0,1,1,2,0,2,0,0,0,1.1,0.0,0.18,1,1,1,4,2026-08-19,2026-05-05,2026-09-08,2026-07-06,81.0,,,d1393500-eb13-4514-9e0b-427f872ffa8b
Corewell Health Wayne Hospital Family Medicine -  Canton,HEALTHY,sending spine on cadence — keep the rhythm,Tier 1,Jasmine,J-A09,PCP,5,2,0.4,1,0,1,0,2,1,0,0,0,1.0,0.0,0.208,4,6,7,6,2026-09-30,2026-03-18,2026-08-31,2026-08-31,25.0,,,1022591b-a2f2-47ed-a718-e764042f930d
Christensen Law,HEALTHY,sending spine on cadence — keep the rhythm,Tier 1,Kristen,Phone cadence,Attorney,4,2,0.5,0,1,1,2,0,0,0,4,2,1.7,0.0,0.426,1,0,1,3,2026-09-09,2026-04-02,2026-09-09,2026-09-09,16.0,,,1ddf5ef9-8562-4164-9faa-60a49c6aa066
Schoenherr Parkway Family Practice,HEALTHY,sending spine on cadence — keep the rhythm,Tier 1,Kristen,K-A12,PCP,4,2,0.5,1,0,1,2,0,0,0,0,0,0.8,0.0,0.208,2,2,2,3,2026-09-08,2026-02-02,2026-09-15,2026-09-15,10.0,,,62e680e9-a222-400d-9186-a369d13cf23f
"AGHA INTERNAL MEDICINE AND ASSOCIATES, PC",HEALTHY,sending spine on cadence — keep the rhythm,Tier 1,Kristen,K-A24,PCP,4,2,0.5,1,0,1,2,0,0,0,0,0,0.8,0.0,0.208,1,1,2,4,2026-09-16,2026-01-22,2026-08-26,2026-08-26,30.0,,,85fd21cb-8cbc-4ead-9b3d-0cdbecdf7638
