week_start,week_label,all_lines,spine,spine_telehealth,spine_4wk_avg,spine_cumulative,spine_share,note
2025-12-29,Dec 29,4,1,1,1.0,1,0.25,
2026-01-05,Jan 5,62,15,1,8.0,16,0.242,
2026-01-12,Jan 12,55,9,3,8.3,25,0.164,
2026-01-19,Jan 19,51,13,0,9.5,38,0.255,
2026-01-26,Jan 26,53,10,6,11.8,48,0.189,
2026-02-02,Feb 2,51,12,4,11.0,60,0.235,
2026-02-09,Feb 9,55,19,8,13.5,79,0.345,
2026-02-16,Feb 16,54,12,4,13.2,91,0.222,
2026-02-23,Feb 23,55,12,7,13.8,103,0.218,
2026-03-02,Mar 2,52,14,6,14.2,117,0.269,
2026-03-09,Mar 9,47,13,5,12.8,130,0.277,
2026-03-16,Mar 16,51,15,1,13.5,145,0.294,
2026-03-23,Mar 23,50,13,3,13.8,158,0.26,
2026-03-30,Mar 30,73,15,6,14.0,173,0.205,
2026-04-06,Apr 6,50,11,1,13.5,184,0.22,
2026-04-13,Apr 13,74,15,3,13.5,199,0.203,
2026-04-20,Apr 20,65,21,7,15.5,220,0.323,
2026-04-27,Apr 27,73,17,5,16.0,237,0.233,
2026-05-04,May 4,73,23,7,19.0,260,0.315,
2026-05-11,May 11,61,18,5,19.8,278,0.295,
2026-05-18,May 18,88,23,8,20.2,301,0.261,
2026-05-25,May 25,51,12,1,19.0,313,0.235,
2026-06-01,Jun 1,56,11,5,16.0,324,0.196,
2026-06-08,Jun 8,56,17,6,15.8,341,0.304,
2026-06-15,Jun 15,63,13,2,13.2,354,0.206,
2026-06-22,Jun 22,65,10,4,12.8,364,0.154,
2026-06-29,Jun 29,38,9,1,12.2,373,0.237,
2026-07-06,Jul 6,82,17,3,12.2,390,0.207,
2026-07-13,Jul 13,59,6,4,10.5,396,0.102,
2026-07-20,Jul 20,40,7,4,9.8,403,0.175,
2026-07-27,Jul 27,56,15,5,11.2,418,0.268,
2026-08-03,Aug 3,72,23,3,12.8,441,0.319,
2026-08-10,Aug 10,76,13,3,14.5,454,0.171,
2026-08-17,Aug 17,58,16,3,16.8,470,0.276,
2026-08-24,Aug 24,46,18,5,17.5,488,0.391,
2026-08-31,Aug 31,67,20,3,16.8,508,0.299,
2026-09-07,Sep 7,35,5,1,14.8,513,0.143,September: sheet runs to Sep 25 and may lag on entry — treat as provisional
2026-09-14,Sep 14,37,5,0,12.0,518,0.135,September: sheet runs to Sep 25 and may lag on entry — treat as provisional
2026-09-21,Sep 21,34,6,0,9.0,524,0.176,September: sheet runs to Sep 25 and may lag on entry — treat as provisional
