ID,Level,Parent ID,Workstream (Category),Task / Subtask,Needle-Mover,Owner (Responsible),Authorizer,Est. Hours,Priority,Start,Due,Depends On,KPI / Definition of Done,Status,% Done,Actual Hours,Health,Last Update,Notes
SP-A,Task,SPINE,Spine Growth,Qualification & Routing engine (send the RIGHT patient to the RIGHT surgeon),Yes,Joe,Gautam,,P1,2026-07-16,2026-07-31,,Every spine lead qualified + routed; qualified-% audited weekly,Not Started,,,,,
SP-A.1,Subtask,SP-A,Spine Growth,Define 'qualified spine patient' rubric (insurance accepted + imaging-appropriate + pathway),Yes,Joe,Katie,6,P1,2026-07-16,2026-07-21,,1-page rubric approved by clinical,Not Started,0,0,,,
SP-A.2,Subtask,SP-A,Spine Growth,Build surgical vs conservative/interventional decision tree,Yes,Joe,Katie,8,P1,2026-07-18,2026-07-25,SP-A.1,Decision tree signed off by clinical,Not Started,0,0,,,
SP-A.3,Subtask,SP-A,Spine Growth,Physician routing table - route surgical candidates to higher-converting surgeons,Yes,Joe,Katie,6,P1,2026-07-22,2026-07-28,SP-A.2,Routing table approved (McCarty/Maslak/Varghese priority),Not Started,0,0,,,
SP-A.4,Subtask,SP-A,Spine Growth,Train call center + PL team on the rubric & routing,Yes,Kristen,Joe,8,P1,2026-07-26,2026-07-31,SP-A.3,100% of reps + PLs trained,Not Started,0,0,,,
SP-A.5,Subtask,SP-A,Spine Growth,Go-live + weekly qualified-% audit,Yes,Joe,Gautam,4,P1,2026-07-31,2026-09-30,SP-A.4,Qualified-% reported on scorecard weekly,Not Started,0,0,,,
SP-B,Task,SPINE,Spine Growth,"Spine command center (target, scorecard, cadence)",Yes,Joe,Gautam,,P1,2026-07-16,2026-07-22,,Scorecard live; target locked; war-room running,Not Started,,,,,
SP-B.1,Subtask,SP-B,Spine Growth,Reconcile spine target (317 vs 321) & lock 47->65->72 ramp,Yes,Joe,Gautam,3,P1,2026-07-16,2026-07-22,,One target confirmed,Not Started,0,0,,,
SP-B.2,Subtask,SP-B,Spine Growth,Build & wire the Weekly Spine Scorecard,Yes,Joe,Joe,4,P1,2026-07-16,2026-07-20,,Scorecard filled every Friday,Not Started,0,0,,,
SP-B.3,Subtask,SP-B,Spine Growth,Establish Mon/Wed/Fri war-room + daily 4pm access check-in,Yes,Joe,Gautam,2,P1,2026-07-16,2026-07-18,,Cadence on calendars,Not Started,0,0,,,
SP-B.4,Subtask,SP-B,Spine Growth,Present surgical-conversion dependency to leadership (Salar routing / orders),Yes,Joe,Gautam,4,P1,2026-07-20,2026-07-24,,Leadership owns conversion workstream,Not Started,0,0,,,
CC-A,Task,CC,Call Center,Spine intake script & qualification (the conversion hinge),Yes,Kelly,Joe,,P1,2026-07-16,2026-08-05,,Qualified-booking rate on dashboard and rising,Not Started,,,,,
CC-A.1,Subtask,CC-A,Call Center,Draft qualify->route->capture spine script,Yes,Kelly,Joe,6,P1,2026-07-18,2026-07-24,SP-A.1,Script live for spine calls,Not Started,0,0,,,
CC-A.2,Subtask,CC-A,Call Center,Add insurance pre-screen step (no Medicaid -> Harmony Direct Pay),Yes,Kelly,Greg,5,P1,2026-07-20,2026-07-28,CC-A.1,Every spine call insurance-screened,Not Started,0,0,,,
CC-A.3,Subtask,CC-A,Call Center,Make 'How did you hear' a required field,Yes,Kelly,Joe,3,P1,2026-07-20,2026-07-25,,Source-capture 100%,Not Started,0,0,,,
CC-A.4,Subtask,CC-A,Call Center,Same-week spine slot booking rule,Yes,Kelly,Katie,4,P1,2026-07-28,2026-08-05,,Same-week spine fill tracked,Not Started,0,0,,,
CC-A.5,Subtask,CC-A,Call Center,Train reps + go-live,Yes,Kelly,Joe,8,P1,2026-07-28,2026-08-04,CC-A.1;CC-A.2;CC-A.3,All reps trained; script live,Not Started,0,0,,,
CC-A.6,Subtask,CC-A,Call Center,Qualified-booking-rate metric live,Yes,Kelly,Santosh,4,P1,2026-08-01,2026-08-10,CC-A.5;ATTR-A,Metric on dashboard,Not Started,0,0,,,
CC-B,Task,CC,Call Center,Access & lost-patient recovery,Yes,Kelly,Joe,,P1,2026-07-22,2026-08-22,,Access SLAs met; recovery queue running,Not Started,,,,,
CC-B.1,Subtask,CC-B,Call Center,Self-reschedule recovery queue (166-patient signal),Yes,Kelly,Joe,5,P1,2026-07-22,2026-07-27,,Daily queue; recaptured count tracked,Not Started,0,0,,,
CC-B.2,Subtask,CC-B,Call Center,"Set access SLAs + dashboard (answer<30s, abandon<5%, callback<1hr)",No,Kelly,Joe,6,P1,2026-07-28,2026-08-05,,SLAs monitored weekly,Not Started,0,0,,,
CC-B.3,Subtask,CC-B,Call Center,After-hours / overflow coverage,No,Kelly,Joe,6,P2,2026-08-12,2026-08-22,,No qualified call to voicemail,Not Started,0,0,,,
CC-B.4,Subtask,CC-B,Call Center,Call QA scoring + weekly coaching,No,Kelly,Joe,8,P2,2026-08-05,2026-08-15,CC-A.5,QA scored weekly,Not Started,0,0,,,
CC-C,Task,CC,Call Center,AI call-center rollout (after foundations),No,Kelly,Gautam,,P2,2026-09-01,2026-09-20,,AI live; manual call-listening retired,Not Started,,,,,
CC-C.1,Subtask,CC-C,Call Center,Scope AI (summarization + source detection + after-hours),No,Kelly,Gautam,6,P2,2026-09-01,2026-09-08,CC-A.5,Scope + vendor confirmed,Not Started,0,0,,,
CC-C.2,Subtask,CC-C,Call Center,Pilot + go-live,No,Kelly,Gautam,12,P2,2026-09-08,2026-09-20,CC-C.1,AI handling after-hours + QA,Not Started,0,0,,,
PL-A,Task,PL,Physician Liaison,Tiered spine target-account universe (currently empty),Yes,Kristen,Kristen,,P1,2026-07-16,2026-08-03,,"2x active spine accounts, all tiered with owner+cadence",Not Started,,,,,
PL-A.1,Subtask,PL-A,Physician Liaison,Export current accounts from Map My Customer,Yes,Kristen,Kristen,3,P1,2026-07-16,2026-07-19,,Account universe exported,Not Started,0,0,,,
PL-A.2,Subtask,PL-A,Physician Liaison,"Build feeder crosswalk (ortho, chiro, pain, urgent care, PCP, PT, PM&R, ER, WC/PI attorneys)",Yes,Kristen,Kristen,8,P1,2026-07-18,2026-07-24,PL-A.1,Feeder list complete,Not Started,0,0,,,
PL-A.3,Subtask,PL-A,Physician Liaison,Tier accounts 1/2/3 by qualified spine yield,Yes,Kristen,Kristen,6,P1,2026-07-23,2026-07-29,PL-A.2,Every account tiered,Not Started,0,0,,,
PL-A.4,Subtask,PL-A,Physician Liaison,Assign territory ownership; remove overlap across 5 hubs,Yes,Kristen,Kristen,5,P1,2026-07-28,2026-08-03,PL-A.3,Zero overlap; owners assigned,Not Started,0,0,,,
PL-A.5,Subtask,PL-A,Physician Liaison,Set visit cadence per tier,Yes,Kristen,Kristen,3,P1,2026-07-30,2026-08-03,PL-A.4,Cadence documented per account,Not Started,0,0,,,
PL-B,Task,PL,Physician Liaison,"Recover & expand spine referrals (realistic lift, not 150)",Yes,Kristen,Kristen,,P1,2026-07-16,2026-08-15,,Sean loss recovered; 2x spine field time,Not Started,,,,,
PL-B.1,Subtask,PL-B,Physician Liaison,Recover Sean's lost referral accounts,Yes,Kristen,Kristen,8,P1,2026-07-16,2026-07-24,,Lost accounts re-owned + re-visited,Not Started,0,0,,,
PL-B.2,Subtask,PL-B,Physician Liaison,Double active spine accounts,Yes,Kristen,Kristen,20,P1,2026-07-29,2026-08-15,PL-A.3,2x active spine accounts live,Not Started,0,0,,,
PL-B.3,Subtask,PL-B,Physician Liaison,Double spine field time (accept lower ortho-account effort),Yes,Kristen,Joe,6,P1,2026-07-29,2026-08-15,PL-A.4,Spine visits doubled,Not Started,0,0,,,
PL-C,Task,PL,Physician Liaison,Coaching to top-producer yield,Yes,Kristen,Kristen,,P2,2026-07-28,2026-09-15,,Team NP/100 visits trending up,Not Started,,,,,
PL-C.1,Subtask,PL-C,Physician Liaison,Capture Kristen's playbook (~70 NP/100 visits) into a script,Yes,Kristen,Joe,8,P2,2026-07-28,2026-08-08,,Playbook written,Not Started,0,0,,,
PL-C.2,Subtask,PL-C,Physician Liaison,Ride-along coaching program,Yes,Kristen,Kristen,20,P2,2026-08-01,2026-09-15,PL-C.1,Coaching cadence running,Not Started,0,0,,,
PL-C.3,Subtask,PL-C,Physician Liaison,Qualified-yield KPI replaces activity metrics,Yes,Kristen,Santosh,4,P1,2026-08-05,2026-08-12,ATTR-B,KPI on scorecard,Not Started,0,0,,,
PL-C.4,Subtask,PL-C,Physician Liaison,4th PL hire decision (trigger: Cody sustains 15 NP/wk),No,Kristen,Gautam,4,P2,2026-09-01,2026-09-15,PL-B.2,Hire/hold decided with data,Not Started,0,0,,,
PL-D,Task,PL,Physician Liaison,Referral loop (what makes referrers keep sending),Yes,Kristen,Joe,,P1,2026-07-22,2026-08-18,,Same-week + closed-loop running,Not Started,,,,,
PL-D.1,Subtask,PL-D,Physician Liaison,"Referrer one-pager (deep spine bench, pathway, how to refer)",Yes,Randall,Joe,6,P1,2026-07-22,2026-07-31,,One-pager printed + digital,Not Started,0,0,,,
PL-D.2,Subtask,PL-D,Physician Liaison,Same-week access reserved for referrals,Yes,Kristen,Katie,3,P1,2026-08-01,2026-08-08,CC-A.4,Referral same-week fill tracked,Not Started,0,0,,,
PL-D.3,Subtask,PL-D,Physician Liaison,Closed-loop report-back to referrers,Yes,Kristen,Joe,8,P1,2026-08-08,2026-08-18,,Report-back rate tracked,Not Started,0,0,,,
B2C-A,Task,B2C,B2C / Organic,Spine organic demand rebuild (fix the -71 B2C hole),Yes,Randall,Joe,,P1,2026-07-16,2026-09-20,,Non-branded spine impressions + NPs recovering,Not Started,,,,,
B2C-A.1,Subtask,B2C-A,B2C / Organic,SEMrush spine keyword-gap vs MOS/St Clair/MI Head&Spine,Yes,Randall,Joe,6,P1,2026-07-18,2026-07-23,,Gap list -> page plan,Not Started,0,0,,,
B2C-A.2,Subtask,B2C-A,B2C / Organic,Shift 80% SEO to spine; ship 2-3 spine pages/week,Yes,Randall,Joe,30,P1,2026-07-16,2026-08-30,B2C-A.1,2-3 spine pages/wk shipped,Not Started,0,0,,,
B2C-A.3,Subtask,B2C-A,B2C / Organic,Publish 5 spine condition hubs (MD-reviewed),Yes,Randall,Clinical,24,P2,2026-07-25,2026-09-20,B2C-A.2,5 hubs live + indexed,Not Started,0,0,,,
B2C-A.4,Subtask,B2C-A,B2C / Organic,Spine differentiation messaging (deep bench) on spine pages,Yes,Randall,Joe,6,P1,2026-07-28,2026-08-05,,Differentiation live,Not Started,0,0,,,
B2C-A.5,Subtask,B2C-A,B2C / Organic,FAQ / schema on spine pages,No,Randall,Joe,10,P2,2026-08-20,2026-09-10,B2C-A.3,Schema valid in GSC,Not Started,0,0,,,
B2C-B,Task,B2C,B2C / Organic,Paid efficiency & booking capture,Yes,Paul,Joe,,P1,2026-07-16,2026-08-31,,Spine CPA to target; more free website booking,Not Started,,,,,
B2C-B.1,Subtask,B2C-B,B2C / Organic,Optimize free website spine booking path,Yes,Paul,Joe,8,P2,2026-08-01,2026-08-15,,Website spine booking share up,Not Started,0,0,,,
B2C-B.2,Subtask,B2C-B,B2C / Organic,Trim least-efficient paid Zocdoc spine spend,Yes,Paul,Joe,4,P1,2026-08-10,2026-08-20,ATTR-A,Cost/captured down,In Progress,50,0,,2026-07-22,"Removal list verified (7 reasons, ~$13K/yr) + Zocdoc Enterprise email drafted — see pm/zocdoc-visit-reason-removal-2026-07.md; awaiting Paul sign-off"
B2C-B.3,Subtask,B2C-B,B2C / Organic,"Rein in spine CPA toward target (was $200->$2,000)",Yes,Paul,Joe,10,P1,2026-08-01,2026-08-31,ATTR-A,CPA trending to target,Not Started,0,0,,,
B2C-B.4,Subtask,B2C-B,B2C / Organic,Fix CWV / mobile perf regression (agency),No,Cardinal,Paul,16,P1,2026-07-25,2026-08-15,,Good URLs recovering in GSC,Not Started,0,0,,,
ATTR-A,Task,ATTR,Attribution / Systems,Line conversion tracking fix (WEEK-1 BLOCKER),Yes,Joe,Gautam,,P1,2026-07-16,2026-07-23,,Booked-patient tracking validated; unblocks paid changes,Not Started,,,,,
ATTR-A.1,Subtask,ATTR-A,Attribution / Systems,Diagnose the compliance issue with Line,Yes,Joe,Gautam,4,P1,2026-07-16,2026-07-18,,Root cause identified,Not Started,0,0,,,
ATTR-A.2,Subtask,ATTR-A,Attribution / Systems,Implement fix with Line + Paul,Yes,Paul,Joe,8,P1,2026-07-18,2026-07-22,ATTR-A.1,Fix deployed,Not Started,0,0,,,
ATTR-A.3,Subtask,ATTR-A,Attribution / Systems,Validate booked-patient tracking end-to-end,Yes,Santosh,Joe,4,P1,2026-07-22,2026-07-23,ATTR-A.2,Tracking validated,Not Started,0,0,,,
ATTR-B,Task,ATTR,Attribution / Systems,Attribution integrity (stop 'spray and pray'),Yes,Santosh,Joe,,P1,2026-07-20,2026-08-12,,Referrals + NPs correctly attributed,Not Started,,,,,
ATTR-B.1,Subtask,ATTR-B,Attribution / Systems,Map My Customer <-> NextGen crosswalk,Yes,Santosh,Joe,12,P1,2026-07-28,2026-08-10,,Referrals source-attributed,Not Started,0,0,,,
ATTR-B.2,Subtask,ATTR-B,Attribution / Systems,Stop referring-physician field overwrite + add change log,Yes,Santosh,Joe,8,P1,2026-08-01,2026-08-12,ATTR-B.1,Source field preserved,Not Started,0,0,,,
ATTR-B.3,Subtask,ATTR-B,Attribution / Systems,Validate B2C vs B2B spine NP split,Yes,Santosh,Joe,6,P1,2026-07-20,2026-07-28,,Validated split + match-rate,Not Started,0,0,,,
ATTR-B.4,Subtask,ATTR-B,Attribution / Systems,Build 3-layer wedding-cake funnel (visits->scheduled->NP),Yes,Joe,Joe,8,P1,2026-07-22,2026-07-30,,Funnel published,Not Started,0,0,,,
ATTR-B.5,Subtask,ATTR-B,Attribution / Systems,Root-cause visits-up-NPs-flat gap,Yes,Joe,Joe,6,P1,2026-07-28,2026-08-05,ATTR-B.3;ATTR-B.4,Root cause + fixes assigned,Not Started,0,0,,,
ATTR-C,Task,ATTR,Attribution / Systems,Reporting & systems foundation,No,Santosh,Gautam,,P2,2026-07-18,2026-09-05,,Single reporting layer; scheduling recommendation,Not Started,,,,,
ATTR-C.1,Subtask,ATTR-C,Attribution / Systems,Scheduling systems recommendation to EMT (OrthoPlex/NextGen/hybrid),No,Santosh,Gautam,12,P2,2026-07-18,2026-08-01,,Recommendation delivered,Not Started,0,0,,,
ATTR-C.2,Subtask,ATTR-C,Attribution / Systems,Select reporting tool (e.g. Pulse Insights),No,Joe,Gautam,6,P2,2026-08-01,2026-08-15,,Tool chosen + piloted,Not Started,0,0,,,
ATTR-C.3,Subtask,ATTR-C,Attribution / Systems,Automate weekly scorecard reporting,No,Santosh,Joe,10,P2,2026-08-25,2026-09-05,ATTR-C.2,Auto-report running,Not Started,0,0,,,
GOV-A,Task,GOV,Governance / Brand,Brand consistency & rebrand cleanup,No,Randall,Joe,,P2,2026-07-18,2026-08-20,,One brand standard; legacy migrated,Not Started,,,,,
GOV-A.1,Subtask,GOV-A,Governance / Brand,Fix Troy Maps/GBP + kill 'Oakland MRI' misdirect,Yes,Paul,Joe,6,P1,2026-07-18,2026-07-26,,Troy listings correct,Not Started,0,0,,,
GOV-A.2,Subtask,GOV-A,Governance / Brand,"Apply brand standards (Scrubs #49A698, Goldplay, voice) to assets",No,Randall,Joe,10,P2,2026-07-28,2026-08-10,,Brand standard held,Not Started,0,0,,,
GOV-A.3,Subtask,GOV-A,Governance / Brand,"Finish Mendelson->Synergy migration (bill-pay, YouTube, LinkedIn)",No,Paul,Joe,8,P2,2026-08-01,2026-08-20,,Legacy properties migrated,Not Started,0,0,,,
GOV-A.4,Subtask,GOV-A,Governance / Brand,Harmony Health Direct Pay rebrand rollout,No,Greg,Gautam,10,P2,2026-07-28,2026-08-15,,Rebrand live across channels,Not Started,0,0,,,
GOV-B,Task,GOV,Governance / Brand,Governance & compliance,No,Joe,Gautam,,P1,2026-07-16,2026-09-30,,Decisions tracked; ortho standard held; compliance gate on,Not Started,,,,,
GOV-B.1,Subtask,GOV-B,Governance / Brand,Maintain leadership decisions log (4 open decisions),No,Joe,Gautam,4,P1,2026-07-16,2026-09-30,,Decisions log current weekly,Not Started,0,0,,,
GOV-B.2,Subtask,GOV-B,Governance / Brand,Hold ortho over-delivery standard (130-140 NP/wk),Yes,Katie,Gautam,8,P1,2026-07-16,2026-09-30,,Ortho >=130/wk sustained,Not Started,0,0,,,
GOV-B.3,Subtask,GOV-B,Governance / Brand,Compliance review gate for all clinical content,No,Clinical,Joe,6,P1,2026-07-16,2026-09-30,,No clinical content ships unreviewed,Not Started,0,0,,,
