PL,Route Day,Accounts,Unique Locations,Primary Area,Tier 1 (proven) Stops,Spine Patients,Ortho Patients,Average Score,Shared-Building Stops,New Accounts (Aug 7),Not-sure Flags (Joel review),Day Build,Coordinate Quality,Google Maps Route
Coty,C-A01,14,13,Richmond (1) • Chesterfield (1) • New Haven (1),4,4,,,2,,,Sep 22 cell — Tier 1 rhythm (14d): run = due producers + prospect fill,check-in GPS,https://www.google.com/maps/dir/?api=1&travelmode=driving&dir_action=navigate&destination=34301%2023%20Mile%20Road%2C%20New%20Baltimore%2C%20MI%2C%2048047&waypoints=22905%20W%20Main%20St%2C%20Armada%2C%20MI%2048005%7C66440%20Gratiot%20Ave%2C%20Richmond%2C%20Michigan%2C%2048050%7C58144%20Gratiot%20Ave%2C%20New%20Haven%2C%20Michigan%2C%2048048%7C30795%2023%20Mile%20Rd%20Ste%20202%2C%20Chesterfield%2C%20MI%2048047
Coty,C-A02,23,23,Clarkston (6) • Waterford (2) • Waterford Township (1),5,5,,,0,,,Sep 22 cell — Tier 1 rhythm (14d): run = due producers + prospect fill,check-in GPS,https://www.google.com/maps/dir/?api=1&travelmode=driving&dir_action=navigate&destination=1724%20Airport%20Rd%2C%20Ste%20102%2C%20Waterford%2C%20MI%2048327&waypoints=7736%20Ortonville%20Rd%2C%20Clarkston%2C%20MI%2048348%7C5625%20Water%20Tower%20Place%2C%20Village%20of%20Clarkston%2C%20Michigan%2C%2048346%7C7210%20N%20Main%20St%20suite%20205%2C%20City%20of%20the%20Village%20of%20Clarkston%2C%20Michigan%7C5625%20Water%20Tower%20Place%20ste%20220%2C%20City%20of%20the%20Village%20of%20Clarkston%2C%20Michigan%2C%2048346%7C6507%20Town%20Center%20Dr%20Ste%20A%2C%20Clarkston%2C%20MI%2048346%7C5701%20Bow%20Pointe%20Dr%20ste%20100%2C%20Clarkston%2C%20Michigan%2C%2048346%7C6744%20Highland%20Rd%2C%20Waterford%2C%20MI%2048327%7C5220%20Highland%20Rd%20%23210%2C%20Waterford%20Township%2C%20MI%2048327
Coty,C-A03,21,20,Shelby Township (4) • Rochester (2) • Washington (1),4,13,,,2,,,Sep 22 cell — Tier 1 rhythm (14d): run = due producers + prospect fill,check-in GPS,https://www.google.com/maps/dir/?api=1&travelmode=driving&dir_action=navigate&destination=50505%20Schoenherr%20Rd%20%23%20340%2C%20Shelby%20Twp%2C%20MI%2048315&waypoints=1135%20W%20University%20Dr%20suite%20425%2C%20Rochester%2C%20Michigan%2C%2048307%7C427%20W%20University%2C%20Rochester%2C%20MI%2C%2048307%7C60005%20Campground%20Rd%20suite%20600%2C%20Washington%2C%20Michigan%2C%2048094%7C13350%2024%20Mile%20Rd%20ste%20200%2C%20Shelby%20Township%2C%20Michigan%2C%2048315%7C50505%20Schoenherr%20Rd%20ste%20120%2C%20Shelby%20Township%2C%20Michigan%2C%2048315%7C50505%20Schoenherr%20Rd%20ste%20300%2C%20Shelby%20Township%2C%20Michigan%2C%2048315
Coty,C-A04,24,22,Rochester Hills (9) • Rochester (1),3,3,,,4,,,Sep 22 cell — Tier 1 rhythm (14d): run = due producers + prospect fill,check-in GPS,https://www.google.com/maps/dir/?api=1&travelmode=driving&dir_action=navigate&destination=2952%20S%20Rochester%20Rd%2C%20Rochester%20Hills%2C%20MI%2048307&waypoints=940%20W%20Avon%20Rd%2C%20Rochester%20Hills%2C%20Michigan%2C%2048307%7C1701%20E%20South%20Blvd%2C%20Rochester%20Hills%2C%20Michigan%2C%2048307%7C1701%20E%20South%20Blvd%20ste%20240%2C%20Rochester%20Hills%2C%20Michigan%2C%2048307%7C1701%20South%20Boulevard%20East%2C%20Suite%20290%2C%20Rochester%20Hills%2C%20Michigan%2C%2048307%7C1701%20E%20South%20Blvd%20Ste%20250%2C%20Rochester%20Hills%2C%20MI%2048307%7C1349%20S%20Rochester%20Rd%20Ste%20130%2C%20Rochester%20Hills%2C%20MI%2048307%7C1135%20W%20University%20Dr%20Ste%20200%2C%20Rochester%20Hills%2C%20MI%2048307%7C75%20Barclay%20Circle%2C%20ste%20120%2C%20Rochester%2C%20MI%2C%2048307%7C75%20Barclay%20Cir%2C%20%23230%2C%20Rochester%20Hills%2C%20Michigan%2C%2048307
Coty,C-A05,22,21,Rochester Hills (3) • Sterling Heights (3) • Rochester (1),4,4,,,2,,,Sep 22 cell — Tier 1 rhythm (14d): run = due producers + prospect fill,check-in GPS,https://www.google.com/maps/dir/?api=1&travelmode=driving&dir_action=navigate&destination=3840%2017%20Mile%20Road%2C%20Sterling%20Heights%2C%20Michigan%2C%2048310&waypoints=555%20Barclay%20Circle%2C%20ste%20150%2C%20Rochester%20Hills%2C%20Michigan%2C%2048307%7C595%20Barclay%20Cir%20ste%20d%2C%20Rochester%20Hills%2C%20Michigan%2C%2048307%7C3950%20S%20Rochester%20Rd%2C%20Ste%201200%2C%20Rochester%2C%20MI%2048307%7C633%20E%20South%20Blvd%20%231200%2C%20Rochester%20Hills%2C%20Michigan%2C%2048307%7C43200%20Dequindre%20Rd.%2C%20Ste%20104%20Sterling%20Heights%2C%20MI%2048314%2C%20United%20States%2C%20Sterling%20Heights%2C%20Michigan%2C%2048314%7C43184%20Dequindre%2C%20Ste%20202%2C%20Sterling%20Heights%2C%20MI%2048314%7C4101%20John%20R%20Rd%2C%20Troy%2C%20Michigan%2C%2048085
Coty,C-A06,22,22,Clinton Township (3) • Sterling Heights (3) • Macomb (1),6,11,,,0,,,Sep 22 cell — Tier 1 rhythm (14d): run = due producers + prospect fill,check-in GPS,https://www.google.com/maps/dir/?api=1&travelmode=driving&dir_action=navigate&destination=8244%20Metro%20Parkway%2C%20Sterling%20Heights%2C%20Michigan%2C%2048312&waypoints=44720%20Van%20Dyke%20Ave%2C%20Utica%2C%20MI%2C%2048317%7C43145%20Schoenherr%20Rd%2C%20Sterling%20Heights%2C%20Michigan%2C%2048313%7C46591%20Romeo%20Plank%20Road%2C%20Macomb%2C%20Michigan%2C%2048044%7C43900%20Garfield%20Rd%20ste%20222%2C%20Clinton%20Township%2C%20Michigan%2C%2048038%7C42621%20Garfield%20Rd%2C%20ste%20108%2C%20Clinton%20Township%2C%20MI%2C%20480385031%7C15501%20Metro%20Parkway%2C%20Clinton%20Township%2C%20Michigan%2C%2048036%7C13801%2015%20Mile%20Rd%2C%20Sterling%20Heights%2C%20Michigan%2C%2048312
Coty,C-A07,22,21,Howell (2) • Brighton (2) • Milford (2),4,6,,,2,,,Sep 22 cell — Tier 1 rhythm (14d): run = due producers + prospect fill,check-in GPS,https://www.google.com/maps/dir/?api=1&travelmode=driving&dir_action=navigate&destination=2330%20S%20Milford%20Rd%2C%20ste%20120%20Highland%2C%20Highland%20Charter%20Township%2C%20Michigan%2C%2048357&waypoints=1225%20S%20Latson%20Rd%20%23200%2C%20Howell%2C%20Michigan%2C%2048843%7C1225%20W%20Grand%20River%20Ave%20Ste%20300%2C%20Howell%2C%20MI%2048843%7C8273%20Grand%20River%20Ave%20ste%20220%2C%20Brighton%2C%20Michigan%2C%2048114%7C136%20Kissane%20Ave%2C%20Brighton%2C%20MI%20nan%7C9547%20Chilson%20Commons%20Cir%2C%20Whitmore%20Lake%2C%20Michigan%2C%2048189%7C1050%20Corporate%20Office%20Dr%2C%20Milford%2C%20Michigan%2C%2048381%7C1435%20N.%20Milford%2C%20ste%20100%2C%20Milford%2C%20MI%2C%2048381
Coty,C-A08,19,19,Clinton Township (4) • St Clair Shores (3) • Roseville (2),2,2,,,0,,,Sep 22 cell — Tier 1 rhythm (14d): run = due producers + prospect fill,check-in GPS,https://www.google.com/maps/dir/?api=1&travelmode=driving&dir_action=navigate&destination=21510%20Harrington%20St%20Ste%20200%2C%20Clinton%20Township%2C%20MI%2048036&waypoints=15717%2015%20Mile%20Rd%2C%20Clinton%20Township%2C%20MI%2C%2048035%7C30695%20Little%20Mack%20Avenue%2C%20ste%20500%2C%20Roseville%2C%20Michigan%2C%2048066%7C30695%20Little%20Mack%20Ave%2C%20Ste%20200%2C%20Roseville%2C%20MI%2048066%7C21000%20Twelve%20Mile%20Rd%20Suite%20105%2C%20St%20Clair%20Shores%2C%20Michigan%2C%2048081%7C29275%20Harper%2C%20St.%20Clair%20Shores%2C%20Michigan%2C%2048081%7C30140%20Harper%20Ave%20ste%20300%2C%20St.%20Clair%20Shores%2C%20Michigan%2C%2048082%7C36367%20Harper%20Ave%2C%20Clinton%20Township%2C%20MI%2C%2048035%7C36385%20Harper%20Ave%20Clinton%20Twp%2C%20Clinton%20Township%2C%20Michigan%2C%2048035
Coty,C-A09,22,22,Troy (5) • Southfield (2) • Farmington (1),3,3,,,0,,,Sep 22 cell — Tier 1 rhythm (14d): run = due producers + prospect fill,check-in GPS,https://www.google.com/maps/dir/?api=1&travelmode=driving&dir_action=navigate&destination=1560%20E%20Maple%20Rd%20ste%20200%2C%20Troy%2C%20Michigan%2C%2048083&waypoints=28595%20Orchard%20Lake%20Road%2C%20ste%20200%2C%20Farmington%2C%20Michigan%2C%20483342977%7C26400%20West%2012%20Mile%20Rd%2C%20Suite%20170%2C%20Southfield%2C%20MI%2C%2048034%7C29829%20Telegraph%20Rd%20suite%20200%2C%20Southfield%2C%20Michigan%2C%2048034%7C1380%20Coolidge%20Hwy%20suite%20200%2C%20Troy%2C%20Michigan%2C%2048084%7C3250%20W%20Big%20Beaver%20Rd%20%23144%2C%20Troy%2C%20Michigan%2C%2048084%7C3290%20West%20Big%20Beaver%20Road%2C%20ste%20420%2C%20Troy%2C%20Michigan%2C%2048084%7C1627%20W%20Big%20Beaver%20Rd%2C%20Troy%2C%20Michigan%2C%2048084
Coty,C-A10,21,20,Warren (4) • Sterling Heights (3) • Madison Heights (2),6,8,,,2,,,Sep 22 cell — Tier 1 rhythm (14d): run = due producers + prospect fill,check-in GPS,https://www.google.com/maps/dir/?api=1&travelmode=driving&dir_action=navigate&destination=23411%20Ryan%20Rd%2C%20Warren%2C%20MI%2C%2048091&waypoints=5843%2017%20Mile%20Road%2C%20Sterling%20Heights%2C%20Michigan%2C%2048310%7C5195%2015%20Mile%20Rd%2C%20Sterling%20Heights%2C%20Michigan%2C%2048310%7C33703%20Van%20Dyke%20Ave%2C%20Sterling%20Heihhts%2C%20MI%2C%2048312%7C11300%20E%2013%20Mile%20Rd%2C%20Suite%201%2C%20Warren%2C%20MI%2C%2048093%7C8545%20Common%20Rd%2C%20Ste%20280%2C%20Warren%2C%20Michigan%2C%20480936772%7C29433%20Ryan%20Rd%2C%20Warren%2C%20MI%2048092%7C2405%20E%2014%20Mile%20Rd%2C%20Sterling%20Heights%2C%20MI%2C%2048310%7C610%20E%2012%20Mile%20Rd%2C%20Madison%20Heights%2C%20MI%2C%20480712567%7C27483%20DeQuindre%20Rd%20suite%20302%2C%20Madison%20Heights%2C%20Michigan%2C%2048071
Coty,C-A11,20,18,Warren (5) • Roseville (4) • St Clair Shores (1),3,4,,,4,,,Sep 22 cell — Tier 1 rhythm (14d): run = due producers + prospect fill,check-in GPS,https://www.google.com/maps/dir/?api=1&travelmode=driving&dir_action=navigate&destination=21603%20E%2011%20MILE%20RD%2C%20SAINT%20CLAIR%20SHORES%2C%20Michigan&waypoints=14050%2014%20Mile%20Rd%2C%20Warren%2C%20MI%2C%2048088%7C13430%2013%20Mile%20Rd%2C%20Warren%2C%20MI%2048088%7C11900%20E%2012%20Mile%20Rd%2C%20ste%20201%2C%20Warren%2C%20MI%2C%20480933490%7C11900%20E%2012%20Mile%20Rd%20Ste%20102%2C%20Warren%2C%20MI%20MI%2048093%7C27450%20Schoenherr%2C%20ste%20400%2C%20Warren%2C%20Michigan%2C%2048088%7C26390%20Gratiot%20Ave%2C%20Roseville%2C%20Michigan%2C%2048066%7C18303%20E%2010%20Mile%20Rd%20%23500%2C%20Roseville%2C%20Michigan%2C%2048066%7C18263%20E%2010%20Mile%20Rd%2C%20ste%20E%2C%20Roseville%2C%20Michigan%2C%2048066%7C18325%20E.%2010%20Mile%20Rd%20Suite%20300%2C%20Roseville%2C%20MI%2C%2048066
Coty,C-A12,19,19,Madison Heights (3) • Berkley (2) • Southfield (1),5,7,,,0,,,Sep 22 cell — Tier 1 rhythm (14d): run = due producers + prospect fill,check-in GPS,https://www.google.com/maps/dir/?api=1&travelmode=driving&dir_action=navigate&destination=1200%20W%2012%20Mile%20Rd%2C%20Madison%20Heights%2C%20MI%2C%2048071&waypoints=4045%20West%2013%20Mile%20Road%2C%20Royal%20Oak%2C%20Michigan%2C%2048073%7C2635%20Coolidge%20Hwy%2C%20Berkley%2C%20MI%2C%2048072%7C1964%2011%20Mile%20Rd%2C%20Berkley%2C%20MI%2C%2048072%7C18591%20W%2010%20Mile%20Rd%2C%20SOUTHFIELD%2C%20Michigan%2C%2048075%7C911%20E%209%20Mile%20Rd%2C%20Ferndale%2C%20Michigan%2C%2048220%7C26505%20John%20R%20Rd%2C%20Madison%20Heights%2C%20MI%2C%2048071%7C28200%20John%20R%20Road%2C%20Madison%20Heights%2C%20MI%2C%2048071
Coty,C-A13,18,17,St Clair Shores (7) • Roseville (2) • Harper Woods (1),3,9,,,2,,,Sep 22 cell — Tier 1 rhythm (14d): run = due producers + prospect fill,check-in GPS,https://www.google.com/maps/dir/?api=1&travelmode=driving&dir_action=navigate&destination=19959%20Vernier%20Rd%2C%20Suite%20200%2C%20Harper%20Woods%2C%20MI%2C%2048225&waypoints=18285%20East%2010%20Mile%20Road%2C%20Roseville%2C%20Michigan%2C%2048066%7C25100%20Kelly%20Rd%2C%20Roseville%2C%20Michigan%2C%2048066%7C25631%20LITTLE%20MACK%20AVE%20STE%20103%2C%20SAINT%20CLAIR%20SHORES%2C%20Michigan%7C24911%20Little%20Mack%20Ave%20Ste%20C%2C%20St.%20Clair%20Shores%2C%20Michigan%2C%2048080%7C24800%20Harper%2C%20Saint%20Clair%20Shores%2C%20MI%2C%2048080%7C24100%20Little%20Mack%20Ave%2C%20Saint%20Clair%20Shores%2C%20MI%2C%2048080%7C19901%20E%2010%20Mile%20Rd%2C%20Saint%20Clair%20Shores%2C%20MI%2048080%7C23600%20Harper%20Ave%20ste%20103%20St%20Clair%20Shores%2C%20St.%20Clair%20Shores%2C%20Michigan%2C%2048080%7C21610%209%20Mile%20Rd%2C%20St%20Clair%20Shores%2C%20MI%2C%2048080
Coty,C-A14,20,20,Livonia (6) • Northville (1) • Novi (1),4,6,,,0,,,Sep 22 cell — Tier 1 rhythm (14d): run = due producers + prospect fill,check-in GPS,https://www.google.com/maps/dir/?api=1&travelmode=driving&dir_action=navigate&destination=24100%20Drake%20Rd%2C%20Farmington%20Hills%2C%20Michigan%2C%2048335&waypoints=42350%20Grand%20River%20Ave%2C%20Novi%2C%20Michigan%2C%2048375%7C670%20Griswold%20St%2C%20Northville%2C%20MI%2048167%7C37595%207%20MILE%20RD%20STE%20240%2C%20LIVONIA%2C%20MI%2C%2048152%7C36180%205%20MILE%20RD%2C%20LIVONIA%2C%20Michigan%2C%2048154%7C15144%20Levan%20Road%20Ste%2044%2C%20Livonia%2C%20MI%2048154%7C15645%20Farmington%20Rd%2C%20Livonia%2C%20Michigan%2C%2048154%7C17920%20Farmington%20Rd%2C%20Livonia%2C%20MI%2048152%7C19335%20Merriman%20Road%2C%20Livonia%2C%20MI%2048152
Coty,C-A15,16,16,Wayne (1) • Inkster (1) • Dearborn Heights (1),3,3,,,0,,,Sep 22 cell — Tier 1 rhythm (14d): run = due producers + prospect fill,check-in GPS,https://www.google.com/maps/dir/?api=1&travelmode=driving&dir_action=navigate&destination=1675%20Kingsway%20Court%2C%20Trenton%2C%20Michigan%2C%2048183&waypoints=32320%20Michigan%2C%20Wayne%2C%20MI%2C%2048184%7C2700%20Hamlin%20Dr%2C%20Inkster%2C%20MI%2048141%7C25516%20Ford%20Rd%2C%20Dearborn%20Heights%2C%20MI%2048127%7C14825%20Southfield%20Road%2C%20Allen%20Park%2C%20Michigan%2C%2048101%7C15332%20Fort%20St%2C%20Southgate%2C%20MI%2048195
Coty,C-A16,2,2,New Boston (1) • Monroe (1),2,3,,,0,,,Sep 22 cell — Tier 1 rhythm (14d): run = due producers + prospect fill — OUTPOST (pair with a nearby day),check-in GPS,https://www.google.com/maps/dir/?api=1&travelmode=driving&dir_action=navigate&destination=2252%20North%20Monroe%20Street%2C%20Monroe%2C%20MI%2048162&waypoints=21057%20Waltz%20Rd%2C%20NEW%20BOSTON%2C%20Michigan%2C%2048164
Coty,C-C01,2,2,Flint (1) • Grand Blanc Township (1),0,0,,,0,,,"Sep 22 cell — prospects only (75d, runs on slack) — OUTPOST (pair with a nearby day)",town centroid (never visited),https://www.google.com/maps/dir/?api=1&travelmode=driving&dir_action=navigate&destination=861%20Health%20Park%20Boulevard%2C%20Grand%20Blanc%20Township%2C%20Michigan%2C%2048439&waypoints=5205%20Norko%20Drive%2C%20Flint%2C%20Michigan%2C%2048507
Coty,C-C02,4,4,Clarkston (3) • Holly (1),0,0,,,0,,,"Sep 22 cell — prospects only (75d, runs on slack)",check-in GPS,https://www.google.com/maps/dir/?api=1&travelmode=driving&dir_action=navigate&destination=7188%20N%20Main%20St%2C%20Clarkston%2C%20Michigan%2C%2048346&waypoints=3523%20Grange%20Hall%20Rd%2C%20Holly%2C%20Michigan%2C%2048442%7C9749%20Dixie%20Hwy%2C%20City%20of%20the%20Village%20of%20Clarkston%2C%20Michigan%2C%2048348%7C7192%20N%20Main%20St%2C%20Clarkston%2C%20Michigan%2C%2048346
Coty,C-C03,2,2,Washington (1) • Shelby Township (1),0,0,,,0,,,"Sep 22 cell — prospects only (75d, runs on slack) — OUTPOST (pair with a nearby day)",check-in GPS,https://www.google.com/maps/dir/?api=1&travelmode=driving&dir_action=navigate&destination=8180%2026%20Mile%20Rd%20suite%20100%2C%20Shelby%20Township%2C%20Michigan%2C%2048316&waypoints=58024%20Van%20Dyke%2C%20Washington%2C%20MI%2C%2048094
Coty,C-C04,1,1,Algonac (1),0,0,,,0,,,"Sep 22 cell — prospects only (75d, runs on slack) — OUTPOST (pair with a nearby day)",town centroid (never visited),
Coty,C-C05,5,5,Milford Charter Township (3) • Highland Charter Township (1) • Hartland (1),0,0,,,0,,,"Sep 22 cell — prospects only (75d, runs on slack)",check-in GPS,https://www.google.com/maps/dir/?api=1&travelmode=driving&dir_action=navigate&destination=600%20Highland%20Ave%20Milford%2C%20Milford%20Charter%20Township%2C%20Michigan%2C%2048381&waypoints=10850%20HIGHLAND%20RD%2C%20HARTLAND%2C%20Michigan%7C2116%20South%20Milford%20Road%2C%20Highland%20Charter%20Township%2C%20Michigan%2C%2048357%7C1501%20N%20Milford%20Rd%20ste%20200%2C%20Milford%20Charter%20Township%2C%20Michigan%2C%2048381%7C1435%20N%20Milford%20Rd%20suite%20200%20Milford%2C%20Milford%20Charter%20Township%2C%20Michigan%2C%2048381
Coty,C-C06,6,6,Howell (6),0,0,,,0,,,"Sep 22 cell — prospects only (75d, runs on slack)",zip centroid,https://www.google.com/maps/dir/?api=1&travelmode=driving&dir_action=navigate&destination=1255%20East%20Grand%20River%2C%20Howell%2C%20MI%2C%2048843&waypoints=1225%20S%20Latson%20Rd%20%23340%2C%20Howell%2C%20Michigan%2C%2048843%7C1225%20South%20Latson%20Road%2C%20Howell%2C%20Michigan%2C%2048843%7C3399%20East%20Grand%20River%20Avenue%2C%20Howell%2C%20Michigan%2C%2048843%7C4185%20East%20Grand%20River%20Avenue%2C%20Howell%2C%20Michigan%2C%2048843%7C202%20West%20Highland%20Road%2C%20Howell%2C%20Michigan%2C%2048843
Coty,C-C07,9,9,Ypsilanti (5) • Saline (2) • Ann Arbor (1),0,0,,,0,,,"Sep 22 cell — prospects only (75d, runs on slack)",check-in GPS,https://www.google.com/maps/dir/?api=1&travelmode=driving&dir_action=navigate&destination=4200%20Earhart%20Road%2C%20Ann%20Arbor%2C%20Michigan%2C%2048105&waypoints=400%20N%20Main%20St%2C%20Chelsea%2C%20Michigan%2C%2048118%7C7025%20East%20Michigan%20Avenue%2C%20Saline%2C%20Michigan%2C%2048176%7C7115%20E%20Michigan%20Ave%20ste%20200%2C%20Saline%2C%20Michigan%2C%2048176%7C135%20South%20Prospect%20Street%2C%20Ypsilanti%2C%20Michigan%2C%2048198%7C135%20S%20PROSPECT%20ST%2C%20YPSILANTI%2C%20Michigan%2C%20MI%2048198%7C301%20W%20Michigan%20Ave%2C%20Ypsilanti%2C%20Michigan%2C%2048197%7C5333%20McAuley%20Dr%20ste%202009%2C%20Ypsilanti%2C%20Michigan%2C%2048197%7C5333%20McAuley%20Dr%20ste%201000%2C%20Ypsilanti%2C%20Michigan%2C%2048197
Jasmine,J-A01,23,22,Novi (6) • New Hudson (1) • Walled Lake (1),4,12,,,2,,,Sep 22 cell — Tier 1 rhythm (14d): run = due producers + prospect fill,check-in GPS,https://www.google.com/maps/dir/?api=1&travelmode=driving&dir_action=navigate&destination=620%20N%20Pontiac%20Trail%2C%20Walled%20Lake%2C%20MI%2048390&waypoints=1225%20S%20Latson%20Rd%20Ste%20303%2C%20Howell%2C%20MI%2048843%7C55840%20Grand%20River%20Ave%20ste%20300%2C%20New%20Hudson%2C%20Michigan%2C%2048165%7C26850%20PROVIDENCE%20PKWY%20STE%20420%2C%20NOVI%2C%20Michigan%2C%2048374%7C26850%20PROVIDENCE%20PKWY%20STE%20370%2C%20NOVI%2C%20MI%2C%2048374%7C43535%20Grand%20River%2C%20Novi%2C%20Michigan%2C%2048375%7C44130%20W%2012%20MILE%20RD%2C%20NOVI%2C%20MI%2C%2048377%7C44000%20W%2012%20MILE%20RD%20STE%20200%2C%20NOVI%2C%20MI%2C%2048377%7C44000%20W%2012%20MILE%20RD%20STE%20100%2C%20NOVI%2C%20MI%2C%2048377
Jasmine,J-A02,18,18,Southfield (3) • Detroit (1),2,2,,,0,,,Sep 22 cell — Tier 1 rhythm (14d): run = due producers + prospect fill,check-in GPS,https://www.google.com/maps/dir/?api=1&travelmode=driving&dir_action=navigate&destination=20001%20West%20Seven%20Mile%20Road%2C%20Detroit%2C%20Michigan%2C%2048219&waypoints=27207%20Lahser%20Rd%2C%20Southfield%2C%20Michigan%2C%2048034%7C21816%20w%2011%20mile%20rd%2C%20Southfield%2C%20Michigan%2C%2048076%7C23832%20SOUTHFIELD%20RD%20STE%201%2C%20SOUTHFIELD%2C%20Michigan
Jasmine,J-A03,18,18,Eastpointe (6) • Detroit (3) • Sterling Heights (1),4,7,,,0,,,Sep 22 cell — Tier 1 rhythm (14d): run = due producers + prospect fill,check-in GPS,https://www.google.com/maps/dir/?api=1&travelmode=driving&dir_action=navigate&destination=4160%20John%20R%20St%2C%20Ste%20522%2C%20Detroit%2C%20MI%2048201&waypoints=33464%20Schoenherr%20Road%2C%20Sterling%20Heights%2C%20MI%2048312%7C17000%20E%2010%20Mile%20Rd%2C%20Eastpointe%2C%20MI%2C%2048021%7C24901%20Kelly%20Rd%2C%20Eastpointe%2C%20MI%2C%2048021%7C19070%20East%2010%20Mile%20Road%2C%20Eastpointe%2C%20Michigan%2C%2048021%7C22850%20Kelly%20Rd%2C%20ste%201%2C%20Eastpointe%2C%20MI%2C%2048021%7C21811%20Kelly%20Rd%2C%20Eastpointe%2C%20Michigan%2C%2048021%7C18161%20E%208%20Mile%20Rd%2C%20Eastpointe%2C%20Michigan%2C%2048021%7C12871%20East%20Jefferson%20Avenue%2C%20Detroit%2C%20Michigan%2C%2048215%7C4201%20St%20Antoine%2C%20Detroit%2C%20Michigan%2C%2048201
Jasmine,J-A04,18,18,Southfield (2) • Warren (1) • Detroit (1),2,3,,,0,,,Sep 22 cell — Tier 1 rhythm (14d): run = due producers + prospect fill,check-in GPS,https://www.google.com/maps/dir/?api=1&travelmode=driving&dir_action=navigate&destination=1921%208%20Mile%20Road%2C%20Warren%2C%20Michigan%2C%2048091&waypoints=22250%20Providence%20Drive%2C%20ste%20401%2C%20Southfield%2C%20Michigan%2C%2048075%7C22250%20PROVIDENCE%20DR%20STE%20301%2C%20SOUTHFIELD%2C%20Michigan%2C%2048075%7C16226%20Grand%20River%20Ave%2C%20Detroit%2C%20Michigan%2C%2048227
Jasmine,J-A05,22,22,Livonia (8),3,6,,,0,,,Sep 22 cell — Tier 1 rhythm (14d): run = due producers + prospect fill,check-in GPS,https://www.google.com/maps/dir/?api=1&travelmode=driving&dir_action=navigate&destination=14555%20Levan%20Rd%20suite%20308%2C%20Livonia%2C%20Michigan%2C%2048154&waypoints=37633%20Pembroke%20Avenue%2C%20Livonia%2C%20Michigan%2C%2048152%7C20331%20FARMINGTON%20RD%20STE%20103%2C%20LIVONIA%2C%20MI%2C%2048152%7C20321%20FARMINGTON%20RD%2C%20LIVONIA%2C%20MI%2C%2048152%7C20311%20Farmington%20Road%2C%20Livonia%2C%20Michigan%2C%2048152%7C20206%20Farmington%20Rd%2C%20Livonia%2C%20MI%2C%2048152%7C20290%20Middlebelt%20Rd%2C%20Livonia%2C%20Michigan%2C%2048152%7C28479%207%20MILE%20RD%2C%20LIVONIA%2C%20MI%2C%2048152
Jasmine,J-A06,24,24,Livonia (10),4,10,,,0,,,Sep 22 cell — Tier 1 rhythm (14d): run = due producers + prospect fill,check-in GPS,https://www.google.com/maps/dir/?api=1&travelmode=driving&dir_action=navigate&destination=36475%20Five%20Mile%20Rd%2C%20Livonia%2C%20Michigan%2C%2048154&waypoints=19000%20St%20Joe%27s%20Pkwy%2C%20Livonia%2C%20Michigan%2C%2048152%7C37595%20W%20Seven%20Mile%20Rd%2C%20Livonia%2C%20Michigan%2C%2048152%7C37595%207%20mile%20rd%2C%20ste%20210%2C%20LIVONIA%2C%20Michigan%2C%2048152%7C37650%20PROFESSIONAL%20CENTER%20DR%20STE%201010A%2C%20LIVONIA%2C%20MI%2C%2048154%7C36650%20Five%20Mile%20Rd%20suite%20106%2C%20Livonia%2C%20Michigan%2C%2048154%7C15140%20Levan%20Rd%2C%20Livonia%2C%20Michigan%2C%2048154%7C15130%20Levan%20Rd%2C%20Livonia%2C%20MI%2C%2048154%7C14555%20Levan%20Rd%20suite%20404%2C%20Livonia%2C%20Michigan%2C%2048154%7C15160%20Levan%20Rd%2C%20Livonia%2C%20Michigan%2C%2048154
Jasmine,J-A07,24,24,Livonia (4) • Garden City (3) • Dearborn Heights (2),6,11,,,0,,,Sep 22 cell — Tier 1 rhythm (14d): run = due producers + prospect fill,check-in GPS,https://www.google.com/maps/dir/?api=1&travelmode=driving&dir_action=navigate&destination=25350%20West%20Warren%20Street%2C%20Dearborn%20Heights%2C%20Michigan%2C%2048127&waypoints=29370%20Plymouth%20Rd%2C%20Livonia%2C%20Michigan%2C%2048150%7C29370%20Plymouth%20Road%2C%20Livonia%2C%20Michigan%2C%2048150%7C28701%20Plymouth%20Rd%2C%20Livonia%2C%20Michigan%2C%2048150%7C9216%20Middlebelt%20Rd%2C%20Livonia%2C%20Michigan%2C%2048150%7C5823%20MIDDLEBELT%20RD%2C%20GARDEN%20CITY%2C%20MI%2C%2048135%7C29454%20Ford%20Road%2C%20Garden%20City%2C%20Michigan%2C%2048135%7C29150%20FORD%20RD%2C%20GARDEN%20CITY%2C%20MI%2C%2048135%7C27250%20Cherry%20Hill%20Road%2C%20Dearborn%20Heights%2C%20MI%2048127%7C27155%20CHERRY%20HILL%20RD%2C%20INKSTER%2C%20MI%2C%2048141
Jasmine,J-A08,24,23,Canton (4) • Plymouth (3) • Wayne (2),1,4,,,2,,,Sep 22 cell — Tier 1 rhythm (14d): run = due producers + prospect fill,check-in GPS,https://www.google.com/maps/dir/?api=1&travelmode=driving&dir_action=navigate&destination=36475%205%20MILE%20RD%2C%20LIVONIA%2C%20Michigan%2C%2048154&waypoints=990%20W%20Ann%20Arbor%20Trail%20suite%20104%2C%20Plymouth%2C%20Michigan%2C%2048170%7C990%20West%20Ann%20Arbor%20Trail%2C%20Plymouth%2C%20Michigan%2C%2048170%7C990%20w%20Ann%20Arbor%20trail%2C%20ste%20208%2C%20PLYMOUTH%2C%20Michigan%2C%2048170%7C6300%20N%20HAGGERTY%20RD%20STE%20220%2C%20CANTON%2C%20MI%2C%2048187%7C5730%20N%20Lilley%20Rd%2C%20ste%20C%2C%20Canton%2C%20MI%2C%2048187%7C43050%20Ford%20Road%20Ste%20150%2C%20Canton%2C%20Michigan%2C%2048187%7C255%20N%20Lilley%20Rd%2C%20Canton%2C%20Michigan%2C%2048187%7C34659%20West%20Michigan%20Avenue%2C%20Wayne%2C%20Michigan%2C%2048184%7C4020%20Venoy%20Rd%20suite%20400%2C%20Wayne%2C%20Michigan%2C%2048184
Jasmine,J-A09,24,20,Canton (10),6,10,,,7,,,Sep 22 cell — Tier 1 rhythm (14d): run = due producers + prospect fill,check-in GPS,https://www.google.com/maps/dir/?api=1&travelmode=driving&dir_action=navigate&destination=2050%20North%20Haggerty%20Road%2C%20CANTON%2C%20Michigan%2C%2048187&waypoints=49650%20Cherry%20Hill%20Rd%2C%20Canton%2C%20Michigan%2C%2048187%7C1051%20North%20Canton%20Center%20Road%2C%20Canton%2C%20Michigan%2C%2048187%7C1051%20North%20Canton%20Center%20Road%2C%20Canton%2C%20MI%2048187%7C2050%20North%20Haggerty%20Road%2C%20Canton%2C%20Michigan%2C%2048187%7C8532%20N%20CANTON%20CENTER%20RD%2C%20CANTON%2C%20MI%2C%2048187%7C2050%20N%20Haggerty%20Rd%2C%20Canton%2C%20Michigan%2C%2048187%7C2050%20N%20Haggerty%20Road%2C%20Canton%2C%20Michigan%2C%2048187%7C7330%20N%20CANTON%20CENTER%20RD%20STE%20111%2C%20CANTON%2C%20MI%2C%2048187%7C7330%20N%20CANTON%20CENTER%20RD%20STE%20209%2C%20CANTON%2C%20MI%2C%2048187
Jasmine,J-A10,21,20,Dearborn (7),5,5,,,2,,,Sep 22 cell — Tier 1 rhythm (14d): run = due producers + prospect fill,check-in GPS,https://www.google.com/maps/dir/?api=1&travelmode=driving&dir_action=navigate&destination=13244%20W%20Warren%20Ave%2C%20Dearborn%2C%20Michigan%2C%2048126&waypoints=23870%20Michigan%20Ave%2C%20Dearborn%2C%20MI%20nan%7C3133%20South%20Telegraph%20Road%2C%20Dearborn%2C%20Michigan%2C%2048124%7C22361%20W%20VILLAGE%20DR%20STE%20102%2C%20DEARBORN%2C%20MI%2C%2048124%7C3815%20Pelham%20Street%2C%20Dearborn%2C%20Michigan%2C%2048124%7C17000%20Hubbard%20Dr%2C%20Dearborn%2C%20Michigan%2C%2048126%7C5245%20Schaefer%20Rd%2C%20Dearborn%2C%20Michigan%2C%2048126
Jasmine,J-A11,23,22,Ann Arbor (3) • Ypsilanti (2) • Canton (2),2,2,,,2,,,Sep 22 cell — Tier 1 rhythm (14d): run = due producers + prospect fill,check-in GPS,https://www.google.com/maps/dir/?api=1&travelmode=driving&dir_action=navigate&destination=1600%20S%20Canton%20Center%20Road%2C%20Canton%2C%20Michigan%2C%2048188&waypoints=80%20South%20Zeeb%20Road%2C%20Ann%20Arbor%2C%20Michigan%2C%2048103%7C24%20Frank%20Lloyd%20Wright%20Dr%20ste%202300%20lobby%20h%2C%20Ann%20Arbor%2C%20Michigan%2C%2048105%7C5361%20McAuley%20Dr%2C%20Ypsilanti%2C%20Michigan%2C%2048197%7C5315%20Elliot%20Dr%2C%20suite%20301%2C%20Ypsilanti%2C%20Michigan%2C%2048197%7C3262%20Washtenaw%20Avenue%2C%20Ann%20Arbor%2C%20Michigan%2C%2048104%7C401%20N%20ANN%20ARBOR%20ST%20STE%20D%2C%20SALINE%2C%20MI%2C%2048176%7C201%203RD%20ST%20STE%20200%2C%20BELLEVILLE%2C%20Michigan%7C1600%20S%20Canton%20Center%20Road%2C%20Suite%20200%2C%20CANTON%2C%20Michigan%2C%2048188
Jasmine,J-A12,21,21,Southgate (3) • Trenton (2) • Brownstown (1),2,2,,,0,,,Sep 22 cell — Tier 1 rhythm (14d): run = due producers + prospect fill,check-in GPS,https://www.google.com/maps/dir/?api=1&travelmode=driving&dir_action=navigate&destination=19135%20ALLEN%20RD%20STE%20106%2C%20BROWNSTOWN%2C%20MI%2C%2048183&waypoints=15555%20Northline%20Road%2C%20Southgate%2C%20Michigan%2C%2048195%7C15450%20Northline%20Road%2C%20Southgate%2C%20MI%2048195%7C13636%20Dix%20Toledo%2C%20Southgate%2C%20MI%2C%20481952432%7C2300%20Biddle%20Avenue%2C%20Wyandotte%2C%20Michigan%2C%2048192%7C1570%20Kingsway%20Ct%20suite%201%2C%20Trenton%2C%20Michigan%2C%2048183%7C2901%20West%20Rd%2C%20Trenton%2C%20MI%2048183
Jasmine,J-B01,22,22,Novi (6) • Livonia (2),0,0,,,0,,,Sep 22 cell — Tier 2/3 rhythm (24d),check-in GPS,https://www.google.com/maps/dir/?api=1&travelmode=driving&dir_action=navigate&destination=39000%207%20MILE%20RD%20Suite%204300%2C%20LIVONIA%2C%20MI%2C%2048152&waypoints=39475%20LEWIS%20DR%20STE%20150%2C%20NOVI%2C%20MI%2C%2048377%7C39475%20Lewis%20Dr%20ste%20130%2C%20Novi%2C%20Michigan%2C%2048377%7C28455%20HAGGERTY%20RD%20STE%20100%2C%20NOVI%2C%20MI%2C%2048377%7C40015%20Grand%20River%20Ave%2C%20ste%20100%2C%20Novi%2C%20Michigan%2C%2048375%7C39500%20West%2010%20mile%2C%20suite%20100%2C%20Novi%2C%20MI%2C%2048375%7C39555%20West%2010%20Mile%20Road%2C%20Novi%2C%20Michigan%2C%2048375%7C39000%20W%20SEVEN%20MILE%20RD%20STE%202500%2C%20LIVONIA%2C%20MI%2C%2048152
Jasmine,J-C01,7,7,Brighton (7),0,0,,,0,,,"Sep 22 cell — prospects only (75d, runs on slack)",check-in GPS,https://www.google.com/maps/dir/?api=1&travelmode=driving&dir_action=navigate&destination=9646%20Village%20Pl%20Blvd%2C%20Brighton%2C%20Michigan%2C%2048116&waypoints=7701%20Grand%20River%20Avenue%2C%20Brighton%2C%20Michigan%2C%2048114%7C8050%20Grand%20River%20Ave%2C%20Brighton%2C%20Michigan%2C%2048114%7C8082%20Grand%20River%20Ave%2C%20Brighton%2C%20Michigan%2C%2048114%7C8336%20Hilton%20Rd%2C%20Brighton%2C%20Michigan%2C%2048114%7C5865%20Whitmore%20Lake%20Road%2C%20Brighton%2C%20Michigan%2C%2048116%7C10415%20Grand%20River%20Rd%2C%20Ste%20300%2C%20Brighton%2C%20Michigan%2C%2048116
Jasmine,J-C02,6,6,Novi (6),0,0,,,0,,,"Sep 22 cell — prospects only (75d, runs on slack)",check-in GPS,https://www.google.com/maps/dir/?api=1&travelmode=driving&dir_action=navigate&destination=39475%20Lewis%20Dr%20ste%20110%2C%20Novi%2C%20Michigan%2C%2048377&waypoints=30880%20BECK%20RD%2C%20NOVI%2C%20MI%2C%2048377%7C47601%20GRAND%20RIVER%20AVE%20STE%20A218%2C%20NOVI%2C%20Michigan%2C%2048374%7C27204%20Beck%20Rd%2C%20Novi%2C%20Michigan%2C%2048374%7C39450%20W%2012%20Mile%20Rd%20%233c%2C%20Novi%2C%20Michigan%2C%2048377%7C39450%20West%2012%20Mile%20Road%2C%20Novi%2C%20Michigan%2C%2048377
Jasmine,J-C03,6,6,Southfield (6),0,0,,,0,,,"Sep 22 cell — prospects only (75d, runs on slack)",check-in GPS,https://www.google.com/maps/dir/?api=1&travelmode=driving&dir_action=navigate&destination=26185%20Greenfield%20Rd%2C%20Southfield%2C%20Michigan%2C%2048076&waypoints=29355%20Northwestern%20Hwy%20ste%20100%2C%20Southfield%2C%20Michigan%2C%2048034%7C29877%20TELEGRAPH%20RD%20STE%20401%2C%20SOUTHFIELD%2C%20Michigan%2C%20MI%2048034%7C26025%20Lahser%20Rd%2C%20Southfield%2C%20Michigan%2C%2048033%7C19725%20W%2012%20MILE%20RD%2C%20SOUTHFIELD%2C%20Michigan%7C29405%20Greenfield%20Rd%2C%20Southfield%2C%20Michigan%2C%2048076
Jasmine,J-C04,9,9,Ann Arbor (5) • Ypsilanti (4),0,0,,,0,,,"Sep 22 cell — prospects only (75d, runs on slack)",check-in GPS,https://www.google.com/maps/dir/?api=1&travelmode=driving&dir_action=navigate&destination=3145%20Clark%20Road%20Ste%20401%2C%20Ypsilanti%2C%20Michigan%2C%2048197&waypoints=1500%20East%20Medical%20Center%20Drive%2C%20Ann%20Arbor%2C%20Michigan%2C%20481095856%7C3055%20Plymouth%20Road%2C%20Ann%20Arbor%2C%20Michigan%2C%2048105%7C2200%20Green%20Road%2C%20Ann%20Arbor%2C%20Michigan%2C%2048105%7C4200%20Whitehall%20Dr%20ste%20150%2C%20Ann%20Arbor%2C%20Michigan%2C%2048105%7C4260%20Plymouth%20Rd%2C%20Ann%20Arbor%2C%20Michigan%2C%2048105%7C4940%20W%20Clark%20Rd%2C%20Ypsilanti%2C%20Michigan%2C%2048197%7C4940%20Clark%20Rd%2C%20Ypsilanti%2C%20Michigan%2C%2048197%7C4936%20Clark%20Rd%20suite%20101%2C%20Ypsilanti%2C%20Michigan%2C%2048197
Jasmine,J-C05,7,7,Ann Arbor (7),0,0,,,0,,,"Sep 22 cell — prospects only (75d, runs on slack)",check-in GPS,https://www.google.com/maps/dir/?api=1&travelmode=driving&dir_action=navigate&destination=1825%20W%20STADIUM%20BLVD%2C%20ANN%20ARBOR%2C%20MI%2C%2048103&waypoints=4350%20JACKSON%20RD%20STE%20350%2C%20ANN%20ARBOR%2C%20MI%2C%2048103%7C4350%20Jackson%20Road%2C%20Ann%20Arbor%2C%20Michigan%2C%2048103%7C4350%20Jackson%20Rd%20suite%20200%2C%20Ann%20Arbor%2C%20Michigan%2C%2048103%7C210%20Little%20Lake%20Drive%2C%20Suite%208%2C%20Ann%20Arbor%2C%20MI%2C%2048103%7C210%20Little%20Lake%20Dr%2C%20Ann%20Arbor%2C%20MI%2C%20481036218%7C231%20Little%20Lake%20Dr%20suite%20d%2C%20Ann%20Arbor%2C%20Michigan%2C%2048103
Kristen,K-A01,5,5,Yale (2) • Imlay City (1),2,2,,,0,,,Sep 22 cell — Tier 1 rhythm (14d): run = due producers + prospect fill,check-in GPS,https://www.google.com/maps/dir/?api=1&travelmode=driving&dir_action=navigate&destination=333%20Gordon%20Drive%2C%20Yale%2C%20Michigan%2C%2048097&waypoints=6672%20Newark%20Road%2C%20Imlay%20City%2C%20MI%2048444%7C7470%20South%20Brockway%20Road%2C%20Yale%2C%20Michigan%2C%2048097
Kristen,K-A02,14,14,Port Huron (6) • Fort Gratiot (2) • Fort Gratiot Township (1),3,3,,,0,,,Sep 22 cell — Tier 1 rhythm (14d): run = due producers + prospect fill,check-in GPS,https://www.google.com/maps/dir/?api=1&travelmode=driving&dir_action=navigate&destination=1210%2010th%20Avenue%2C%20Port%20Huron%2C%20Michigan%2C%2048060&waypoints=8%20N%20Howard%20Ave%2C%20Croswell%2C%20Michigan%2C%2048422%7C5294%20Main%20Street%2C%20Lexington%2C%20Michigan%2C%2048450%7C5979%20Lakeshore%20Rd%20Fort%20Gratiot%20Twp%2C%20Fort%20Gratiot%2C%20Michigan%2C%2048059%7C4190%2024th%20Avenue%2C%20Suite%20208%2C%20Fort%20Gratiot%2C%20Michigan%2C%2048059%7C4190%2024th%20Ave%2C%20%20Suite%20105%2C%20Fort%20Gratiot%20Township%2C%20Michigan%2C%2048059%7C1979%20Holland%20Avenue%2C%20Port%20Huron%2C%20MI%2048060%7C1943%20Holland%20Ave%2C%20Port%20Huron%2C%20Michigan%2C%2048060%7C1612%2010th%20Avenue%2C%20Port%20Huron%2C%20Michigan%2C%2048060%7C1201%20Stone%20St%20suite%205%2C%20Port%20Huron%2C%20Michigan%2C%2048060%7C1117%20Stone%20St%20suite%202%2C%20Port%20Huron%2C%20Michigan%2C%2048060
Kristen,K-A03,10,10,Port Huron (5) • Marysville (2) • St Clair (2),4,4,,,0,,,Sep 22 cell — Tier 1 rhythm (14d): run = due producers + prospect fill,check-in GPS,https://www.google.com/maps/dir/?api=1&travelmode=driving&dir_action=navigate&destination=1605%20Fred%20W%20Moore%20Highway%2C%20Saint%20Clair%2C%20MI%2048079&waypoints=5312%20Lapeer%20Rd%2C%20Kimball%2C%20Michigan%2C%2048074%7C1225%2010th%20St%2C%20Port%20Huron%2C%20Michigan%2C%2048060%7C1209%2010th%20St%2C%20Port%20Huron%2C%20Michigan%2C%2048060%7C1103%207th%20St%20suite%20a%2C%20Port%20Huron%2C%20Michigan%2C%2048060%7C2425%20Military%20St%20building%202%2C%20Port%20Huron%2C%20Michigan%2C%2048060%7C2540%2016th%20St%2C%20Port%20Huron%2C%20MI%2C%20480606405%7C1985%20Gratiot%20Boulevard%2C%20Marysville%2C%20Michigan%2C%2048040%7C3350%20Gratiot%20Boulevard%2C%20Marysville%2C%20Michigan%2C%2048040%7C1280%20S.%20Ninth%20Street%2C%20Saint%20Clair%2C%20MI%2048079
Kristen,K-A04,6,6,Washington (2) • New Baltimore (1) • Lenox (1),1,1,,,0,,,Sep 22 cell — Tier 1 rhythm (14d): run = due producers + prospect fill,check-in GPS,https://www.google.com/maps/dir/?api=1&travelmode=driving&dir_action=navigate&destination=36750%2026%20Mile%20Rd%2C%20ste%20140%2C%20New%20Baltimore%2C%20Michigan%2C%2048047&waypoints=64541%20Van%20Dyke%2C%20Washington%2C%20Michigan%2C%2048095%7C57850%20Van%20Dyke%20Ave%20ste%20600%2C%20Washington%2C%20Michigan%2C%2048094%7C36267%2026%20Mile%20Road%2C%20Suite%203%2C%20Lenox%2C%20MI%2C%2048048
Kristen,K-A05,8,8,Rochester Hills (4) • Sterling Heights (3) • Rochester (1),3,7,,,0,,,Sep 22 cell — Tier 1 rhythm (14d): run = due producers + prospect fill,check-in GPS,https://www.google.com/maps/dir/?api=1&travelmode=driving&dir_action=navigate&destination=41400%20Dequindre%20Rd%2C%20ste%20121%2C%20Sterling%20Heights%2C%20Michigan%2C%2048314&waypoints=1135%20W%20University%20Dr%20Ste%20355%2C%20Rochester%20Hills%2C%20MI%2048307%7C1136%20S%20%20Rd%20suite%20c%20Rochester%2C%20Rochester%2C%20Michigan%2C%2048307%7C1349%20South%20Rochester%20Road%2C%20ste%20100%2C%20Rochester%20Hills%2C%20Michigan%2C%2048307%7C2940%20Crooks%20Rd%2C%20Rochester%20Hills%2C%20Michigan%2C%2048309%7C141%20Hampton%20Cir%2C%20Rochester%20Hills%2C%20MI%2C%2048307-4103%7C44344%20Dequindre%20Rd%20Ste%20510%2C%20Sterling%20Heights%2C%20MI%20nan%7C44250%20Dequindre%2C%20Sterling%20Heights%2C%20MI%2C%20483141002
Kristen,K-A06,10,10,Sterling Heights (5) • Shelby Township (4) • Utica (1),4,7,,,0,,,Sep 22 cell — Tier 1 rhythm (14d): run = due producers + prospect fill,check-in GPS,https://www.google.com/maps/dir/?api=1&travelmode=driving&dir_action=navigate&destination=42755%20Mound%20Rd%2C%20Sterling%20Heights%2C%20Michigan%2C%2048314&waypoints=51220%20Van%20Dyke%20Ave%20Shelby%20Township%2C%20Michigan%2C%2048316%7C50720%20Schoenherr%20Rd%2C%20Shelby%20Township%2C%20MI%2048315%7C15125%2022%20Mile%20Rd%2C%20Shelby%20Township%2C%20MI%2048315%7C45640%20Schoenherr%20Rd%2C%20Shelby%20Township%2C%20Michigan%2C%2048315%7C43455%20Schoenherr%20Rd%20ste%202%2C%20Sterling%20Heights%2C%20Michigan%2C%2048313%7C13700%2019%20Mile%20Rd%2C%20Sterling%20Heights%2C%20MI%2048313%7C13425%2019%20Mile%20Rd%20Ste%20100%2C%20Sterling%20Heights%2C%20MI%2048313%7C44225%20Utica%20Road%2C%20Utica%2C%20Michigan%2C%2048317%7C6055%2019%20MILE%20RD%2C%20STERLING%20HEIGHTS%2C%20Michigan%2C%2048314
Kristen,K-A07,10,10,Pontiac (2) • Bloomfield (2) • Bloomfield Township (1),3,4,,,0,,,Sep 22 cell — Tier 1 rhythm (14d): run = due producers + prospect fill,check-in GPS,https://www.google.com/maps/dir/?api=1&travelmode=driving&dir_action=navigate&destination=36880%20Woodward%20Ave%20Bloomfield%20Township%2C%20Michigan%2C%2048304&waypoints=9178%20Highland%20Rd%2C%20White%20Lake%2C%20MI%20483864619%7C8355%20Highland%20Road%2C%20White%20Lake%20Charter%20Township%2C%20MI%2048386%7C114%20Orchard%20Lake%20Rd%2C%20Pontiac%2C%20Michigan%2C%2048341%7C462%20Telegraph%20Road%2C%20Pontiac%2C%20MI%2048341%7C43700%20WOODWARD%20AVE%20STE%20206%2C%20BLOOMFIELD%2C%20Michigan%2C%20MI%2048302%7C1961%20S%20Telegraph%20Rd%2C%20Bloomfield%2C%20MI%20nan
Kristen,K-A08,10,10,Clinton Township (7) • Mount Clemens (1) • Macomb Township (1),4,7,,,0,,,Sep 22 cell — Tier 1 rhythm (14d): run = due producers + prospect fill,check-in GPS,https://www.google.com/maps/dir/?api=1&travelmode=driving&dir_action=navigate&destination=46600%20Romeo%20Plank%2C%20Ste.%204%2C%20Macomb%20Township%2C%20MI%2C%2048044&waypoints=43555%20Dalcoma%20Dr%20suite%204%20Clinton%20Twp%2C%20Clinton%20Township%2C%20Michigan%2C%2048038%7C43600%20Garfield%20Rd%2C%20Clinton%20Township%2C%20Michigan%2C%2048038%7C15520%2019%20Mile%20Road%2C%20Suite%20480%2C%20Clinton%20Township%2C%20MI%2C%2048038%7C15500%2019%20Mile%20Rd%20Suite%20300%2C%20Clinton%20Township%2C%20MI%2048038%7C41060%20Hayes%20Road%2C%20Clinton%20Township%2C%20Michigan%2C%2048038%7C39200%20Garfield%20Rd%20Suite%20E%20Clinton%20Twp%2C%20Clinton%20Township%2C%20MI%2048038%7C19199%2015%20Mile%20Road%2C%20Clinton%20Township%2C%20MI%2048035%7C21099%20Masonic%2C%20St.%20Clair%20Shores%2C%20Michigan%2C%2048082%7C18%20Market%20Street%2C%20ste%20C%2C%20Mount%20Clemens%2C%20MI%2C%2048043
Kristen,K-A09,11,11,Commerce Township (6) • Commerce Charter Township (2) • West Bloomfield (2),7,8,,,0,,,Sep 22 cell — Tier 1 rhythm (14d): run = due producers + prospect fill,check-in GPS,https://www.google.com/maps/dir/?api=1&travelmode=driving&dir_action=navigate&destination=2300%20Haggerty%20Rd%20Ste%202150%2C%20West%20Bloomfield%2C%20MI%2048323&waypoints=1%20William%20Carls%20Drive%2C%20Michigan%2C%2048382%7C9640%20Commerce%20Road%2C%20Commerce%20Charter%20Township%2C%20Michigan%2C%2048382%7C1965%20Union%20Lake%20Rd%2C%20Commerce%20Township%2C%20MI%2048382%7C2600%20Union%20Lake%20Rd%20suite%20140%20Commerce%20Township%2C%20Michigan%2C%2048382%7C2630%20UNION%20LAKE%20RD%20STE%20100%2C%20COMMERCE%20TOWNSHIP%2C%20Michigan%7C2685%20Union%20Lake%20Rd%20Commerce%20Charter%20Twp%2C%20Commerce%20Charter%20Township%2C%20Michigan%2C%2048382%7C8800%20Commerce%20Rd%2C%20Commerce%20Township%2C%20MI%2048382%7C4057%20Pioneer%20Dr%2C%20Suite%20300%2C%20Commerce%20Township%2C%20Michigan%2C%2048390%7C2300%20Haggerty%20Road%2C%20ste%201010%2C%20West%20Bloomfield%2C%20MI%2C%2048323
Kristen,K-A10,6,6,Troy (6),3,4,,,0,,,Sep 22 cell — Tier 1 rhythm (14d): run = due producers + prospect fill,check-in GPS,https://www.google.com/maps/dir/?api=1&travelmode=driving&dir_action=navigate&destination=1555%20W%20BIG%20BEAVER%20RD%20BLDG%20G%2C%20TROY%2C%20Michigan&waypoints=4600%20Investment%20Dr%2C%20ste%20300%2C%20Troy%2C%20MI%2C%2048098%7C115%20E%20Long%20Lake%20Rd%2C%20Troy%2C%20MI%2048085%7C1950%20E%20Wattles%20Rd%20suite%20101%2C%20Troy%2C%20Michigan%2C%2048085%7C3940%20John%20R%20Road%2C%20Troy%2C%20MI%2048083%7C3456%20Rochester%20Rd%2C%20Troy%2C%20Michigan%2C%2048083
Kristen,K-A11,10,10,Sterling Heights (10),5,8,,,0,,,Sep 22 cell — Tier 1 rhythm (14d): run = due producers + prospect fill,check-in GPS,https://www.google.com/maps/dir/?api=1&travelmode=driving&dir_action=navigate&destination=39880%20Van%20Dyke%2C%20Sterling%20Heights%2C%20MI%2C%2048313&waypoints=39150%20Dequindre%20Rd%20suite%20200%2C%20Sterling%20Heights%2C%20Michigan%2C%2048310%7C37450%20DeQuindre%20Rd%2C%20Sterling%20Heights%2C%20MI%2C%2048310%7C37300%20Dequindre%20Rd%20Ste%20102%2C%20Sterling%20Heights%2C%20MI%2048310%7C2567%20Metro%20Parkway%2C%20Sterling%20Heights%2C%20Michigan%2C%2048310%7C36040%20Dequindre%20Road%2C%20Sterling%20Heights%2C%20Michigan%2C%2048310%7C2311%2015%20Mile%20Rd%2C%20Sterling%20Heights%2C%20MI%2048310%7C43184%20Dequindre%20Rd%20Ste%20208%2C%20Sterling%20Heights%2C%20MI%20nan%7C37257%20Mound%20Road%2C%20Sterling%20Heights%2C%20Michigan%2C%2048310%7C39333%20Van%20Dyke%20Ave%2C%20Sterling%20Heights%2C%20Mi%2048313%2C%20United%20States%2C%20Sterling%20Heights%2C%20MI%2048313
Kristen,K-A12,10,10,Sterling Heights (6) • Warren (3),6,6,,,0,,,Sep 22 cell — Tier 1 rhythm (14d): run = due producers + prospect fill,check-in GPS,https://www.google.com/maps/dir/?api=1&travelmode=driving&dir_action=navigate&destination=11270%20East%20Thirteen%20Mile%20Road%2C%20Warren%2C%20Michigan%2C%2048093&waypoints=38300%20Van%20Dyke%20Ave%2C%20Ste%20105%2C%20Sterling%20Heights%2C%20MI%2048312%7C13951%20Plumbrook%2C%20Sterling%20Heights%2C%20Michigan%2C%2048312%7C37771%20Schoenherr%20Rd%20Suite%20102%2C%20Sterling%20Heights%2C%20MI%2048312%2C%20United%20States%2C%20Sterling%20Heights%2C%20Michigan%2C%2048312%7C37771%20Schoenherr%20Rd%20Suite%20103%2C%20Sterling%20Heights%2C%20MI%2048312%7C35429%20Schoenherr%20Rd%2C%20Sterling%20Heights%2C%20MI%2C%2048312%7C13409%20E%2014%20MILE%20RD%2C%20STERLING%20HEIGHTS%2C%20Michigan%2C%2048312%7C30061%20Schoenherr%20Rd%2C%20Warren%2C%20Michigan%2C%2048088%7C29703%20HOOVER%20RD%20STE%20A%2C%20WARREN%2C%20Michigan%2C%2048093
Kristen,K-A13,15,14,Sterling Heights (5) • Warren (3) • Troy (2),6,8,,,2,,,Sep 22 cell — Tier 1 rhythm (14d): run = due producers + prospect fill,check-in GPS,https://www.google.com/maps/dir/?api=1&travelmode=driving&dir_action=navigate&destination=27650%20Dequindre%20Road%2C%20Suite%202000%2C%20Warren%2C%20Michigan%2C%2048092&waypoints=2078%20E%20Big%20Beaver%20Rd%2C%20Troy%2C%20MI%2048083%2C%20United%20States%2C%20Troy%2C%20Michigan%2C%2048083%7C35450%20Dequindre%20Rd%20Ste%20103%2C%20Sterling%20Heights%2C%20MI%2048310%7C35200%20Dequindre%20Road%2C%20Sterling%20Heights%2C%20Michigan%2C%2048310%7C2891%20E%20Maple%20Rd%20Ste%20102%2C%20Troy%2C%20MI%2C%2048083%7C34764%20Dequindre%20Rd%2C%20Sterling%20Heights%2C%20MI%2048310%7C33200%20Dequindre%20Rd%2C%20Sterling%20Heights%2C%20Michigan%2C%2048310%7C2107%20East%2014%20Mile%20Road%2C%20Sterling%20Heights%2C%20MI%2048310%7C29245%20Ryan%20Rd%20suite%20300%2C%20Warren%2C%20Michigan%2C%2048092%7C2539%20E%2012%20Mile%20Rd%2C%20Warren%2C%20MI%2C%2048092
Kristen,K-A14,13,13,West Bloomfield (6) • Farmington Hills (3) • West Bloomfield Township (1),5,9,,,0,,,Sep 22 cell — Tier 1 rhythm (14d): run = due producers + prospect fill,check-in GPS,https://www.google.com/maps/dir/?api=1&travelmode=driving&dir_action=navigate&destination=32910%20West%2013%20Mile%20Road%2C%20A101%2C%20Farmington%20Hills%2C%20MI%2048334&waypoints=6525%20W%20MAPLE%20RD%20STE%20101E%2C%20WEST%20BLOOMFIELD%2C%20MI%2C%2048322%7C6530%20FARMINGTON%20RD%20STE%20LL-02%2C%20WEST%20BLOOMFIELD%2C%20MI%2C%2048322%7C6089%20W%20MAPLE%20RD%20STE%20200%2C%20WEST%20BLOOMFIELD%2C%20Michigan%7C6014%20W%20MAPLE%20RD%2C%20WEST%20BLOOMFIELD%2C%20Michigan%2C%20MI%2048322%7C5777%20W%20Maple%20Rd%2C%20Suite%20140%2C%20West%20Bloomfield%2C%20MI%2C%20483222267%7C5799%20W%20MAPLE%20RD%20STE%20163%2C%20WEST%20BLOOMFIELD%2C%20MI%2C%2048322%7C5821%20W%20Maple%20Rd%20suite%20190%2C%20West%20Bloomfield%20Township%2C%20Michigan%2C%2048322%7C29645%20W%2014%20mile%20rd%2C%20ste%20110%2C%20FARMINGTON%20HILLS%2C%20Michigan%2C%2048334%7C30055%20Northwestern%20Hwy%20suite%20170%2C%20Farmington%20Hills%2C%20Michigan%2C%2048334
Kristen,K-A15,15,15,Bingham Farms (4) • Lathrup Village (2) • Franklin (1),3,3,,,0,,,Sep 22 cell — Tier 1 rhythm (14d): run = due producers + prospect fill,check-in GPS,https://www.google.com/maps/dir/?api=1&travelmode=driving&dir_action=navigate&destination=3270%20Greenfield%20Rd%2C%20Berkley%2C%20Michigan%2C%2048072&waypoints=31500%20Telegraph%20Rd.%20Ste%20225%2C%20Bingham%20Farms%2C%20Michigan%2C%2048025%7C30400%20TELEGRAPH%20RD%20STE%20101%2C%20BINGHAM%20FARMS%2C%20Michigan%7C31500%20TELEGRAPH%20RD%20STE%20115%2C%20BINGHAM%20FARMS%2C%20MI%2C%2048025%7C31500%20Telegraph%20Rd%2C%20Ste%20105%2C%20Franklin%2C%20MI%2048025%7C31500%20Telegraph%20Rd%20Ste%20240%2C%20Bingham%20Farms%2C%20MI%2048025%7C17392%20W%2013%20Mile%20Rd%2C%20Beverly%20Hills%2C%20MI%2C%2048025-5438%7C18451%20W%2012%20MILE%20RD%20STE%20200%2C%20LATHRUP%20VILLAGE%2C%20Michigan%2C%20MI%2048076%7C18161%20W%2012%20Mile%2C%20Ste%202%2C%20Lathrup%20Village%2C%20MI%2048076%7C17070%20W%2012%20MILE%20RD%20STE%20A%2C%20SOUTHFIELD%2C%20Michigan%2C%20MI%2048076
Kristen,K-A16,11,11,Farmington Hills (8) • Southfield (2),5,12,,,0,,,Sep 22 cell — Tier 1 rhythm (14d): run = due producers + prospect fill,zip centroid,https://www.google.com/maps/dir/?api=1&travelmode=driving&dir_action=navigate&destination=29355%20Northwestern%20Hwy%2C%20Southfield%2C%20Michigan%2C%2048034&waypoints=30055%20Northwestern%20Hwy%20%23150%2C%20Farmington%20Hills%2C%20Michigan%2C%2048334%7C30055%20Northwestern%20Hwy%2C%20Farmington%20Hills%2C%20Michigan%2C%2048334%7C32255%20NORTHWESTERN%20HWY%20STE%20170%2C%20FARMINGTON%20HILLS%2C%20MI%2C%2048334%7C32255%20Northwestern%20Highway%2C%20Suite%20130A%2C%20Farmington%20Hills%2C%20MI%2C%2048334%7C32255%20NORTHWESTERN%20HWY%20STE%20130B%2C%20FARMINGTON%20HILLS%2C%20Michigan%2C%2048334%7C32255%20NORTHWESTERN%20HWY%20STE%20180%2C%20FARMINGTON%20HILLS%2C%20Michigan%2C%2048334%7C29930%20W%2012%20MILE%20RD%20STE%206%2C%20FARMINGTON%20HILLS%2C%20Michigan%7C31390%20Northwestern%20Hwy.%2C%20Ste%20C%2C%20Farmington%20Hills%2C%20Michigan%2C%2048334%7C29355%20Northwestern%20Hwy%20%23210%2C%20Southfield%2C%20Michigan%2C%2048034
Kristen,K-A17,12,12,Warren (10),4,5,,,0,,,Sep 22 cell — Tier 1 rhythm (14d): run = due producers + prospect fill,check-in GPS,https://www.google.com/maps/dir/?api=1&travelmode=driving&dir_action=navigate&destination=28550%20Shoenherr%20Rd%2C%20Warren%2C%20Michigan%2C%2048092&waypoints=11885%20E.%2012%20Mile%20Rd%2C%20Ste%20100A%2C%20Warren%2C%20Michigan%2C%2048093%7C11885%20E%2012%20Mile%20Rd%20Ste%20200B%2C%20Warren%2C%20MI%2048093%7C28401%20Hoover%2C%20Warren%2C%20Michigan%2C%2048093%7C28111%20HOOVER%20RD%20STE%201A%2C%20WARREN%2C%20Michigan%7C28111%20HOOVER%20RD%20STE%202A%2C%20WARREN%2C%20MI%2C%2048093%7C28111%20Hoover%20Rd%2C%20Ste%205A%20Warren%2C%20Mi%2048093%2C%20Usa%2C%20Warren%2C%20MI%2048093%7C27560%20Hoover%20Rd%2C%20Warren%2C%20MI%2048093%7C27540%20Hoover%20Rd%2C%20Warren%2C%20MI%2C%20480934505%7C28295%20Schoenherr%20Road%20Suite%20C%2C%20Warren%2C%20Michigan%2C%2048088
Kristen,K-A18,12,11,Southfield (10),4,6,,,2,,,Sep 22 cell — Tier 1 rhythm (14d): run = due producers + prospect fill,check-in GPS,https://www.google.com/maps/dir/?api=1&travelmode=driving&dir_action=navigate&destination=25775%20West%2010%20Mile%20Road%2C%20Southfield%2C%20Michigan%2C%2048033&waypoints=29355%20NORTHWESTERN%20HWY%20STE%20120%2C%20SOUTHFIELD%2C%20MI%2C%2048034%7C29425%20NORTHWESTERN%20HIGHWAY%20STE%20330%2C%20Southfield%2C%20MI%2C%2048034%7C29255%20NORTHWESTERN%20HWY%20STE%20203%2C%20SOUTHFIELD%2C%20Michigan%7C29275%20Northwestern%20Hwy%20suite%20202%2C%20Southfield%2C%20Michigan%2C%2048034%7C26400%20West%2012%20Mile%20Road%2C%20Southfield%2C%20Michigan%2C%2048034%7C27177%20LAHSER%20RD%20STE%20104%2C%20SOUTHFIELD%2C%20MI%2C%2048034%7C29877%20Telegraph%20Rd%20Ste%20200%2C%20Southfield%2C%20MI%2048034%7C29829%20Telegraph%20Road%2C%20Southfield%2C%20MI%2048034%7C29201%20Telegraph%20Rd%2C%20ste%20403%2C%20Southfield%2C%20MI%2C%2048034
Kristen,K-A19,12,12,St Clair Shores (5) • Roseville (3) • Warren (2),5,6,,,0,,,Sep 22 cell — Tier 1 rhythm (14d): run = due producers + prospect fill,check-in GPS,https://www.google.com/maps/dir/?api=1&travelmode=driving&dir_action=navigate&destination=24725%20E%20Jefferson%2C%20Saint%20Clair%20Shores%2C%20MI%2C%2048080&waypoints=27427%20Schoenherr%20Rd%2C%20Warren%2C%20MI%2048088%7C27472%20Schoenherr%20Rd%20%23100%2C%20Warren%2C%20MI%2C%2048088%7C27850%20Gratiot%20Avenue%2C%20Roseville%2C%20Michigan%2C%2048066%7C18325%20E%2010%20Mile%20Rd%2C%20Ste%20100%2C%20Roseville%2C%20MI%20480664990%7C18245%20East%2010%20Mile%20Road%2C%20Ste%20120%2C%20Roseville%2C%20MI%2048066%7C20225%20East%209%20Mile%20Road%2C%20St.%20Clair%20Shores%2C%20MI%2048080%7C24400%20Greater%20Mack%20Ave%2C%20Saint%20Clair%20Shores%2C%20MI%2C%2048080%7C28001%20Harper%2C%20St.%20Clair%20Shores%2C%20Michigan%2C%2048081%7C20952%20Twelve%20Mile%20Rd%20ste%20101%2C%20St.%20Clair%20Shores%2C%20Michigan%2C%2048081
Kristen,K-A20,10,10,Novi (5) • Northville (2) • Walled Lake (2),5,6,,,0,,,Sep 22 cell — Tier 1 rhythm (14d): run = due producers + prospect fill,check-in GPS,https://www.google.com/maps/dir/?api=1&travelmode=driving&dir_action=navigate&destination=38215%20W%2010%20MILE%20RD%20STE%208%2C%20FARMINGTON%20HILLS%2C%20Michigan&waypoints=100%20N%20POND%20DR%20STE%20C%2C%20WALLED%20LAKE%2C%20MI%2C%2048390%7C100%20North%20Pond%2C%20Suite%20E%2C%20Walled%20Lake%2C%20Michigan%2C%2048390%7C43440%20W%20Oaks%20Dr%2C%20Novi%2C%20Michigan%2C%2048377%7C46325%20W%2012%20MILE%20RD%20STE%20240%2C%20NOVI%2C%20Michigan%7C26750%20PROVIDENCE%20PKWY%20STE%20210%2C%20NOVI%2C%20MI%2C%2048374%7C26850%20PROVIDENCE%20PKWY%20STE%20455%2C%20NOVI%2C%20Michigan%7C26850%20Providence%20Pkwy%20Ste%20215%2C%20Novi%2C%20MI%20nan%7C422%20N%20Center%20St%2C%20Northville%2C%20Michigan%2C%2048167%7C308%20S%20Main%20St%2C%20Northville%2C%20Michigan%2C%2048167
Kristen,K-A21,11,11,Southfield (4) • Royal Oak (3) • Madison Heights (2),3,5,,,0,,,Sep 22 cell — Tier 1 rhythm (14d): run = due producers + prospect fill,check-in GPS,https://www.google.com/maps/dir/?api=1&travelmode=driving&dir_action=navigate&destination=22250%20PROVIDENCE%20DR%20STE%20500%2C%20SOUTHFIELD%2C%20Michigan&waypoints=30701%20Woodward%20Ave%20Ste%20S402%2C%20Royal%20Oak%2C%20MI%2048073%7C2033%20CROOKS%20RD%2C%20ROYAL%20OAK%2C%20MI%2C%2048073%7C31005%20John%20R%20Rd%20suite%20a%2C%20Madison%20Heights%2C%20Michigan%2C%2048071%7C350%20E%2012%20Mile%20Rd%2C%20Madison%20Heights%2C%20Michigan%2C%2048071%7C309%20E%20Eleven%20Mile%20Rd%20ste%20a%2C%20Royal%20Oak%2C%20Michigan%2C%2048067%7C13801%20W%209%20Mile%20Rd%2C%20Oak%20Park%2C%20MI%2C%2048237%7C23077%20Greenfield%20Rd%20suite%20400%2C%20Southfield%2C%20Michigan%2C%2048075%7C23077%20GREENFIELD%20RD%20STE%20195%2C%20SOUTHFIELD%2C%20MI%2C%2048075%7C22250%20Providence%20Drive%20%23702%2C%20Southfield%2C%20Michigan%2C%2048075
Kristen,K-A22,10,10,Farmington (5) • Farmington Hills (5),7,9,,,0,,,Sep 22 cell — Tier 1 rhythm (14d): run = due producers + prospect fill,check-in GPS,https://www.google.com/maps/dir/?api=1&travelmode=driving&dir_action=navigate&destination=23366%20FARMINGTON%20RD%2C%20FARMINGTON%2C%20MI%2C%2048336&waypoints=27555%20Farmington%20Rd%20suite%20120%2C%20Farmington%20Hills%2C%20Michigan%2C%2048334%7C27970%20ORCHARD%20LAKE%20RD%2C%20FARMINGTON%20HILLS%2C%20Michigan%2C%2048334%7C30852%20W%2010%20MILE%20RD%2C%20FARMINGTON%20HILLS%2C%20MI%2C%2048336%7C23700%20Orchard%20Lake%20Rd%2C%20Farmington%20Hills%2C%20MI%2C%2048336-2559%7C23800%20Orchard%20Lake%20Rd%20suite%20202%2C%20Farmington%20Hills%2C%20Michigan%2C%2048336%7C23133%20Orchard%20Lake%20Rd%2C%20Farmington%2C%20Michigan%2C%2048336%7C22821%20ORCHARD%20LAKE%20RD%2C%20FARMINGTON%2C%20MI%2C%2048336%7C32754%20Grand%20River%20Ave%2C%20Farmington%2C%20Michigan%2C%2048336%7C23330%20%20Rd%20Farmington%2C%20Farmington%2C%20Michigan%2C%2048336
Kristen,K-A23,12,12,Warren (3) • Hamtramck (2) • Hazel Park (2),3,6,,,0,,,Sep 22 cell — Tier 1 rhythm (14d): run = due producers + prospect fill,check-in GPS,https://www.google.com/maps/dir/?api=1&travelmode=driving&dir_action=navigate&destination=12101%20Joseph%20Campau%20Avenue%2C%20Hamtramck%2C%20MI%2048212&waypoints=26393%20Dequindre%20Rd%2C%20Madison%20Heights%2C%20Michigan%2C%2048071%7C350%20East%209%20Mile%20Rd%2C%20Hazel%20Park%2C%20MI%20480301842%7C624%20E%209%20Mile%20Rd%2C%20Hazel%20Park%2C%20Michigan%2C%2048030%7C21647%20Ryan%20Rd%2C%20Warren%2C%20MI%2C%2048091%7C25511%20Van%20Dyke%20Ave%2C%20Center%20Line%2C%20Michigan%2C%2048015%7C26328%20Van%20Dyke%20Ave%2C%20Center%20Line%2C%20MI%2048015%7C26000%20Hoover%20Rd%20%23103%2C%20Warren%2C%20Michigan%2C%2048089%7C26000%20Hoover%20Rd%2C%20Warren%2C%20Michigan%2C%2048089%7C12169%20JOSEPH%20CAMPAU%20ST%2C%20HAMTRAMCK%2C%20MI%2C%2048212
Kristen,K-A24,11,11,Livonia (10),8,10,,,0,,,Sep 22 cell — Tier 1 rhythm (14d): run = due producers + prospect fill,check-in GPS,https://www.google.com/maps/dir/?api=1&travelmode=driving&dir_action=navigate&destination=32950%205%20Mile%20Rd%2C%20Livonia%2C%20MI%2048154&waypoints=19000%20St%20Joe%27s%20Pkwy%20suite%20200%2C%20Livonia%2C%20Michigan%2C%2048152%7C19000%20St%20Joe%27S%20Pkwy%20%23330%2C%20Livonia%2C%20MI%2048152%7C17800%20Newburgh%20Road%2C%20Livonia%2C%20Michigan%2C%2048152%7C37508%20W%20SEVEN%20MILE%20RD%2C%20LIVONIA%2C%20Michigan%7C33523%20Eight%20Mile%20Rd%20m2%2C%20Livonia%2C%20Michigan%2C%2048152%7C20216%20Farmington%20Road%2C%20Livonia%2C%20Michigan%2C%2048152%7C33215%20W%20Seven%20Mile%20Rd%2C%20Livonia%2C%20Michigan%2C%2048152%7C17940%20Farmington%20Rd%20Ste%20130%2C%20Livonia%2C%20MI%2048152%7C15604%20FARMINGTON%20RD%2C%20LIVONIA%2C%20MI%2C%2048154
Kristen,K-A25,4,4,Redford (1) • Redford Charter Township (1) • Farmington Hills (1),3,5,,,0,,,Sep 22 cell — Tier 1 rhythm (14d): run = due producers + prospect fill,check-in GPS,https://www.google.com/maps/dir/?api=1&travelmode=driving&dir_action=navigate&destination=17330%20Northland%20Park%20Ct%20Ste%20100%2C%20Southfield%2C%20MI%2048075&waypoints=28100%20GRAND%20RIVER%20AVE%20STE%20313%2C%20FARMINGTON%20HILLS%2C%20Michigan%7C15540%20Beech%20Daly%2C%20Redford%20Charter%20Township%2C%20Michigan%2C%2048239%7C24224%20JOY%20RD%20STE%20100%2C%20REDFORD%2C%20Michigan
Kristen,K-A26,12,12,Grosse Pointe (6) • Hamtramck (4),5,6,,,0,,,Sep 22 cell — Tier 1 rhythm (14d): run = due producers + prospect fill,check-in GPS,https://www.google.com/maps/dir/?api=1&travelmode=driving&dir_action=navigate&destination=20901%20Moross%20Rd%2C%20Grosse%20Pointe%2C%20MI%2048236&waypoints=9421%20Joseph%20Campau%20St%2C%20Hamtramck%2C%20MI%2048212%7C9021%20Joseph%20Campau%20St%2C%20Hamtramck%2C%20MI%20nan%7C9230%20Joseph%20Campau%20St%2C%20Hamtramck%2C%20MI%2048212%7C9740%20Conant%2C%20Hamtramck%2C%20Michigan%2C%2048212%7C15200%20KERCHEVAL%20AVE%2C%20GROSSE%20POINTE%2C%20MI%2C%2048230%7C15050%20E%20Jefferson%20Ave%20suite%20101%2C%20Grosse%20Pointe%2C%20Michigan%2C%2048230%7C17000%20Kercheval%20Ave%20suite%20205%2C%20Grosse%20Pointe%2C%20Michigan%2C%2048230%7C18700%20Mack%20Ave%2C%20Grosse%20Pointe%2C%20MI%20nan%7C19251%20Mack%20Ave%20%23333%2C%20Grosse%20Pointe%2C%20Michigan%2C%2048236
Kristen,K-A27,5,5,South Lyon (3) • Ypsilanti (1) • Canton (1),3,25,,,0,,,Sep 22 cell — Tier 1 rhythm (14d): run = due producers + prospect fill,check-in GPS,https://www.google.com/maps/dir/?api=1&travelmode=driving&dir_action=navigate&destination=2900%20Packard%20Street%2C%20Ypsilanti%2C%20Michigan%2C%2048197&waypoints=12660%2010%20Mile%20Rd%2C%20South%20Lyon%2C%20MI%2048178%7C26006%20Pontiac%20Trail%2C%20South%20Lyon%2C%20MI%2C%2048178%7C23200%20Pontiac%20Trail%2C%20South%20Lyon%2C%20MI%2048178%7C5624%20Research%20Drive%2C%20Canton%2C%20Michigan%2C%2048188
Kristen,K-A28,11,11,Livonia (5) • Westland (2) • Garden City (2),5,10,,,0,,,Sep 22 cell — Tier 1 rhythm (14d): run = due producers + prospect fill,check-in GPS,https://www.google.com/maps/dir/?api=1&travelmode=driving&dir_action=navigate&destination=1203%20S%20WAYNE%20RD%2C%20WESTLAND%2C%20Michigan&waypoints=36600%20Plymouth%20Road%2C%20Livonia%2C%20Michigan%2C%2048150%7C14700%20Farmington%20Rd%2C%20Livonia%2C%20Michigan%2C%2048154%7C14700%20Farmington%20Road%2C%20Suite%20103%2C%20Livonia%2C%20Michigan%2C%2048154%2C%20United%20States%2C%20Livonia%2C%20Michigan%2C%2048154%7C14700%20Farmington%20Rd%20suite%20105%2C%20Livonia%2C%20Michigan%2C%2048154%7C28000%20Joy%20Road%2C%20Livonia%2C%20MI%2048150%7C27031%20W%20Warren%20St%2C%20Dearborn%20Heights%2C%20MI%2048127%7C6200%20Middlebelt%20Road%2C%20Garden%20City%2C%20Michigan%2C%2048135%7C30900%20FORD%20RD%20STE%20B%2C%20GARDEN%20CITY%2C%20MI%2C%2048135%7C2001%20S%20MERRIMAN%20RD%20STE%20100%2C%20WESTLAND%2C%20Michigan
Kristen,K-A29,11,11,Westland (5) • Plymouth (3) • Canton (1),2,6,,,0,,,Sep 22 cell — Tier 1 rhythm (14d): run = due producers + prospect fill,check-in GPS,https://www.google.com/maps/dir/?api=1&travelmode=driving&dir_action=navigate&destination=5820%20N%20CANTON%20CENTER%20RD%20STE%20186%2C%20CANTON%2C%20Michigan&waypoints=9368%20North%20Lilley%20Road%2C%20Plymouth%2C%20MI%2048170%7C41424%20Ann%20Arbor%20Rd%2C%20Plymouth%2C%20Michigan%2C%2048170%7C9857%20N%20HAGGERTY%20RD%2C%20PLYMOUTH%2C%20Michigan%2C%20MI%2048170%7C38253%20Ann%20Arbor%20Road%2C%20Livonia%2C%20Michigan%2C%2048150%7C35330%20Nankin%20Blvd%20Ste%20701%2C%20Westland%2C%20MI%2048185%7C6149%20North%20Wayne%20Road%2C%20Westland%2C%20Michigan%2C%2048185%7C6149%20N%20WAYNE%20RD%2C%20WESTLAND%2C%20MI%2C%2048185%7C6149%20Elmwood%20Street%2C%20Westland%2C%20Michigan%2C%2048185%7C400%20N%20Wayne%20Rd%2C%20Westland%2C%20Michigan%2C%2048185
Kristen,K-A30,5,5,Allen Park (3) • Dearborn Heights (1),1,1,,,0,,,Sep 22 cell — Tier 1 rhythm (14d): run = due producers + prospect fill,check-in GPS,https://www.google.com/maps/dir/?api=1&travelmode=driving&dir_action=navigate&destination=8338%20ALLEN%20RD%20STE%20101%2C%20ALLEN%20PARK%2C%20MI%2C%2048101&waypoints=22318%20Ford%20Road%2C%20Dearborn%20Heights%2C%20Michigan%2C%2048127%7C5606%20Southfield%20Road%2C%20Allen%20Park%2C%20Michigan%2C%2048101%7C7445%20Allen%20Road%2C%20Allen%20Park%2C%20Michigan%2C%2048101
