Account / Practice,Assigned PL,Tier,Wave,Practice Type,MMC Company ID,2026 Spine Patients,2026 Total B2B Patients,Scrub Flag(s),Recommendation
Brentwood Pediatric Associates,Kristen,Tier 1,Wave 2,Pediatrics,9dfbaa38-07b2-4017-9d71-ff4cd2ce42f7,1,11,Pediatric (Jul 20 rule),KEEP - producing; verify relationship
Northpointe Pediatrics,Kristen,Tier 1,Wave 2,Pediatrics,31b0544c-cc2c-4479-9df9-b11748ecefc7,1,4,Pediatric (Jul 20 rule),KEEP - producing; verify relationship
IHA UNION LAKE PEDIATRICS,Kristen,Tier 1,Wave 2,Pediatrics,905d0bbb-d935-4258-8a1e-2e30d0a25987,1,1,Pediatric (Jul 20 rule),KEEP - producing; verify relationship
Providence Park Pediatrics - Novi,Kristen,Tier 1,Wave 2,Pediatrics,9db7de95-514d-45c7-8a73-449a08d1d590,1,6,Pediatric (Jul 20 rule),KEEP - producing; verify relationship
Premiere Pediatrics,Coty,Tier 1,Wave 2,Pediatrics,a8abc02a-95b9-4318-b876-60471f8fff0e,1,1,Pediatric (Jul 20 rule),KEEP - producing; verify relationship
Premier Pediatrics Dearborn Heights,Kristen,Tier 2,Wave 2,Pediatrics,bb55a71e-e12b-49be-9449-435cdc38cca4,0,4,Pediatric (Jul 20 rule),Review for removal
SUNNY PEDIATRICS AND FAMILY,Kristen,Tier 2,Wave 2,Pediatrics,2f39cd70-3e7f-4323-8222-52b01a24c007,0,7,Pediatric (Jul 20 rule),Review for removal
Clarkston Medical Group Adult & Pediatric Medicine,Coty,Tier 2,Wave 2,PCP,b24ac823-2845-4622-ad3b-eb46f7171bbb,0,1,Pediatric (Jul 20 rule),Review for removal
WELL BEING PEDIATRICS,Kristen,Tier 2,Wave 2,Pediatrics,e5e6ea92-d9c9-49c0-b1f3-b645b04e1adb,0,1,Pediatric (Jul 20 rule),Review for removal
PEDIATRIC AND ADOLESCENT CENTER,Jasmine,Tier 2,Wave 2,Pediatrics,31fe13d8-1060-4c98-bf75-61f09e803121,0,1,Pediatric (Jul 20 rule),Review for removal
Kids First Pediatrics,Kristen,Tier 2,Wave 2,Other / Verify,1235164872,0,1,Pediatric (Jul 20 rule),Review for removal
Michigan Spine Institute,Coty,Tier 3,Wave 2,Orthopedic,989f0eea-dc08-4445-9a51-ee7663255964,0,5,Ortho group w/ in-house spine? verify (Jul 20 rule),Review for removal
"MEDICAL CENTER PEDIATRICS, PLLC",Kristen,Tier 3,Wave 2,Pediatrics,137b9944-574d-47c1-9f8c-99541123fc30,0,1,Pediatric (Jul 20 rule),Review for removal
Michigan Head & Spine Institute - Novi,Coty,Tier 3,Wave 2,Orthopedic,a2352347-063f-4a39-a0c1-25774fd3490b,0,1,Ortho group w/ in-house spine? verify (Jul 20 rule),Review for removal
Michigan Orthopaedic & Spine Surgeons,Coty,Tier 3,Wave 2,Orthopedic,0c7e4fda-32b4-4999-afc5-3ead3985f8c9,0,1,Ortho group w/ in-house spine? verify (Jul 20 rule); Possible competitor (Jul 20 rule),Review for removal
Oakland Physicians,Kristen,Tier 3,Wave 2,Pediatrics,b7bb574d-993f-4604-9935-c8ab3a113635,0,1,Pediatric (Jul 20 rule),Review for removal
SOMERSET PEDIATRICS,Kristen,Tier 3,Wave 2,Pediatrics,eac89ac4-40e0-4d3a-b812-65771f67412f,0,1,Pediatric (Jul 20 rule),Review for removal
Michigan Orthopedic Surgeons - Novi,Jasmine,Prospect,Wave 2,Orthopedic,82d5377e-3d89-4262-93c3-5661a3430b58,0,0,Possible competitor (Jul 20 rule),Review for removal
Michigan Orthopedic Surgeons- Southfield,Jasmine,Prospect,Wave 2,Orthopedic,e1c8dbbf-56d1-41b9-82e4-7fa1950cb943,0,0,Possible competitor (Jul 20 rule),Review for removal
Michigan Spine & Brain - Novi,Jasmine,Prospect,Wave 2,Orthopedic,eaa06235-6a42-4ef9-9f14-9fd1b4ed4610,0,0,Ortho group w/ in-house spine? verify (Jul 20 rule),Review for removal
Trinity Health IHA Brain & Spine Surgery - Ann Arbor Campus,Jasmine,Prospect,Wave 2,Orthopedic,fea6a17c-c68b-43db-acd7-34a4abfe0024,0,0,Ortho group w/ in-house spine? verify (Jul 20 rule),Review for removal
Jagannathan Neurosurgery,Coty,Prospect,Wave 2,Orthopedic,e2adce18-6952-46db-aa54-11f8ab08f2f9,0,0,Neurosurgeon unlikely to cross-refer (Jul 20 rule),Review for removal
Specialists in Spine Surgery - Garden City,Coty,Prospect,Wave 2,Orthopedic,15d2de97-a164-4b7e-a3a2-15673271319b,0,0,Ortho group w/ in-house spine? verify (Jul 20 rule),Review for removal
GAMMONS MEDICAL,Kristen,Prospect,Wave 2,PCP,377517aa-6082-4575-9083-498d5aca7ecb,0,0,Addiction medicine (Jul 20 rule),Review for removal
Michigan Orthopedic Specialists,Jasmine,Prospect,Wave 2,Orthopedic,8447f063-c332-4bfe-9ab5-13e9ea470cac,0,0,Possible competitor (Jul 20 rule),Review for removal
MICHIGAN ORTHOPEDIC SPECIALISTS - Farmington Hills,Jasmine,Prospect,Wave 2,Orthopedic,95f12360-e2e8-47e3-8279-f8ff1f3bfd0e,0,0,Possible competitor (Jul 20 rule),Review for removal
Michigan Spine & Brain Surgeons,Jasmine,Prospect,Wave 2,Orthopedic,c7640a25-ed3b-4097-bda5-cd89202f64a1,0,0,Ortho group w/ in-house spine? verify (Jul 20 rule),Review for removal
"MICHIGAN SPORTS AND SPINE CENTER, PC (not of value)",Jasmine,Prospect,Wave 2,Orthopedic,02dc2839-7a87-4f51-9ae8-528110ed4a8f,0,0,Ortho group w/ in-house spine? verify (Jul 20 rule),Review for removal
"Glowacki MD - Institute for Pain, Spine & Headache Disorders",Coty,Prospect,Wave 2,Orthopedic,5bb9aa8b-846a-4a0b-ab77-289399d9b1b1,0,0,Ortho group w/ in-house spine? verify (Jul 20 rule),Review for removal
Greater Michigan Orthopedics and Sports Medicine - Warren,Coty,Prospect,Wave 2,Orthopedic,1023000882,0,0,Possible competitor (Jul 20 rule),Review for removal
Spine & Brain Surgery Specialists,Coty,Prospect,Wave 2,Orthopedic,4c1b7fe8-a5c4-417f-bee6-92fae75a3c35,0,0,Ortho group w/ in-house spine? verify (Jul 20 rule),Review for removal
Trinity IHA Pediatrics - Arbor Park,Jasmine,Prospect,Wave 2,Orthopedic,317a195f-f2b0-419b-99a5-152eb78c41cc,0,0,Pediatric (Jul 20 rule),Review for removal
Michigan Head & Spine Institute - Macomb,Coty,Prospect,Wave 2,Orthopedic,e33f4068-dcba-4ec6-a5b6-a0ce07fd66d3,0,0,Ortho group w/ in-house spine? verify (Jul 20 rule),Review for removal
St Clair Orthpaedics & Sports Medicine - Macomb,Coty,Prospect,Wave 2,Orthopedic,5d681a4d-3671-4501-b6d1-7f23b1177209,0,0,Possible competitor (Jul 20 rule),Review for removal
Adult Medicine & Pediatrics at East Ann Arbor Health and Geriatrics Center,Jasmine,Prospect,Wave 2,Orthopedic,0d9592a4-3759-4da3-82b0-9e26777daf52,0,0,Pediatric (Jul 20 rule),Review for removal
MORSI PEDIATRICS,Jasmine,Prospect,Wave 2,Orthopedic,4e0ac17e-b678-4984-b1ba-e7825a2ed78e,0,0,Pediatric (Jul 20 rule),Review for removal
SPECIALISTS IN SPINE SURGERY - Farmington Hills,Jasmine,Prospect,Wave 2,Orthopedic,df271027-cd7b-426d-a380-9f582e5304ba,0,0,Ortho group w/ in-house spine? verify (Jul 20 rule),Review for removal
WATCH US GROW PEDIATRICS,Jasmine,Prospect,Wave 2,Orthopedic,ec7d6518-5eb7-4fca-a6b1-325f004d1ea6,0,0,Pediatric (Jul 20 rule),Review for removal
WOODHAVEN PEDIATRICS,Jasmine,Prospect,Wave 2,Orthopedic,e35d1817-e4ef-431a-a979-74b7c8e2c0f0,0,0,Pediatric (Jul 20 rule),Review for removal
Beaumont Neurosurgery,Coty,Prospect,Wave 2,Orthopedic,1609867985,0,0,Neurosurgeon unlikely to cross-refer (Jul 20 rule),Review for removal
Eastside Neurosurgery - Macomb,Coty,Prospect,Wave 2,Orthopedic,d361f230-715e-4c7e-87a9-bf50246f42f4,0,0,Neurosurgeon unlikely to cross-refer (Jul 20 rule),Review for removal
Flint Children’s Center,Coty,Prospect,Wave 2,Pain,1a331ee5-5b2d-4703-a28c-28bea6ff2711,0,0,Pediatric (Jul 20 rule),Review for removal
Greater Michigan Orthopedics,Coty,Prospect,Wave 2,Orthopedic,4b39f47f-6abb-45b1-8b68-a52d1217f9c1,0,0,Possible competitor (Jul 20 rule),Review for removal
HARTLAND PEDIATRICS,Coty,Prospect,Wave 2,Orthopedic,9e86ca6f-890b-4eaa-9974-d1f7c4f09a2c,0,0,Pediatric (Jul 20 rule),Review for removal
Michigan Brain & Spine - Warren,Coty,Prospect,Wave 2,Orthopedic,c2e9f4c4-65ff-4730-abe0-7f210be0bf8f,0,0,Ortho group w/ in-house spine? verify (Jul 20 rule),Review for removal
"SPINE SPECIALISTS OF MICHIGAN, PC",Coty,Prospect,Wave 2,Orthopedic,2b5bba73-5878-4fa6-b615-7b5106bbe4e0,0,0,Ortho group w/ in-house spine? verify (Jul 20 rule),Review for removal
U of M Neurosurgery,Coty,Prospect,Wave 2,Orthopedic,c357306a-7118-459d-82fc-5365721ca926,0,0,Neurosurgeon unlikely to cross-refer (Jul 20 rule),Review for removal
Office of David Mandy DO,Sean (verify),Tier 2,Sean Priority,Pediatrics,da57adc9-a2cf-4705-886d-76146cbbde06,0,1,Pediatric (Jul 20 rule),Review for removal
St Clair Orthopaedics & Sports Medicine - St Clair Shores,Sean (verify),Prospect,Sean Priority,Orthopedic,1760694533,0,0,Possible competitor (Jul 20 rule),Review for removal
Michigan Advanced Pain & Spine,Sean (verify),Prospect,Sean Priority,Orthopedic,1c5047ff-7604-400b-9ce1-28c73249aa1a,0,0,Ortho group w/ in-house spine? verify (Jul 20 rule),Review for removal
Michigan Orthopedic Surgeons - Shelby Township,Sean (verify),Prospect,Sean Priority,Orthopedic,8160a797-3415-4e80-b1ed-48863ed65af9,0,0,Possible competitor (Jul 20 rule),Review for removal
PEDIATRIC AND ADOLESCENT CARE ASSOCIATES,Sean (verify),Prospect,Sean Priority,PCP,737db59d-0144-4c00-84f1-d0493904d41a,0,0,Pediatric (Jul 20 rule),Review for removal
McLaren Pediatrics & Family Medicine,Sean (verify),Prospect,Sean Priority,PCP,a12dc8f6-538a-4d3f-b05c-34764cc7d509,0,0,Pediatric (Jul 20 rule),Review for removal
Spinal Recovery Center,Sean (verify),Prospect,Sean Priority,Pain,8a8ab0c0-0b58-4f4a-99fa-ac580c9ceed2,0,0,Addiction medicine (Jul 20 rule),Review for removal
