Top pages,Clicks,Impressions,CTR,Position
https://synergyhealth.org/,8363,398772,2.1%,10.75
https://synergyhealth.org/about-us/company-history/,2643,86443,3.06%,5.34
https://synergyhealth.org/?utm_source=GBP&utm_medium=Organic&utm_campaign=Location-Listing-MKOWA3&y_source=1_MTAxODkwODMzNy03MTUtbG9jYXRpb24ud2Vic2l0ZQ%3D%3D,2550,65691,3.88%,5.15
https://synergyhealth.org/full-service-clinics/sterling-heights-2/,2518,90496,2.78%,11.08
https://synergyhealth.org/mri/?utm_source=GBP&utm_medium=Organic&utm_campaign=Location-Listing-SHPMRIROY&y_source=1_MTAxODkyMzUxMy03MTUtbG9jYXRpb24ud2Vic2l0ZQ%3D%3D,1989,48929,4.07%,4.83
https://synergyhealth.org/providers/preetinder-bhullar-md/,1887,29036,6.5%,5.17
https://synergyhealth.org/mendelson-kornblum-orthopedics-is-a-multi-specialty-practice-that-offers-hope-and-relief-for-chronic-pain-sufferers/,1711,106459,1.61%,5.91
https://synergyhealth.org/mri/?utm_source=GBP&utm_medium=Organic&utm_campaign=Location-Listing-SHPMRILI&y_source=1_MTAxODkyMzUxNy03MTUtbG9jYXRpb24ud2Vic2l0ZQ%3D%3D,1595,34756,4.59%,4.73
https://synergyhealth.org/6-tests-diagnose-shoulder-injury-guide-3-types-treatment/,1513,145205,1.04%,12.41
https://synergyhealth.org/providers/scott-mccarty-md/,1347,30417,4.43%,7.93
https://synergyhealth.org/locations/,1311,153078,0.86%,11.19
https://synergyhealth.org/providers/stephen-d-mendelson-md/,1270,42366,3%,9.34
https://synergyhealth.org/shp-physical-therapy/physical-therapy-locations/?utm_source=GBP&utm_medium=Organic&utm_campaign=Location-Listing-SHPLI&y_source=1_MTAxODkyMzUxMi03MTUtbG9jYXRpb24ud2Vic2l0ZQ%3D%3D,1256,34381,3.65%,3.8
https://synergyhealth.org/full-service-clinics/port-huron/,1208,40775,2.96%,9.58
https://synergyhealth.org/providers/kyle-bohm-md/,1152,31578,3.65%,8.4
https://synergyhealth.org/providers/david-h-mendelson-md/,1107,52041,2.13%,12.51
https://synergyhealth.org/providers/tony-abood-do/,1098,13841,7.93%,8.96
https://synergyhealth.org/physical-therapy/?utm_source=GBP&utm_medium=Organic&utm_campaign=Location-Listing-SHPWA1&y_source=1_MTAxODkyMzUxMS03MTUtbG9jYXRpb24ud2Vic2l0ZQ%3D%3D,1092,32338,3.38%,4.67
https://synergyhealth.org/locations/clinic-locations/,1074,117985,0.91%,9.25
https://synergyhealth.org/providers/mohamed-salar-md/,881,17794,4.95%,4.92
https://synergyhealth.org/locations/ambulatory-surgery-centers/,863,43596,1.98%,11.87
https://synergyhealth.org/providers/anthony-j-oddo-do/,807,18884,4.27%,15.57
https://synergyhealth.org/locations/mri-locations/,799,69374,1.15%,13.46
https://synergyhealth.org/locations/ambulatory-surgery-centers/genesys-surgery-center/,762,36756,2.07%,10.16
https://synergyhealth.org/providers/jeffrey-b-klein-dpm/,759,28916,2.62%,12.48
https://synergyhealth.org/providers/kevin-r-lee-md/,741,25032,2.96%,7.37
https://synergyhealth.org/providers/joseph-maslak-md/,677,12054,5.62%,5.1
https://synergyhealth.org/flying-with-joint-replacement/,676,122984,0.55%,6.43
https://synergyhealth.org/locations/clinic-locations/southfield/?utm_source=GMBSocialClimb&utm_medium=MichfootSurgeonsPC,675,35502,1.9%,5.35
https://synergyhealth.org/locations/physical-therapy-locations/,644,129072,0.5%,24.42
https://synergyhealth.org/providers/brian-kassa-do/,641,13985,4.58%,7.53
https://synergyhealth.org/specialties/physical-therapy/lymphedema-management/,569,222596,0.26%,8.65
https://synergyhealth.org/providers/jeffrey-varghese-md/,569,16058,3.54%,8.83
https://synergyhealth.org/providers/jeffrey-d-mendelson-md/,526,14366,3.66%,6.86
https://synergyhealth.org/?utm_source=GBP&utm_medium=Organic&utm_campaign=Location-Listing-MKOWA3&y_source=1_MTAxODkwODMzNy03MTUtbG9jYXRpb24ud2Vic2l0ZQ%3D%3D,499,19194,2.6%,4.01
https://synergyhealth.org/orthopedic-urgent-care/?utm_medium=SynergyHealthPartnersOrthopedicUrgentCareLivonia&utm_source=GMBSocialClimb,498,7676,6.49%,5.32
https://synergyhealth.org/providers/dr-hainish-singh-md/,430,11857,3.63%,12.96
https://synergyhealth.org/our-providers/,425,125211,0.34%,10.03
https://synergyhealth.org/providers/randy-leff-dpm/,413,14841,2.78%,7.34
https://synergyhealth.org/providers/joseph-yacisen-do/,411,6335,6.49%,5.25
https://synergyhealth.org/contact-us/,387,128940,0.3%,6.16
https://synergyhealth.org/providers/andres-munk-md/,383,11432,3.35%,5.76
https://synergyhealth.org/patient-resources/insurance-information/,382,21152,1.81%,11.83
https://synergyhealth.org/providers/steven-acker-do/,367,16859,2.18%,9.33
https://synergyhealth.org/providers/ashley-fox-dc-ms-ccsp-facmuap/,362,10596,3.42%,11.11
https://synergyhealth.org/specialties/spine-back-and-neck/lumbar-laminectomy/,342,87456,0.39%,28.59
https://synergyhealth.org/providers/randy-leff-dpm/?utm_source=GMBSocialClimb&utm_medium=RandyLeffDPM,333,5945,5.6%,4.69
https://synergyhealth.org/providers/alice-mendelson-md/,322,15012,2.14%,10.15
https://synergyhealth.org/locations/livonia/,316,25153,1.26%,10.64
https://synergyhealth.org/specialties/pain-management/,307,67431,0.46%,24.83
https://synergyhealth.org/providers/ben-mayo-md/,307,19058,1.61%,9.92
https://synergyhealth.org/providers/david-mendelson-md/,289,13363,2.16%,5.85
https://synergyhealth.org/providers/rasheed-abiola-md/,270,3870,6.98%,32.99
https://synergyhealth.org/specialties/hand-upper-extremity/finger-amputation/,268,60225,0.44%,4.64
https://synergyhealth.org/patient-resources/,267,51911,0.51%,7.28
https://synergyhealth.org/specialties/occupational-therapy/custom-orthoses-splints/,267,44392,0.6%,13.33
https://synergyhealth.org/services/weight-management/,264,19273,1.37%,14.36
"https://synergyhealth.org/providers/brian-kassa-do/?utm_source=GMBSocialClimb&utm_medium=Dr.BrianKassa,DO&scct=PNc4efb0c2b3b77d321410729826f000ce",263,4522,5.82%,6.09
https://synergyhealth.org/mendelson-orthopedics-is-a-multi-specialty-practice-that-offers-hope-and-relief-for-chronic-pain-sufferers/,255,11788,2.16%,6.06
https://synergyhealth.org/locations/sterling-heights/,252,7542,3.34%,9.39
https://synergyhealth.org/locations/clinic-locations/southfield/,244,34416,0.71%,14.33
https://synergyhealth.org/specialties/physical-therapy/cognitive-functional-therapy/,240,13643,1.76%,9.78
"https://synergyhealth.org/providers/tony-abood-do/?utm_source=GMBSocialClimb&utm_medium=TonyAbood,DO",230,4111,5.59%,5.69
"https://synergyhealth.org/providers/kevin-r-lee-md/?utm_source=GMBSocialClimb&utm_medium=KevinR.Lee,MD",222,6588,3.37%,5.51
https://synergyhealth.org/shelby-township-ouc/,218,23772,0.92%,20.15
https://synergyhealth.org/?utm_source=GMBSocialClimb&utm_medium=SynergyHealthPartners%7CMendelsonKornblumOrthopedics%26SpineSpecialists%7CPortHuron,217,7701,2.82%,6.25
https://synergyhealth.org/specialties/physical-therapy/,208,66542,0.31%,27.4
https://synergyhealth.org/category/job/,206,2926,7.04%,22.62
https://synergyhealth.org/about-us/,202,100376,0.2%,12.16
https://synergyhealth.org/locations/clinic-locations/southfield/?utm_medium=MichfootSurgeonsPC,202,13036,1.55%,4.25
https://synergyhealth.org/mri-facts-that-you-may-have-not-known/,198,21126,0.94%,13.25
https://synergyhealth.org/mri-for-canadian-patients/,184,10662,1.73%,8.29
https://synergyhealth.org/conditions/neck-fracture-broken-neck/,182,69252,0.26%,6.98
https://synergyhealth.org/providers/kevin-lee-md/,181,6639,2.73%,6.46
https://synergyhealth.org/providers/stephen-mendelson-md/,180,9610,1.87%,7.04
"https://synergyhealth.org/providers/tony-abood-do/?utm_source=GMBSocialClimb&utm_medium=TonyAbood,DO&scct=PNbf4691cfb9f112e59161bc03ff69e957",178,2871,6.2%,3.46
https://synergyhealth.org/about-us/our-founder/,168,25662,0.65%,6.5
"https://synergyhealth.org/providers/scott-mccarty-md/?utm_source=GMBSocialClimb&utm_medium=Dr.ScottMcCarty,MD&scct=PN8d0c48988334c85f563267d13971e0b2",166,4288,3.87%,4.8
https://synergyhealth.org/providers/jack-belen-md/,164,5863,2.8%,9.05
"https://synergyhealth.org/providers/jeffrey-varghese-md/?utm_source=GMBSocialClimb&utm_medium=Dr.JeffreyVarghese,MD&scct=PN7eb53d154b64732f8916e9bd0ee580d7",155,4432,3.5%,4.57
https://synergyhealth.org/providers/jeffrey-klein-dpm/,153,7475,2.05%,7.92
https://synergyhealth.org/specialties/spine-back-and-neck/cervical-fusion/,148,80362,0.18%,9.04
https://synergyhealth.org/providers/jeffrey-mendelson-md/,148,5811,2.55%,6.96
https://synergyhealth.org/specialties/hand-upper-extremity/,143,37785,0.38%,22.37
https://synergyhealth.org/providers/kevin-sorensen-dpm/,136,13054,1.04%,9.11
https://synergyhealth.org/specialties/orthopedic-services/,135,70019,0.19%,45.58
https://synergyhealth.org/locations/ambulatory-surgery-centers/genesys-surgery-center/?utm_source=GMBSocialClimb&utm_medium=GenesysSurgeryCenter,132,4156,3.18%,5.06
https://synergyhealth.org/providers/evan-vandenbosch-pa-c/,129,4145,3.11%,7.37
https://synergyhealth.org/providers/anthony-oddo-do/,128,3653,3.5%,7
"https://synergyhealth.org/providers/jeffrey-varghese-md/?utm_source=GMBSocialClimb&utm_medium=Dr.JeffreyVarghese,MD&scct=PNf4d04695ab29abaaf4290cbd2683bc25",126,4020,3.13%,5.62
https://synergyhealth.org/specialties/spine-back-and-neck/,125,66451,0.19%,24.7
https://synergyhealth.org/specialties/orthopedic-services/total-knee-arthroplasty-tka-comprehensive-guide-for-patients/,120,228952,0.05%,25.09
https://synergyhealth.org/conditions-we-treat/hand-upper-extremity-conditions/dupuytrens-disease/,120,81028,0.15%,30.35
https://synergyhealth.org/locations/pain-management-locations/,118,19043,0.62%,15.43
https://synergyhealth.org/locations/ambulatory-surgery-centers/warren-synergy-surgery-center/,117,3227,3.63%,4.69
https://synergyhealth.org/services/diagnostic-services/,116,12697,0.91%,9.94
https://synergyhealth.org/locations/clinic-locations/southfield/spine-neck/,108,8104,1.33%,15.36
https://synergyhealth.org/locations/port-huron/,107,7308,1.46%,11.35
https://synergyhealth.org/locations/genesys-surgery-center/,105,4972,2.11%,10
"https://synergyhealth.org/providers/ashley-fox-dc-ms-ccsp-facmuap/?utm_source=GMBSocialClimb&utm_medium=Dr.AshleyFoxDC,MS,CCSP,FACMUAP&scct=PNc01b534f40f5cdf01e16e5687885daea",102,1571,6.49%,6.7
https://synergyhealth.org/services/integrated-care-services/,101,33903,0.3%,11.15
https://synergyhealth.org/providers/kristina-e-green-dpm/,100,4360,2.29%,11.16
https://synergyhealth.org/?utm_source=GMBSocialClimb&utm_medium=SynergyHealthPartnersPhysicalTherapyWarren,100,3453,2.9%,5.68
https://synergyhealth.org/locations/troy/,98,6925,1.42%,11.8
https://synergyhealth.org/providers/hainish-singh-md/,96,3810,2.52%,5.15
https://synergyhealth.org/providers/brittany-miller-pa-c/,95,4745,2%,10.98
https://synergyhealth.org/get-involved/contact-us/,93,12242,0.76%,6.59
"https://synergyhealth.org/?utm_source=GMBSocialClimb&utm_medium=Dr.AndresMunk,MD&scct=PN5b1d036ab4c0110c5d2ea38cb7e1e1e9",92,3539,2.6%,5.66
https://synergyhealth.org/providers/pearl-dua-pa-c/,92,1809,5.09%,18.2
https://synergyhealth.org/providers/francis-elwart-dc/,90,3359,2.68%,10.47
https://synergyhealth.org/locations-type/surgical-centers/,89,13706,0.65%,14.07
https://synergyhealth.org/conditions-we-treat/spine-neck-back-conditions/neck-fracture-broken-neck/,88,39615,0.22%,7.71
"https://synergyhealth.org/providers/mohamed-salar-md/?utm_source=GMBSocialClimb&utm_medium=Dr.MohamedSalar,MD",86,5027,1.71%,7.09
https://synergyhealth.org/locations/southfield/,85,8645,0.98%,11.95
"https://synergyhealth.org/providers/scott-mccarty-md/?utm_source=GMBSocialClimb&utm_medium=Dr.ScottMcCarty,MD",79,4058,1.95%,6.38
https://synergyhealth.org/providers/kyle-truscott-dc/,78,1323,5.9%,8.67
https://synergyhealth.org/providers/andrew-cox-pa-c/,77,5112,1.51%,9.6
https://synergyhealth.org/providers/hanish-singh-md/,77,2911,2.65%,7.31
https://synergyhealth.org/self-pay-options/,76,17521,0.43%,6.41
https://synergyhealth.org/providers/samantha-houle-pa-c/,76,3839,1.98%,33.31
https://synergyhealth.org/hipaa/,75,6209,1.21%,7.82
https://synergyhealth.org/providers/hayley-foster-pa-c/,75,4579,1.64%,10.43
https://synergyhealth.org/services/provider-recommended-supplements/,73,13955,0.52%,14.04
https://synergyhealth.org/patient-center/,72,4178,1.72%,6.84
https://synergyhealth.org/providers/mitch-misiak-pa-c/,72,1198,6.01%,9.13
https://synergyhealth.org/providers/spencer-poshadlo-pa-c/,72,1010,7.13%,6.38
https://synergyhealth.org/specialties/podiatry/,71,6087,1.17%,25.69
https://synergyhealth.org/providers/,70,14144,0.49%,29.6
https://synergyhealth.org/treatment/finger-amputation-surgery/,69,13265,0.52%,8.26
https://synergyhealth.org/providers/benjamin-mayo-md/,68,5117,1.33%,7.41
https://synergyhealth.org/get-involved/careers-at-synergy/,68,3264,2.08%,7.11
https://synergyhealth.org/all-about-contusions/,64,103786,0.06%,24.88
https://synergyhealth.org/hand-pain-symptoms-conditions-causing-discomfort/,64,41212,0.16%,45.96
https://synergyhealth.org/locations/synergy-surgery-center/,64,4216,1.52%,7.71
https://synergyhealth.org/providers/kelley-gray-allen-pa-c/,63,2392,2.63%,12.65
https://synergyhealth.org/patient-center/patient-testimonials/,61,13126,0.46%,8.51
https://synergyhealth.org/locations/clinic-locations/southfield/ortho-services/,61,6190,0.99%,12.61
https://synergyhealth.org/providers/elizabeth-zachow-pa-c/,61,1379,4.42%,15.99
https://synergyhealth.org/treatment/physical-therapy/,59,7717,0.76%,13.48
https://synergyhealth.org/5-common-causes-of-hip-pain/,57,101920,0.06%,62.42
https://synergyhealth.org/providers/beth-wilkins-dpt/,57,3241,1.76%,7.82
https://synergyhealth.org/specialties/pain-management/peripheral-nerve-injection/,56,17613,0.32%,7.57
https://synergyhealth.org/providers/larisa-joeright-pa-c/,55,945,5.82%,10.51
https://synergyhealth.org/providers/fred-leff-dpm/,54,8912,0.61%,10.55
"https://synergyhealth.org/providers/kevin-r-lee-md/?utm_source=GMBSocialClimb&utm_medium=Dr.KevinLee,MD&scct=PN1cd05e367eb86eff2e26124c164646f6",54,2383,2.27%,5.25
https://synergyhealth.org/providers/sue-cash-pt/,54,1806,2.99%,9.68
https://synergyhealth.org/specialties/spine-back-and-neck/anterior-cervical-discectomy-fusion/,53,14628,0.36%,7.23
https://synergyhealth.org/self-pay-options/orthopedics/,53,5398,0.98%,13.78
https://synergyhealth.org/specialties/physical-therapy/vestibular-rehabilitation/,52,40813,0.13%,52.4
"https://synergyhealth.org/providers/joseph-yacisen-do/?utm_source=GMBSocialClimb&utm_medium=JosephYacisen,DO",51,1619,3.15%,5.13
https://synergyhealth.org/specialties/hand-upper-extremity/de-quervains-release/,50,21211,0.24%,7.19
https://synergyhealth.org/?utm_medium=SynergyHealthPartners%7CMendelsonKornblumOrthopedics&SpineSpecialists%7CPortHuron,50,2731,1.83%,4.47
https://synergyhealth.org/providers/elaine-mccallister-pa-c-atc/,50,1613,3.1%,10.61
https://synergyhealth.org/specialties/pain-management/caudal-epidural-steroid-injection-caudal-esi/,49,25894,0.19%,13.13
https://synergyhealth.org/treatment/pain-management/,48,9740,0.49%,17.8
https://synergyhealth.org/providers/preetinder-bhullar-md/?utm_source=gbp&utm_medium=organic&utm_campaign=location-listing-MKOWA3&y_source=1_MTAyMTUyMTc5MS03MTUtbG9jYXRpb24ud2Vic2l0ZQ%3D%3D,48,4124,1.16%,3.84
https://synergyhealth.org/full-service-clinics/sterling-heights-2/?utm_source=GMBSocialClimb&utm_medium=SynergyHealthPartners%7CMendelsonKornblumPainManagementClinic,48,3502,1.37%,6.28
https://synergyhealth.org/providers/cassidy-ebach-pa-c/,48,1261,3.81%,11.79
https://synergyhealth.org/services/,46,18138,0.25%,8.66
"https://synergyhealth.org/providers/kevin-sorensen-dpm/?utm_source=GMBSocialClimb&utm_medium=KevinSorensen,DPM&scct=PN8c010db0784db5fe49bf6fdfb88281a2",46,1871,2.46%,4.27
https://synergyhealth.org/treatment/de-quervains-release-surgery/,45,10102,0.45%,12.34
https://synergyhealth.org/minimally-invasive-lumbar-decompression-mild-procedure/,44,17802,0.25%,33.25
https://synergyhealth.org/providers/kristina-green-dpm/,43,1900,2.26%,7.02
"https://synergyhealth.org/providers/anthony-j-oddo-do/?utm_source=GMBSocialClimb&utm_medium=AnthonyJ.Oddo,DO",42,1599,2.63%,5.46
https://synergyhealth.org/providers/noah-kueber/,42,765,5.49%,8.95
https://synergyhealth.org/specialties/hand-upper-extremity/mass-removal/,41,6656,0.62%,4.83
https://synergyhealth.org/weight-management/,41,4477,0.92%,9.93
https://synergyhealth.org/insurance-billing/insurance-accepted/,41,2499,1.64%,6.45
"https://synergyhealth.org/providers/kristina-e-green-dpm/?utm_source=GMBSocialClimb&utm_medium=KristinaGreen,DPM&scct=PNd10034d61216f90f9fffffd0aa90cc4c",41,1560,2.63%,6.86
https://synergyhealth.org/specialties/occupational-therapy/hand-therapy/,40,65930,0.06%,16.75
https://synergyhealth.org/conditions/dupuytrens-contracture/,40,18890,0.21%,14.1
https://synergyhealth.org/specialties/podiatry/gastrocnemius-recession/,40,6552,0.61%,7.66
https://synergyhealth.org/providers/max-castoreno-otrl/,40,688,5.81%,9.16
https://synergyhealth.org/?utm_source=GMBSocialClimb&utm_medium=SynergyHealthPartnersChiropractic,39,2608,1.5%,4.92
https://synergyhealth.org/shp-physical-therapy/meet-the-team/?utm_source=GBP&utm_medium=organic&utm_campaign=location-listing-SHPWA1&y_source=1_MTAyMTUyMTc5OS03MTUtbG9jYXRpb24ud2Vic2l0ZQ%3D%3D,39,1138,3.43%,8.87
https://synergyhealth.org/iv-infusion-therapy-for-chronic-headache/,38,24446,0.16%,34.13
https://synergyhealth.org/specialties/spine-back-and-neck/thoracic-lumbar-decompression/,38,11550,0.33%,18.22
"https://synergyhealth.org/providers/fred-leff-dpm/?utm_source=GMBSocialClimb&utm_medium=FredLeff,DPM&scct=PNab403ecce9439c0bccfd4651804a904a",38,2031,1.87%,5.72
https://synergyhealth.org/insurance-billing/,37,3477,1.06%,8.16
https://synergyhealth.org/specialties/occupational-therapy/,36,13832,0.26%,32.61
https://synergyhealth.org/conditions-we-treat/hip-conditions/hip-bursitis/,35,43626,0.08%,34.39
https://synergyhealth.org/specialties/foot-and-ankle/,34,7562,0.45%,11.84
https://synergyhealth.org/providers/cullen-lane-pt-ot/,34,1149,2.96%,12.42
https://synergyhealth.org/no-surprise-act/,33,2018,1.64%,20.42
https://synergyhealth.org/specialties/occupational-therapy/neural-mobilization/,32,11568,0.28%,10.86
https://synergyhealth.org/specialty/physical-therapy/,32,7446,0.43%,47.16
https://synergyhealth.org/five-questions-to-ask-your-arthritis-doctor/,32,7363,0.43%,19.11
https://synergyhealth.org/providers/sue-piotrowski-pta/,32,1913,1.67%,9.43
https://synergyhealth.org/providers/adelisa-zahirovic-pa-c/,32,284,11.27%,5.58
https://synergyhealth.org/specialties/spine-back-and-neck/sacroiliac-joint-fusion/,31,17546,0.18%,38.01
https://synergyhealth.org/providers/amy-hauxwell-otrl-cht/,31,1297,2.39%,8.48
https://synergyhealth.org/conditions-we-treat/hand-upper-extremity-conditions/fingertip-injuries-amputations/,30,27872,0.11%,20.98
https://synergyhealth.org/locations-type/full-service-clinics/,30,8296,0.36%,11.95
https://synergyhealth.org/specialty/spine-neck-back/,30,4683,0.64%,18.78
https://synergyhealth.org/specialty/hand-wrist/,29,6621,0.44%,24.31
https://synergyhealth.org/treatment/custom-orthoses-splints/,29,6075,0.48%,9.93
https://synergyhealth.org/for-canadian-patients/,29,1515,1.91%,7.92
"https://synergyhealth.org/providers/ashley-fox-dc-ms-ccsp-facmuap/?utm_source=GMBSocialClimb&utm_medium=Dr.AshleyFoxDC,MS,CCSP,FACMUAP",29,407,7.13%,5.71
https://synergyhealth.org/conditions-we-treat/hand-upper-extremity-conditions/boutonniere-deformity/,28,26160,0.11%,19.8
https://synergyhealth.org/services/hipinsight-system/,28,5641,0.5%,9.23
"https://synergyhealth.org/providers/kyle-bohm-md/?utm_source=GMBSocialClimb&utm_medium=KyleBohm,MD",28,3270,0.86%,4.42
"https://synergyhealth.org/providers/scott-mccarty-md/?utm_source=GMBSocialClimb&utm_medium=Dr.ScottMcCarty,MD&scct=PNa73786858322953380d530f7dd94642e",28,2230,1.26%,4.39
https://synergyhealth.org/providers/kennie-brenner-mpt/,28,974,2.87%,11.87
https://synergyhealth.org/services/auto-accidents/,27,15008,0.18%,38.16
https://synergyhealth.org/orthopedic-surgeons-tickle-the-funny-bone/,27,1514,1.78%,21.1
https://synergyhealth.org/conditions-we-treat/hand-upper-extremity-conditions/arthritis-of-the-thumb/,26,65753,0.04%,66.48
https://synergyhealth.org/6-hand-surgeries-can-relieve-pain-suffering/,26,5328,0.49%,23.61
https://synergyhealth.org/shp-physical-therapy/physical-therapy-locations/?utm_source=GBP&utm_medium=Organic&utm_campaign=Location-Listing-SHPSH&y_source=1_MTAxODkyMzUxNi03MTUtbG9jYXRpb24ud2Vic2l0ZQ%3D%3D,26,1674,1.55%,6.15
https://synergyhealth.org/providers/ian-zaporski-pta/,26,547,4.75%,12.61
https://synergyhealth.org/locations-type/imaging-mri/,25,1381,1.81%,8.12
https://synergyhealth.org/providers/edyta-jagustin-pt/,25,1027,2.43%,10.23
https://synergyhealth.org/providers/simon-gappe-dpt-fgs/,25,550,4.55%,10.97
https://synergyhealth.org/specialties/physical-therapy/tmj-pain-dysfunction/,24,29356,0.08%,35.78
https://synergyhealth.org/specialties/physical-therapy/blood-flow-restriction/,24,29240,0.08%,38.9
https://synergyhealth.org/conditions/back-fracture-break/,24,17219,0.14%,8.66
https://synergyhealth.org/what-causes-joint-damage-who-is-at-risk/,24,12365,0.19%,13.74
https://synergyhealth.org/treatment/mass-removal/,24,6610,0.36%,7.64
https://synergyhealth.org/about-us/frequently-asked-questions/,24,4687,0.51%,11.58
"https://synergyhealth.org/providers/preetinder-bhullar-md/?utm_source=GMBSocialClimb&utm_medium=Dr.PreetinderBhullar,MD&scct=PN0ea106e1e5908f43acd6e94680bed3e0",24,3055,0.79%,3.1
https://synergyhealth.org/specialties/hand-upper-extremity/nerve-repair/,23,35747,0.06%,23.18
https://synergyhealth.org/treatment/peripheral-nerve-injection/,23,8041,0.29%,8.88
https://synergyhealth.org/insurance-billing/self-pay/,23,2787,0.83%,7.24
https://synergyhealth.org/providers/amy-mazurek-dpt/,23,589,3.9%,10.6
https://synergyhealth.org/providers/kathleen-blashfield-pta-clt/,23,458,5.02%,19.6
https://synergyhealth.org/providers/rachel-gracz-pt-ot-manager/,23,304,7.57%,12.95
https://synergyhealth.org/specialty/orthopedic-services/,22,5187,0.42%,14.83
https://synergyhealth.org/providers/carol-arakelian-pta/,22,532,4.14%,11.71
"https://synergyhealth.org/providers/andres-munk-md/?utm_source=GMBSocialClimb&utm_medium=Dr.AndresMunk,MD",22,441,4.99%,7.86
https://synergyhealth.org/providers/caitlin-clemence-pa-c/,21,3217,0.65%,9.91
https://synergyhealth.org/treatment/sacroiliac-joint-fusion/,21,3131,0.67%,12.8
https://synergyhealth.org/providers/fatema-taher-pt-ompt-ocs/,21,1378,1.52%,8.04
https://synergyhealth.org/?utm_source=GMBSocialClimb&utm_medium=SynergyHealthPartners%7CMendelsonOrthopedics%26Spine,21,1269,1.65%,7.49
https://synergyhealth.org/providers/crystal-langholff-dpt/,21,526,3.99%,10.87
https://synergyhealth.org/conditions-we-treat/foot-ankle-conditions/,20,7531,0.27%,20.46
https://synergyhealth.org/specialties/pain-management/lumbar-rfa-radiofrequency-ablation/,19,13469,0.14%,34.59
https://synergyhealth.org/insurance-billing/self-pay-orthopedics/,19,3054,0.62%,9.09
"https://synergyhealth.org/providers/hainish-singh-md/?utm_source=GMBSocialClimb&utm_medium=HanishSingh,MD",19,940,2.02%,4.76
https://synergyhealth.org/request-medical-records/,19,394,4.82%,5.81
https://synergyhealth.org/treatment/prp-injections/,18,25662,0.07%,6.66
https://synergyhealth.org/patient-resources/patient-education/,18,4419,0.41%,19.53
https://synergyhealth.org/head-to-total-sports-medicine-with-dr-peter-lasater/,18,3161,0.57%,8.94
https://synergyhealth.org/be-involved-with-your-care/,18,1687,1.07%,20.76
https://synergyhealth.org/locations,17,32020,0.05%,5.51
https://synergyhealth.org/5-frequent-hand-injuries-treat-effectively/,17,13750,0.12%,37.3
https://synergyhealth.org/treatment/cmc-arthroplasty/,17,2932,0.58%,14.73
https://synergyhealth.org/providers/mark-macki-monton-pt/,17,836,2.03%,7.58
https://synergyhealth.org/conditions-we-treat/spine-neck-back-conditions/back-fracture-break/,16,12281,0.13%,32.08
https://synergyhealth.org/patient-resources/mdsave/,16,4189,0.38%,5.09
https://synergyhealth.org/location/port-huron/,16,2061,0.78%,13.33
https://synergyhealth.org/providers/maria-marcaida-gorospe-pt/,16,1436,1.11%,8.17
"https://synergyhealth.org/providers/preetinder-bhullar-md/?utm_source=GMBSocialClimb&utm_medium=PreetinderBhullar,MD",16,1029,1.55%,3.09
https://synergyhealth.org/conditions-we-treat/hand-upper-extremity-conditions/ganglions-cysts-of-the-wrist/,15,70359,0.02%,47.13
https://synergyhealth.org/conditions-we-treat/knee-conditions/,15,16851,0.09%,15.38
https://synergyhealth.org/conditions-we-treat/,15,15172,0.1%,7.22
https://synergyhealth.org/specialties/spine-back-and-neck/thoracic-lumbar-fusion/,15,8410,0.18%,27.95
https://synergyhealth.org/providers/tony-badia-pta/,15,1142,1.31%,8.63
https://synergyhealth.org/staff-physical-therapist-100-outpatient-orthopedics/,15,908,1.65%,18.22
https://synergyhealth.org/shp-physical-therapy/meet-the-team/?utm_source=GBP&utm_medium=organic&utm_campaign=location-listing-SHPWA1&y_source=1_MTAyNTMxNTU1Ny03MTUtbG9jYXRpb24ud2Vic2l0ZQ%3D%3D,15,639,2.35%,5.11
https://synergyhealth.org/providers/laura-winowiecki-pta-clt-mt/,15,623,2.41%,8.51
https://synergyhealth.org/specialties/foot-and-ankle/ankle-sprains-fractures/,14,7969,0.18%,6.61
https://synergyhealth.org/specialties/hand-upper-extremity/cmc-arthroplasty/,14,6459,0.22%,39.11
https://synergyhealth.org/services/care-accident-injury/,14,4436,0.32%,29.79
https://synergyhealth.org/treatment/joint-pain-injections/,14,1983,0.71%,10.53
https://synergyhealth.org/conditions-we-treat/hand-upper-extremity-conditions/carpal-tunnel-syndrome/,13,53354,0.02%,35.14
https://synergyhealth.org/specialties/pain-management/trigger-point-injection/,13,21924,0.06%,52.94
https://synergyhealth.org/conditions-we-treat/hand-upper-extremity-conditions/reflex-sympathetic-dystrophy/,13,12230,0.11%,27.52
https://synergyhealth.org/shp-physical-therapy/meet-the-team/?utm_source=GBP&utm_medium=organic&utm_campaign=location-listing-SHPWA1&y_source=1_MTAyNTMxNTU1OC03MTUtbG9jYXRpb24ud2Vic2l0ZQ%3D%3D,13,1488,0.87%,5.5
https://synergyhealth.org/mendelson-kornblum-orthopedics-pain-management-spine-is-recognized-five-times-in-hour-magazine-top-docs-2011/,13,1152,1.13%,20.78
https://synergyhealth.org/location/troy-clinic/,13,488,2.66%,13.36
https://synergyhealth.org/specialties/pain-management/spinal-cord-stimulator/,12,17756,0.07%,53.65
https://synergyhealth.org/3-possible-alternatives-to-orthopedic-surgery/,12,14136,0.08%,16.64
https://synergyhealth.org/providers/gerald-jerry-md/,12,779,1.54%,6.82
https://synergyhealth.org/services/car-accident-injury/,11,22491,0.05%,14.13
https://synergyhealth.org/conditions-we-treat/foot-ankle-conditions/bunions/,11,10833,0.1%,9.2
https://synergyhealth.org/treatment/si-joint-injection/,11,4986,0.22%,10.43
https://synergyhealth.org/synergy-health-blog/,11,1785,0.62%,18.41
https://synergyhealth.org/full-service-clinics/on-site-pharmacy/,11,1304,0.84%,10.37
https://synergyhealth.org/treatment/total-knee-arthroplasty-tka/,10,56356,0.02%,9.26
https://synergyhealth.org/treatment/caudal-esi/,10,8904,0.11%,8.62
https://synergyhealth.org/treatment/gastrocnemius-recession-surgery/,10,4841,0.21%,13.15
https://synergyhealth.org/treatment/spinal-cord-stimulator/,10,2906,0.34%,18.17
https://synergyhealth.org/specialty/occupational-therapy/,10,1880,0.53%,18.44
https://synergyhealth.org/did-you-know-mendelson-kornblum-orthopedics-has-same-day-appointments-for-acute-injuries/,10,1401,0.71%,15.19
https://synergyhealth.org/check-out-what-mkoss-has-been-up-to-in-2020/,10,1336,0.75%,5.1
https://synergyhealth.org/specialties/pain-management/ketamine-infusion/,10,771,1.3%,13.05
https://synergyhealth.org/shp-physical-therapy/meet-the-team/?utm_source=GBP&utm_medium=organic&utm_campaign=location-listing-SHPLI&y_source=1_MTAyNTMxNTU0OC03MTUtbG9jYXRpb24ud2Vic2l0ZQ%3D%3D,10,571,1.75%,6.82
"https://synergyhealth.org/providers/brian-kassa-do/?utm_source=GMBSocialClimb&utm_medium=Dr.BrianKassa,DO",10,304,3.29%,4.69
https://synergyhealth.org/specialties/physical-therapy/womens-health/,9,20582,0.04%,56.75
https://synergyhealth.org/the-mendelson-kornblum-difference/,9,4788,0.19%,12.64
https://synergyhealth.org/treatment/radiofrequency-ablation/,9,3940,0.23%,24.22
https://synergyhealth.org/conditions/hand-arthritis/,9,3791,0.24%,21.35
https://synergyhealth.org/treatment/hand-therapy/,9,1847,0.49%,14.85
https://synergyhealth.org/conditions/mortons-neuroma/,9,1765,0.51%,15.52
https://synergyhealth.org/specialties/spine-back-and-neck/port-huron-spine-neck-pain-dr-andres-munk/,9,1341,0.67%,10.69
"https://synergyhealth.org/providers/brian-kassa-do/?utm_source=GMBSocialClimb&utm_medium=BrianKassa,DO&scct=PN448a685264740c69715c7307d32366bf",9,629,1.43%,6.46
https://synergyhealth.org/providers/chris-kakos-pt/,9,596,1.51%,6.81
https://synergyhealth.org/providers/aaron-wienczak-otrl/,9,524,1.72%,8.82
"https://synergyhealth.org/providers/jeffrey-varghese-md/?utm_source=GMBSocialClimb&utm_medium=Dr.JeffreyVarghese,MD",9,401,2.24%,5.54
https://synergyhealth.org/providers/anna-krinke-pt-dpt/,9,296,3.04%,6.39
https://synergyhealth.org/#elementor-action%3Aaction%3Dpopup%3Aopen%26settings%3DeyJpZCI6IjI0ODY5IiwidG9nZ2xlIjpmYWxzZX0%3D,8,18368,0.04%,5.22
https://synergyhealth.org/treatment/trigger-point-injection/,8,8804,0.09%,11.55
https://synergyhealth.org/treatment/trigger-finger-release/,8,3917,0.2%,8.33
https://synergyhealth.org/conditions-we-treat/total-joint-care/reverse-shoulder-anthroplasty/,8,3705,0.22%,25.4
https://synergyhealth.org/conditions-we-treat/spine-neck-back-conditions/,8,3350,0.24%,13.13
https://synergyhealth.org/treatment/lumbar-cervical-fusion/,8,2540,0.31%,17.65
https://synergyhealth.org/specialty/foot-ankle-specialists/,8,2293,0.35%,24.27
https://synergyhealth.org/about-us/our-history/,8,1148,0.7%,8.71
https://synergyhealth.org/shp-physical-therapy/meet-the-team/?utm_source=GBP&utm_medium=organic&utm_campaign=location-listing-SHPLI&y_source=1_MTAyNTMxNTU0Ni03MTUtbG9jYXRpb24ud2Vic2l0ZQ%3D%3D,8,260,3.08%,7.32
https://synergyhealth.org/shp-physical-therapy/meet-the-team/?utm_source=GBP&utm_medium=organic&utm_campaign=location-listing-SHPLI&y_source=1_MTAyNTMxNTU0OS03MTUtbG9jYXRpb24ud2Vic2l0ZQ%3D%3D,8,178,4.49%,9.4
https://synergyhealth.org/rotator-cuff-injuries-know-tell-see-doctor/,7,14945,0.05%,24.7
https://synergyhealth.org/conditions/ganglion-cyst/,7,6322,0.11%,46.92
https://synergyhealth.org/specialties/pain-management/joint-pain-injections/,7,2119,0.33%,37.75
https://synergyhealth.org/treatment/lumbar-epidural-steroid-injection/,7,1533,0.46%,11.08
https://synergyhealth.org/shp-physical-therapy/meet-the-team/?utm_source=GBP&utm_medium=organic&utm_campaign=location-listing-SHPLI&y_source=1_MTAyNTMxNTU0NS03MTUtbG9jYXRpb24ud2Vic2l0ZQ%3D%3D,7,633,1.11%,5.94
https://synergyhealth.org/specialties/podiatry/prp-injections/,7,470,1.49%,8.15
https://synergyhealth.org/providers/simon-gappe-pt-dpt/,7,299,2.34%,7.01
https://synergyhealth.org/locations/clinic-locations/troy/,7,147,4.76%,4.03
https://synergyhealth.org/treatment/kyphoplasty-vertebroplasty/,6,6690,0.09%,17.69
https://synergyhealth.org/specialties/pain-management/lumbar-medial-branch-block/,6,2430,0.25%,6.21
https://synergyhealth.org/treatment/injections-esi-facet-nerve-blocks/,6,2035,0.29%,9.74
https://synergyhealth.org/providers/preetinder-bhullar-md/?utm_source=gbp&utm_medium=organic&utm_campaign=location-listing-MKOWA3&y_source=1_MTAyMTUyMTc5MS03MTUtbG9jYXRpb24ud2Vic2l0ZQ%3D%3D,6,1734,0.35%,2.81
https://synergyhealth.org/conditions/,6,1690,0.36%,9.16
https://synergyhealth.org/specialties/orthopedic-services/overview-of-total-hip-replacement-surgery-total-hip-arthroplasty/,6,1388,0.43%,27.91
https://synergyhealth.org/treatment/total-hip-arthroplasty/,6,1305,0.46%,7.85
https://synergyhealth.org/LOCATIONS/,6,949,0.63%,7.3
https://synergyhealth.org/providers/lucia-zamorano-md-faanos-fics/,6,681,0.88%,6.92
https://synergyhealth.org/treatment/gel-injections/,6,665,0.9%,13.7
https://synergyhealth.org/shp-physical-therapy/meet-the-team/?utm_source=GBP&utm_medium=organic&utm_campaign=location-listing-SHPWA1&y_source=1_MTAyNTMxNTU2Mi03MTUtbG9jYXRpb24ud2Vic2l0ZQ%3D%3D,6,499,1.2%,7.1
https://synergyhealth.org/providers/noah-kueber-pt/,6,263,2.28%,7.66
https://synergyhealth.org/providers/loretta-assalone-otr-l-cht/,6,252,2.38%,7.19
"https://synergyhealth.org/providers/kevin-sorensen-dpm/?utm_source=GMBSocialClimb&utm_medium=KevinSorensen,DPM",6,199,3.02%,3.62
https://synergyhealth.org/specialties/orthopedic-services/shoulder-arthroscopy/,5,23181,0.02%,76.34
https://synergyhealth.org/what-is-peripheral-arterial-disease-pad/,5,14417,0.03%,48.76
https://synergyhealth.org/conditions/shoulder-dislocation/,5,3556,0.14%,12.69
https://synergyhealth.org/conditions/trochanteric-bursitis/,5,2695,0.19%,21.77
https://synergyhealth.org/treatment/thoracic-lumbar-decompression/,5,2517,0.2%,17.21
https://synergyhealth.org/is-swelling-normal-with-rheumatoid-arthritis/,5,2091,0.24%,34.16
https://synergyhealth.org/treatment/hip-revision-surgery/,5,1263,0.4%,8.81
"https://synergyhealth.org/providers/dr-hainish-singh-md/?utm_source=GMBSocialClimb&utm_medium=HanishSingh,MD&scct=PN901cae4d1de757c5a2f6f1542e70c2c8",5,813,0.62%,5.04
https://synergyhealth.org/providers/tiffany-hepworth-pta/,5,620,0.81%,9.49
https://synergyhealth.org/providers/cullen-lane-dpt-bche-pt-ot-manager/,5,548,0.91%,7.77
https://synergyhealth.org/shp-physical-therapy/meet-the-team/?utm_source=GBP&utm_medium=organic&utm_campaign=location-listing-SHPLI&y_source=1_MTAyNTMxNTU1MC03MTUtbG9jYXRpb24ud2Vic2l0ZQ%3D%3D,5,486,1.03%,5.91
https://synergyhealth.org/treatment/toe-arthroplasty/,5,478,1.05%,10.61
https://synergyhealth.org/providers/amy-mazurek-mpt/,5,464,1.08%,7.98
https://synergyhealth.org/our-providers/page/2/,5,396,1.26%,11.47
https://synergyhealth.org/shp-physical-therapy/meet-the-team/?utm_source=GBP&utm_medium=organic&utm_campaign=location-listing-SHPSH&y_source=1_MTAyNTMxNTU1Mi03MTUtbG9jYXRpb24ud2Vic2l0ZQ%3D%3D,5,236,2.12%,6.85
https://synergyhealth.org/providers/m-wednesday-hall-do/,5,190,2.63%,16.92
https://synergyhealth.org/our-providers/page/5/,5,187,2.67%,9.93
https://synergyhealth.org/conditions-we-treat/knee-conditions/iliotibial-band-syndrome/,4,11578,0.03%,28
https://synergyhealth.org/specialties/orthopedic-services/partial-knee-replacement-surgery/,4,10068,0.04%,57.61
https://synergyhealth.org/treatment/laminectomy/,4,6614,0.06%,17.6
https://synergyhealth.org/conditions-we-treat/spine-neck-back-conditions/sciatica/,4,6526,0.06%,50.91
https://synergyhealth.org/treatment/nerve-repair/,4,4689,0.09%,17.16
https://synergyhealth.org/conditions-we-treat/hip-conditions/rheumatoid-arthritis-in-the-hip-joint/,4,2163,0.18%,9.79
https://synergyhealth.org/locations/clinic-locations/southfield/podiatry/,4,1960,0.2%,12.57
https://synergyhealth.org/specialties/spine-back-and-neck/microdiscectomy/,4,1773,0.23%,54.22
https://synergyhealth.org/conditions/frozen-shoulder/,4,1515,0.26%,13.89
https://synergyhealth.org/full-service-clinics/what-to-expect/,4,1365,0.29%,11.48
"https://synergyhealth.org/providers/steven-acker-do/?utm_source=GMBSocialClimb&utm_medium=StevenAcker,DO",4,1185,0.34%,13.25
https://synergyhealth.org/specialties/orthopedic-services/livonia/,4,950,0.42%,10.43
https://synergyhealth.org/treatment/emg/,4,821,0.49%,9.21
https://synergyhealth.org/top-docs-for-second-consecutive-year/,4,638,0.63%,26.07
https://synergyhealth.org/herniated-disc-microdiscectomy/,4,628,0.64%,12.39
https://synergyhealth.org/treatment/occipital-nerve-block/,4,471,0.85%,22.99
"https://synergyhealth.org/providers/fred-leff-dpm/?utm_source=GMBSocialClimb&utm_medium=FredLeff,DPM",4,201,1.99%,4.47
"https://synergyhealth.org/providers/kristina-e-green-dpm/?utm_source=GMBSocialClimb&utm_medium=KristinaGreen,DPM",4,165,2.42%,5.86
https://synergyhealth.org/conditions-we-treat/foot-ankle-conditions/mortons-neuroma/,3,14832,0.02%,75.37
https://synergyhealth.org/specialties/orthopedic-services/sterling-heights/,3,4383,0.07%,24.39
https://synergyhealth.org/conditions/thumb-arthritis/,3,3918,0.08%,16.67
https://synergyhealth.org/treatment/medial-branch-blocks-cervical-lumbar/,3,1778,0.17%,11.32
https://synergyhealth.org/specialties/occupational-therapy/fine-motor-coordination-training/,3,1259,0.24%,9.39
https://synergyhealth.org/turkey-carving-safety/,3,1249,0.24%,9.87
https://synergyhealth.org/conditions/de-quervains-tenosynovitis/,3,1185,0.25%,18.38
https://synergyhealth.org/treatment/partial-hip-replacement-hemiarthroplasty/,3,1101,0.27%,37.57
https://synergyhealth.org/conditions/spondylolisthesis/,3,1091,0.27%,10.57
https://synergyhealth.org/patient-resources/notice-of-privacy-practices/,3,1060,0.28%,7.79
https://synergyhealth.org/conditions/acl-tear/,3,941,0.32%,15.21
https://synergyhealth.org/category/news/,3,934,0.32%,20.28
https://synergyhealth.org/conditions-we-treat/hand-upper-extremity-conditions/,3,928,0.32%,24.86
https://synergyhealth.org/about-us/mission-values/,3,843,0.36%,9.37
https://synergyhealth.org/conditions/cervical-radiculopathy/,3,743,0.4%,16.09
https://synergyhealth.org/tips-for-optimum-joint-health/,3,728,0.41%,22.08
https://synergyhealth.org/patient-resources/testimonials/,3,594,0.51%,27.96
https://synergyhealth.org/about-us/leadership-team/,3,573,0.52%,6.46
https://synergyhealth.org/category/shoulder/,3,499,0.6%,29.04
https://synergyhealth.org/free-webinar-chronic-lower-back-lower-extremity-pain/,3,481,0.62%,11.08
https://synergyhealth.org/neck-back-care/,3,451,0.67%,22.75
https://synergyhealth.org/treatment/chiropractic-care/,3,448,0.67%,9.85
https://synergyhealth.org/shp-physical-therapy/meet-the-team/?utm_source=GBP&utm_medium=organic&utm_campaign=location-listing-SHPWA1&y_source=1_MTAyNTMxNTU2MC03MTUtbG9jYXRpb24ud2Vic2l0ZQ%3D%3D,3,402,0.75%,7.69
https://synergyhealth.org/specialty/primary-care-physician/,3,382,0.79%,9.62
https://synergyhealth.org/hipinsight-system/,3,380,0.79%,9.17
https://synergyhealth.org/evan-jenkins/,3,287,1.05%,27.87
https://synergyhealth.org/category/uncategorized/,3,274,1.09%,18.67
https://synergyhealth.org/treatment/achilles-tendon-repair/,3,272,1.1%,15.67
https://synergyhealth.org/providers/elaina-homer-pta/,3,205,1.46%,10.01
https://synergyhealth.org/shp-physical-therapy/meet-the-team/?utm_source=GBP&utm_medium=organic&utm_campaign=location-listing-SHPWA1&y_source=1_MTAyNTMxNTU1OS03MTUtbG9jYXRpb24ud2Vic2l0ZQ%3D%3D,3,175,1.71%,9.68
https://synergyhealth.org/specialties/pain-management/emg/,3,174,1.72%,7.32
https://synergyhealth.org/shp-physical-therapy/meet-the-team/?utm_source=GBP&utm_medium=organic&utm_campaign=location-listing-SHPWA1&y_source=1_MTAyNTMxNTU1NS03MTUtbG9jYXRpb24ud2Vic2l0ZQ%3D%3D,3,166,1.81%,8.89
https://synergyhealth.org/treatment/nerve-decompression-ulnar-radial/,3,163,1.84%,15.31
https://synergyhealth.org/treatment/gluteal-iliopsoas-tendon-repair/,3,153,1.96%,8.86
https://synergyhealth.org/conditions-we-treat/hand-upper-extremity-conditions/hand-arthritis/,2,25582,0.01%,74.77
https://synergyhealth.org/conditions-we-treat/hand-upper-extremity-conditions/fracture-of-the-finger/,2,10799,0.02%,84.66
https://synergyhealth.org/how-do-i-know-if-i-need-knee-replacement-surgery/,2,9363,0.02%,47.14
https://synergyhealth.org/total-knee-arthroplasty-tka-comprehensive-guide-for-patients/,2,7047,0.03%,9.96
https://synergyhealth.org/conditions-we-treat/hip-conditions/avascular-necrosis-of-the-hip/,2,5870,0.03%,62.78
https://synergyhealth.org/5-common-causes-hip-pain-find-relief/,2,4135,0.05%,60.83
https://synergyhealth.org/providers/caitlin-rogers-pa-c/,2,3617,0.06%,4.29
https://synergyhealth.org/conditions/foot-stress-fracture/,2,2540,0.08%,10.29
https://synergyhealth.org/conditions-we-treat/knee-conditions/loose-body-of-the-knee-joint/,2,2417,0.08%,8.77
https://synergyhealth.org/treatment/lumbar-laminectomy/,2,2253,0.09%,10.09
https://synergyhealth.org/conditions-we-treat/spine-neck-back-conditions/spondylolisthesis/,2,2251,0.09%,6.03
https://synergyhealth.org/did-you-know-si-joint-is-a-significant-cause-of-low-back-pain/,2,2232,0.09%,49.93
https://synergyhealth.org/treatment/total-reverse-shoulder-arthroplasty/,2,1599,0.13%,14.64
https://synergyhealth.org/conditions/trigger-finger/,2,1454,0.14%,14.97
https://synergyhealth.org/shoulder-elbow-care/,2,1379,0.15%,39.19
https://synergyhealth.org/specialties/spine-back-and-neck-old/lumbar-fusion/,2,1172,0.17%,40.17
https://synergyhealth.org/conditions/wrist-fracture/,2,1162,0.17%,17.94
https://synergyhealth.org/treatment/shoulder-arthroscopy/,2,1121,0.18%,17.94
https://synergyhealth.org/locations-type/physical-therapy/,2,937,0.21%,21.04
https://synergyhealth.org/conditions/hip-flexor-strain/,2,906,0.22%,10.1
https://synergyhealth.org/specialties/occupational-therapy/compression-therapy/,2,905,0.22%,18.96
https://synergyhealth.org/conditions/femoroacetabular-impingement/,2,804,0.25%,38.09
https://synergyhealth.org/location/southfield/,2,698,0.29%,25.98
https://synergyhealth.org/conditions/hip-labral-tear/,2,615,0.33%,20.41
https://synergyhealth.org/treatment/knee-arthroscopy/,2,582,0.34%,51.53
https://synergyhealth.org/head-to-total-mitch-misiak-physician-assistant-with-synergy-health-partners-orthopedic-urgent-care-speaks-about-the-importance-of-orthopedic-urgent-care/,2,578,0.35%,9.28
https://synergyhealth.org/orthopedic-urgent-care/?utm_medium=SynergyHealthPartnersOrthopedicUrgentCare&utm_source=GMBSocialClimb,2,561,0.36%,12.05
https://synergyhealth.org/providers/anna-babushkina-md/?utm_source=gbp&utm_medium=organic&utm_campaign=location-listing-MKOWA3&y_source=1_MTAyMTUyMTgwNC03MTUtbG9jYXRpb24ud2Vic2l0ZQ%3D%3D,2,521,0.38%,9.89
https://synergyhealth.org/conditions/spinal-stenosis/,2,509,0.39%,18.91
https://synergyhealth.org/arthritis-or-something-else/,2,481,0.42%,10.78
https://synergyhealth.org/bunion-relief/,2,457,0.44%,10.33
https://synergyhealth.org/dr-jeffrey-b-klein-urges-dialysis-patients-to-get-regular-foot-screenings/,2,405,0.49%,10.93
https://synergyhealth.org/specialties/hand-upper-extremity/sterling-heights/,2,303,0.66%,12.03
https://synergyhealth.org/treatment/spinal-decompression/,2,286,0.7%,8.36
https://synergyhealth.org/women-in-medicine-and-orthopedics/,2,221,0.9%,15.46
https://synergyhealth.org/specialties/orthopedic-services/acl-knee-injuries-their-treatment/,2,206,0.97%,53.6
https://synergyhealth.org/conditions/hip-fracture/,2,203,0.99%,15.25
https://synergyhealth.org/join-a-free-virtual-patient-educational-event-new-treatments-for-painful-diabetic-neuropathy/,2,203,0.99%,24.73
https://synergyhealth.org/lets-talk-about-headaches/,2,196,1.02%,22.93
https://synergyhealth.org/treatment/carpal-tunnel-release-surgery/,2,139,1.44%,9.21
https://synergyhealth.org/hip-knee-replacement/,2,124,1.61%,27.44
https://synergyhealth.org/sherrill-lefforge/,2,116,1.72%,20.05
https://synergyhealth.org/category/arthritis/,2,97,2.06%,27.37
https://synergyhealth.org/patient-center/appointment-cancellations/,2,39,5.13%,8.64
https://synergyhealth.org/patient-center/pay-my-bill/,2,37,5.41%,19.03
"https://synergyhealth.org/?utm_source=GMBSocialClimb&utm_medium=Dr.AndresMunk,MD",2,19,10.53%,3.11
https://synergyhealth.org/specialties/physical-therapy/dry-needling/,1,15819,0.01%,70.41
https://synergyhealth.org/specialties/podiatry/bunionectomy/,1,3814,0.03%,38.82
https://synergyhealth.org/tennis-vs-golfer-elbow/,1,3230,0.03%,65.38
https://synergyhealth.org/hand-injuries-common-symptoms-occur/,1,2582,0.04%,75.84
https://synergyhealth.org/treatment/,1,2042,0.05%,25.04
https://synergyhealth.org/conditions-we-treat/hip-conditions/hip-dislocations/,1,1974,0.05%,71.11
https://synergyhealth.org/treatment/bunionectomy/,1,1872,0.05%,10.02
https://synergyhealth.org/conditions/ankylosing-spondylitis/,1,1856,0.05%,20.71
https://synergyhealth.org/conditions/knee-bursitis/,1,1767,0.06%,16.52
https://synergyhealth.org/conditions-we-treat/hip-conditions/snapping-hip-syndrome/,1,1658,0.06%,45.41
https://synergyhealth.org/conditions/ac-joint-separation/,1,1313,0.08%,13.67
https://synergyhealth.org/conditions/ankle-fracture/,1,1269,0.08%,13.37
https://synergyhealth.org/conditions/shoulder-arthritis/,1,1212,0.08%,20.62
https://synergyhealth.org/conditions-we-treat/hand-upper-extremity-conditions/sprained-thumb/,1,974,0.1%,11.9
https://synergyhealth.org/conditions-we-treat/foot-ankle-conditions/broken-ankle/,1,896,0.11%,67.67
https://synergyhealth.org/specialties/spine-back-and-neck/minimally-invasive-spine-surgery/,1,881,0.11%,67.53
https://synergyhealth.org/conditions/carpal-tunnel-syndrome/,1,872,0.11%,14.79
https://synergyhealth.org/conditions/rotator-cuff-tear/,1,841,0.12%,12.07
https://synergyhealth.org/patient-center/learning-hub/,1,797,0.13%,54.49
https://synergyhealth.org/conditions/shoulder-labral-tear/,1,768,0.13%,14.79
https://synergyhealth.org/conditions-we-treat/knee-conditions/pseudogout/,1,637,0.16%,11.25
https://synergyhealth.org/conditions/wrist-sprain/,1,607,0.16%,19.94
https://synergyhealth.org/specialty/knee/,1,566,0.18%,36.81
https://synergyhealth.org/treatment/cubital-tunnel-release/,1,528,0.19%,14.05
https://synergyhealth.org/providers/anna-babushkina-md/?utm_source=GBP&utm_medium=Organic&utm_campaign=Location-Listing-MKOLI&y_source=1_MTAyMTUyMTgwMy03MTUtbG9jYXRpb24ud2Vic2l0ZQ%3D%3D,1,487,0.21%,9.22
https://synergyhealth.org/conditions/tennis-elbow/,1,461,0.22%,30.91
https://synergyhealth.org/specialties/hand-upper-extremity/fractures/,1,452,0.22%,13.75
https://synergyhealth.org/treatment/ucl-reconstruction-surgery/,1,441,0.23%,19.94
https://synergyhealth.org/treatment/partial-knee-replacement/,1,436,0.23%,15.26
https://synergyhealth.org/specialty/,1,355,0.28%,15.4
https://synergyhealth.org/conditions/hip-flexor-strain,1,351,0.28%,12.8
https://synergyhealth.org/yourchildsshoe/,1,340,0.29%,11.81
https://synergyhealth.org/conditions-we-treat/hand-upper-extremity-conditions/trigger-finger/,1,324,0.31%,64.18
https://synergyhealth.org/insurance-billing/self-pay-foot-ankle/,1,312,0.32%,6.93
https://synergyhealth.org/self-pay-options/pain-management-2/,1,305,0.33%,7.47
https://synergyhealth.org/treatment/elbow-arthroscopy/,1,288,0.35%,23.23
https://synergyhealth.org/conditions/rotator-cuff-tendinitis/,1,286,0.35%,13.21
https://synergyhealth.org/shp-physical-therapy/meet-the-team/?utm_source=GBP&utm_medium=organic&utm_campaign=location-listing-SHPWA1&y_source=1_MTAyNTMxNTU1Ni03MTUtbG9jYXRpb24ud2Vic2l0ZQ%3D%3D,1,277,0.36%,5.63
https://synergyhealth.org/common-knee-problems/,1,274,0.36%,22.77
https://synergyhealth.org/conditions/flatfoot/,1,255,0.39%,31.64
https://synergyhealth.org/book-an-appointment/,1,251,0.4%,19.96
https://synergyhealth.org/treatment/rotator-cuff-repair/,1,247,0.4%,15.6
https://synergyhealth.org/patient-center/your-first-visit/,1,228,0.44%,11.04
https://synergyhealth.org/conditions/patellofemoral-pain-syndrome/,1,219,0.46%,30.31
https://synergyhealth.org/shp-physical-therapy/meet-the-team/?utm_source=GBP&utm_medium=organic&utm_campaign=location-listing-SHPWA1&y_source=1_MTAyNTMxNTU2MS03MTUtbG9jYXRpb24ud2Vic2l0ZQ%3D%3D,1,205,0.49%,8.45
https://synergyhealth.org/treatment/labral-repair-treatment/,1,200,0.5%,10.41
https://synergyhealth.org/specialty/sports-medicine/,1,181,0.55%,11.85
https://synergyhealth.org/conditions/si-joint-pain/,1,175,0.57%,18.66
https://synergyhealth.org/shp-physical-therapy/meet-the-team/?utm_source=GBP&utm_medium=organic&utm_campaign=location-listing-SHPRO&y_source=1_MTAyNTMxNTU1MS03MTUtbG9jYXRpb24ud2Vic2l0ZQ%3D%3D,1,159,0.63%,7.91
https://synergyhealth.org/self-pay-options/spine-neck-back/,1,154,0.65%,7.58
https://synergyhealth.org/treatment/disc-replacement-surgery/,1,148,0.68%,9.97
https://synergyhealth.org/conditions/achilles-tendinitis/,1,136,0.74%,17.89
https://synergyhealth.org/remission-of-rheumatoid-arthritis-is-possible-with-early-treatment/,1,131,0.76%,22.42
https://synergyhealth.org/specialties/hand-upper-extremity/tendon-repair/,1,125,0.8%,10.38
https://synergyhealth.org/insurance-billing/self-pay-spine-neck-back/,1,88,1.14%,8.5
https://synergyhealth.org/treatment/acl-reconstruction/,1,87,1.15%,20.13
https://synergyhealth.org/wp-content/uploads/2024/05/Custom-Orthoses-Splints-final-scaled-1.jpg,1,86,1.16%,18.17
https://synergyhealth.org/for-canadian-clinicians/,1,74,1.35%,7.58
https://synergyhealth.org/self-pay-options/foot-ankle/,1,74,1.35%,11.3
https://synergyhealth.org/conditions/lumbar-stenosis/,1,73,1.37%,25.71
https://synergyhealth.org/auto-attorney-refferals/,1,64,1.56%,7.69
https://synergyhealth.org/our-providers/page/4/?utm_source=GBP&utm_medium=Organic&utm_campaign=Location-Listing-SHPLI&y_source=1_MTAyNTMxNTU0OS03MTUtbG9jYXRpb24ud2Vic2l0ZQ%3D%3D,1,61,1.64%,7.56
https://synergyhealth.org/locations-type/pain-management/,1,60,1.67%,13.3
https://synergyhealth.org/treatment/kyphoplasty-vertebroplasty,1,60,1.67%,22.1
https://synergyhealth.org/insurance-billing/self-pay-pain-management/,1,59,1.69%,6.12
https://synergyhealth.org/conditions/bakers-cyst/,1,59,1.69%,9.86
https://synergyhealth.org/specialties/hand-upper-extremity/cubital-tunnel-release/,1,40,2.5%,12.32
https://synergyhealth.org/mri-locations/,1,38,2.63%,7.11
https://synergyhealth.org/insurance/unitedhealthcare/,1,38,2.63%,9.95
https://synergyhealth.org/self-pay-options/pain-management/,1,30,3.33%,33.9
https://synergyhealth.org/providers/terry-viviani-dc/,1,29,3.45%,6.83
https://synergyhealth.org/insurance-billing/workers-compensation/,1,28,3.57%,10.71
https://synergyhealth.org/patient-center/your-first-visit,1,22,4.55%,3.32
https://synergyhealth.org/terms-conditions,1,14,7.14%,5.21
https://synergyhealth.org/our-providers/page/6/?utm_source=loclisting&utm_medium=organic&utm_campaign=location-listing-SHPRO&y_source=1_MTAyNTMxNTU1MS01NTMtbG9jYXRpb24ud2Vic2l0ZQ%3D%3D,1,14,7.14%,7.21
https://synergyhealth.org/our-providers/page/2/?utm_source=GBP&utm_medium=Organic&utm_campaign=Location-Listing-SHPLI&y_source=1_MTAyNTMxNTU0OS03MTUtbG9jYXRpb24ud2Vic2l0ZQ%3D%3D,1,13,7.69%,7.23
https://synergyhealth.org/our-providers/page/7/?utm_source=loclisting&utm_medium=organic&utm_campaign=location-listing-SHPRO&y_source=1_MTAyNTMxNTU1MS01NTMtbG9jYXRpb24ud2Vic2l0ZQ%3D%3D,1,9,11.11%,5.44
https://synergyhealth.org/category/knee-hip/,1,9,11.11%,9.56
https://synergyhealth.org/conditions-we-treat/shoulder/shoulder-fracture/,0,7964,0%,82.81
https://synergyhealth.org/conditions-we-treat/spine-neck-back-conditions/cervical-radiculopathy/,0,5674,0%,61.41
https://synergyhealth.org/conditions-we-treat/spine-neck-back-conditions/spinal-stenosis/,0,5629,0%,78.74
https://synergyhealth.org/conditions-we-treat/hip-conditions/,0,4826,0%,31.17
https://synergyhealth.org/treatment/microdiscectomy/,0,3864,0%,8.26
https://synergyhealth.org/treatment/ankle-arthroscopy/,0,3450,0%,7.99
https://synergyhealth.org/conditions-we-treat/hip-conditions/hip-impingement/,0,2239,0%,74.86
https://synergyhealth.org/treatment/biceps-tenodesis-tenotomy/,0,1660,0%,16.02
https://synergyhealth.org/specialties/pain-management/si-sacroiliac-injection/,0,1442,0%,37.44
https://synergyhealth.org/treatment/total-elbow-arthroplasty/,0,1352,0%,14.1
https://synergyhealth.org/specialties/pain-management/cervical-epidural-steroid-injection/,0,1283,0%,2.41
https://synergyhealth.org/conditions/bunions/,0,1283,0%,10.89
https://synergyhealth.org/conditions/meniscus-tear/,0,1256,0%,8.54
https://synergyhealth.org/are-migraines-a-disease/,0,1209,0%,43.46
https://synergyhealth.org/conditions-we-treat/knee-conditions/septic-arthritis-in-the-knee-joint/,0,1144,0%,13.13
https://synergyhealth.org/conditions-we-treat/shoulder/rotator-cuff-injuries/,0,1099,0%,25.61
https://synergyhealth.org/conditions/arthritic-back-pain/,0,1026,0%,9.5
https://synergyhealth.org/conditions-we-treat/knee-conditions/acl-injuries/,0,1013,0%,80.89
https://synergyhealth.org/understanding-common-migraine-triggers-what-you-can-do-to-stop-the-pain/,0,878,0%,80.09
https://synergyhealth.org/conditions-we-treat/hand-upper-extremity-conditions/kienbocks-disease/,0,779,0%,63.31
https://synergyhealth.org/treatment/tendon-repair/,0,776,0%,13.08
https://synergyhealth.org/specialty/hip/,0,773,0%,25.19
https://synergyhealth.org/conditions/ankle-sprain/,0,716,0%,21.38
https://synergyhealth.org/conditions-we-treat/shoulder/shoulder-arthritis/,0,702,0%,70.15
https://synergyhealth.org/conditions/patellar-tendinitis/,0,697,0%,14.16
https://synergyhealth.org/distal-radius-fracture/,0,649,0%,21.12
https://synergyhealth.org/degenerative-disc-disease-treatment/,0,618,0%,26.56
https://synergyhealth.org/treatment/trochanteric-bursectomy/,0,578,0%,25.72
https://synergyhealth.org/specialties/occupational-therapy/functional-capacity-evaluations-fce/,0,565,0%,19.53
https://synergyhealth.org/treatment/ac-joint-reconstruction/,0,549,0%,9.43
https://synergyhealth.org/treatment/physical-therapy/ ,0,522,0%,7.02
https://synergyhealth.org/conditions-we-treat/shoulder/,0,482,0%,23.36
https://synergyhealth.org/shoulder-discomfort-4-reasons-behind-pain/,0,454,0%,58.63
https://synergyhealth.org/survey-responses/,0,432,0%,10.73
https://synergyhealth.org/conditions/herniated-disc/,0,417,0%,18.17
https://synergyhealth.org/specialties/pain-management/cervical-medial-branch-block/,0,412,0%,7.73
https://synergyhealth.org/specialties/pain-management/kyphoplasty/,0,402,0%,22.65
https://synergyhealth.org/specialty/shoulder-elbow/,0,392,0%,20.57
https://synergyhealth.org/arthritis-awareness/,0,389,0%,48.14
https://synergyhealth.org/specialties/spine-back-and-neck/disc-arthroplasty/,0,388,0%,36.91
https://synergyhealth.org/conditions/plantar-fasciitis/,0,380,0%,19.92
https://synergyhealth.org/about-us/why-synergy-health/,0,352,0%,7.58
https://synergyhealth.org/specialties/pain-management/lumbar-epidural-steroid-injection-lumbar-esi/,0,341,0%,12.89
https://synergyhealth.org/category/testimonial/,0,334,0%,20.9
https://synergyhealth.org/neck-pain-post/,0,333,0%,59.21
https://synergyhealth.org/conditions-we-treat/knee-conditions/rheumatoid-arthritis-in-the-knee-joint-2/,0,320,0%,12.04
https://synergyhealth.org/specialties/podiatry/bone-repair-surgery/,0,319,0%,9.35
https://synergyhealth.org/conditions-we-treat/knee-conditions/dislocated-kneecap/,0,310,0%,20.18
https://synergyhealth.org/conditions/scoliosis/,0,299,0%,23.95
https://synergyhealth.org/conditions-we-treat/hand-upper-extremity-conditions/wrist-injuries-fractures/,0,275,0%,14.71
https://synergyhealth.org/self-pay-options/self-pay-hand-upper-extremity/,0,267,0%,27.54
https://synergyhealth.org/what-are-bunions-and-hammertoes-w-dr-jeffrey-b-klein-dpm/,0,251,0%,44.61
https://synergyhealth.org/conditions-we-treat/hand-upper-extremity-conditions/nerve-injuries/,0,237,0%,15.44
https://synergyhealth.org/specialties/physical-therapy/post-operative-orthopedic-care/,0,236,0%,19.88
https://synergyhealth.org/shp-physical-therapy/meet-the-team/?utm_source=GBP&utm_medium=organic&utm_campaign=location-listing-SHPLI&y_source=1_MTAyNTMxNTU0Ny03MTUtbG9jYXRpb24ud2Vic2l0ZQ%3D%3D,0,235,0%,5.96
https://synergyhealth.org/conditions/mortons-neuroma,0,235,0%,40
https://synergyhealth.org/conditions/knee-osteoarthritis/,0,234,0%,24.03
https://synergyhealth.org/treatment-type/non-surgical/,0,232,0%,36.32
https://synergyhealth.org/notice-of-privacy-policy/,0,230,0%,10.27
https://synergyhealth.org/conditions-we-treat/hand-upper-extremity-conditions/mallet-finger-baseball-finger/,0,214,0%,11
https://synergyhealth.org/our-providers/page/2/?y_source=1_MTAyNTMxNTU0NC02MzgtbG9jYXRpb24ud2Vic2l0ZQ%3D%3D,0,207,0%,10.95
https://synergyhealth.org/treatment/dupuytren-contracture-release/,0,204,0%,7.75
https://synergyhealth.org/causing-shoulder-pain/,0,199,0%,34.49
https://synergyhealth.org/category/uncategorized/page/2/,0,178,0%,20.28
https://synergyhealth.org/conditions-we-treat/hand-upper-extremity-conditions/dequervains-tendinitis/,0,177,0%,9.43
https://synergyhealth.org/our-providers/page/3/,0,175,0%,17.57
https://synergyhealth.org/specialties/orthopedic-services/ortho-southfield/,0,149,0%,13.32
https://synergyhealth.org/specialties/pain-management/occipital-nerve-branch-block/,0,147,0%,11.57
https://synergyhealth.org/conditions/shoulder-impingement-syndrome/,0,141,0%,36.81
https://synergyhealth.org/locations-type/physical-therapy/?utm_source=GBP&utm_medium=Organic&utm_campaign=Location-Listing-SHPLI&y_source=1_MTAxODkyMzUxMi03MTUtbG9jYXRpb24ud2Vic2l0ZQ%3D%3D,0,136,0%,9.29
https://synergyhealth.org/our-providers/page/4/,0,135,0%,11.22
https://synergyhealth.org/conditions/ankle-arthritis/,0,131,0%,17.26
https://synergyhealth.org/conditions-we-treat/hand-upper-extremity-conditions/flexor-tendon-injuries/,0,127,0%,16.02
https://synergyhealth.org/running-tips/,0,126,0%,10.4
https://synergyhealth.org/conditions-we-treat/spine-neck-back-conditions/lumbar-stenosis/,0,126,0%,63.88
https://synergyhealth.org/recovery-guide/,0,122,0%,16.48
https://synergyhealth.org/conditions-we-treat/spine-neck-back-conditions/arthritic-back-pain/,0,122,0%,49.1
https://synergyhealth.org/back-to-school-shopping-shoe-addition/,0,121,0%,34.4
https://synergyhealth.org/conditions-we-treat/hip-conditions/hip-dysplasia/,0,117,0%,28.29
https://synergyhealth.org/conditions-we-treat/hand-upper-extremity-conditions/distal-radius-fracture/,0,106,0%,21.17
https://synergyhealth.org/providers/page/3/,0,103,0%,27.81
https://synergyhealth.org/treatment-type/surgical/,0,102,0%,28.25
https://synergyhealth.org/treatment/meniscus-repair-meniscectomy/,0,96,0%,19.66
https://synergyhealth.org/earl-frank/,0,93,0%,50.68
https://synergyhealth.org/conditions/sciatica/,0,90,0%,15.79
https://synergyhealth.org/insurance-billing/commercial/,0,89,0%,33.22
https://synergyhealth.org/understanding-hip-arthritis-and-replacement-blog/,0,87,0%,67.34
https://synergyhealth.org/conditions-we-treat/foot-ankle-conditions/arthritis-of-the-foot-and-ankle/,0,86,0%,89.09
https://synergyhealth.org/self-pay-options/primary-care/,0,83,0%,27.61
https://synergyhealth.org/conditions-we-treat/foot-ankle-conditions/bowed-legs/,0,82,0%,10.01
"https://synergyhealth.org/providers/dr-hainish-singh-md/?utm_source=GMBSocialClimb&utm_medium=HanishSingh,MD",0,79,0%,5.89
https://synergyhealth.org/providers/page/2/,0,79,0%,8.41
https://synergyhealth.org/conditions/golfers-elbow/,0,79,0%,37.42
https://synergyhealth.org/conditions-we-treat/hand-upper-extremity-conditions/hand-fractures/,0,78,0%,15.21
https://synergyhealth.org/conditions-we-treat/hand-upper-extremity-conditions/scaphoid-wrist-bone-fracture/,0,78,0%,26.68
https://synergyhealth.org/our-providers/page/8/,0,77,0%,8.06
https://synergyhealth.org/#schedule-appointment,0,76,0%,5.41
https://synergyhealth.org/specialties/orthopedic-services/elbow-arthroscopy/,0,74,0%,10.62
https://synergyhealth.org/bunion-pain/,0,74,0%,23.81
https://synergyhealth.org/specialties/hand-upper-extremity/dupuytren-contracture-release/,0,71,0%,11.25
https://synergyhealth.org/treatment/hip-arthroscopy-labral-repair/,0,69,0%,9.25
https://synergyhealth.org/synergy-health-blog/page/4/,0,68,0%,7.46
https://synergyhealth.org/treatment/hip-resurfacing/,0,68,0%,15.1
https://synergyhealth.org/conditions/hip-osteoarthritis/,0,67,0%,22.91
https://synergyhealth.org/treatment/hip-osteotomy-joint-preservation/,0,66,0%,17.91
https://synergyhealth.org/our-providers/page/7/,0,61,0%,5.59
https://synergyhealth.org/insurance-billing/self-pay-hand-upper-extremity/,0,60,0%,10.67
https://synergyhealth.org/treatment/shoulder-stabilization-latarjet-bankart/,0,59,0%,13.36
https://synergyhealth.org/conditions/mcl-tear/,0,58,0%,12.07
https://synergyhealth.org/category/spine/,0,56,0%,18.52
https://synergyhealth.org/locations-type/auto-accident-care/,0,55,0%,10.31
https://synergyhealth.org/conditions-we-treat/shoulder/shoulder-separation/,0,55,0%,25.8
https://synergyhealth.org/our-providers/page/5/?utm_source=GBP&utm_medium=Organic&utm_campaign=Location-Listing-SHPWA1&y_source=1_MTAyNTMxNTU1Ni03MTUtbG9jYXRpb24ud2Vic2l0ZQ%3D%3D,0,54,0%,7.57
https://synergyhealth.org/specialties/podiatry/toe-arthroplasty/,0,53,0%,10.89
https://synergyhealth.org/specialties/podiatry/ankle-toe-fusion/,0,53,0%,21.66
https://synergyhealth.org/our-providers/page/8/?utm_source=GBP&utm_medium=Organic&utm_campaign=Location-Listing-SHPLI&y_source=1_MTAyNTMxNTU0OS03MTUtbG9jYXRpb24ud2Vic2l0ZQ%3D%3D,0,52,0%,7.06
https://synergyhealth.org/specialties/physical-therapy/kinesiotaping/,0,52,0%,11.87
https://synergyhealth.org/full-service-clinics/southfield/,0,52,0%,33.85
https://synergyhealth.org/our-providers/page/6/,0,50,0%,5.86
https://synergyhealth.org/treatment/achilles-tendon-repair,0,50,0%,60.78
https://synergyhealth.org/self-pay-options/foot-ankle-lower-extremity/,0,49,0%,36.9
https://synergyhealth.org/synergy-health-blog/page/5/,0,48,0%,22.46
https://synergyhealth.org/category/blog/,0,47,0%,14.91
https://synergyhealth.org/treatment/occupational-therapy/,0,47,0%,23.32
https://synergyhealth.org/providers/lucia-zamorano-md-faanos-fics,0,44,0%,6.95
https://synergyhealth.org/conditions-we-treat/foot-ankle-conditions/intoeing/,0,44,0%,12.86
https://synergyhealth.org/about-us/leadership-team,0,43,0%,6.12
https://synergyhealth.org/specialties/hand-upper-extremity/trigger-finger/,0,42,0%,12.02
https://synergyhealth.org/conditions-we-treat/foot-ankle-conditions/sesamoiditis/,0,41,0%,6.05
https://synergyhealth.org/ada-accessibility/,0,41,0%,11.95
https://synergyhealth.org/get-involved/community-partnerships/,0,41,0%,43.95
https://synergyhealth.org/conditions-we-treat/shoulder/frozen-shoulder/,0,40,0%,10.4
https://synergyhealth.org/our-providers/page/2/?utm_source=loclisting&utm_medium=organic&utm_campaign=location-listing-SHPWA1&y_source=1_MTAyNTMxNTU1NS01NTMtbG9jYXRpb24ud2Vic2l0ZQ%3D%3D,0,39,0%,8.97
https://synergyhealth.org/conditions-we-treat/spine-neck-back-conditions/herniated-disc/,0,39,0%,12.54
https://synergyhealth.org/treatment/medial-branch-blocks-cervical-lumbar,0,39,0%,15.92
https://synergyhealth.org/conditions-we-treat/knee-conditions/knee-fractures/,0,39,0%,19.62
https://synergyhealth.org/terms-conditions/,0,38,0%,18.95
https://synergyhealth.org/hip/treatments/?treatment_type=surgical,0,37,0%,8.73
https://synergyhealth.org/treatment/fracture-repair/,0,37,0%,15.65
https://synergyhealth.org/conditions-we-treat/hip-conditions/hip-osteoarthritis/,0,37,0%,19.97
https://synergyhealth.org/our-providers/page/8/?utm_source=loclisting&utm_medium=organic&utm_campaign=location-listing-SHPWA1&y_source=1_MTAyMTUyMTc5OS01NDUtbG9jYXRpb24ud2Vic2l0ZQ%3D%3D,0,36,0%,7.78
https://synergyhealth.org/disclaimer/,0,36,0%,12.69
https://synergyhealth.org/conditions/tennis-elbow,0,35,0%,35.29
https://synergyhealth.org/test/,0,33,0%,4.91
https://synergyhealth.org/category/foot-and-ankle/,0,33,0%,26.27
https://synergyhealth.org/our-providers/page/9/,0,32,0%,6.62
https://synergyhealth.org/conditions-we-treat/hand-upper-extremity-conditions/ulnar-tunnel-syndrome/,0,32,0%,7.5
https://synergyhealth.org/conditions/trigger-finger,0,32,0%,36.38
https://synergyhealth.org/conditions-we-treat/spine-neck-back-conditions/spinal-pain/,0,31,0%,7.42
https://synergyhealth.org/conditions/biceps-tendinitis/,0,31,0%,15.39
https://synergyhealth.org/specialties/hand-upper-extremity/carpal-tunnel-release/,0,30,0%,15.5
https://synergyhealth.org/learn-shoulder-pain-treat/,0,30,0%,33.13
https://synergyhealth.org/specialties/podiatry/ankle-replacement-surgery/,0,28,0%,10.79
https://synergyhealth.org/locations/?location_type=imaging-mri,0,28,0%,12.96
https://synergyhealth.org/conditions-we-treat/foot-ankle-conditions/ingrown-toenail/,0,28,0%,14.04
https://synergyhealth.org/self-pay-options/spine/,0,28,0%,25.11
https://synergyhealth.org/synergy-health-blog/page/2/,0,26,0%,5.46
https://synergyhealth.org/get-involved/,0,25,0%,30.36
https://synergyhealth.org/conditions/degenerative-disc-disease/,0,25,0%,32.64
https://synergyhealth.org/hip-pain-causes,0,23,0%,1
https://synergyhealth.org/newsletter/,0,23,0%,6.26
https://synergyhealth.org/synergy-health-blog/page/3/,0,23,0%,7.7
https://synergyhealth.org/mri/,0,22,0%,2.36
https://synergyhealth.org/category/podcast/,0,22,0%,5.23
https://synergyhealth.org/treatment/mass-removal,0,22,0%,7.73
https://synergyhealth.org/?page_id=30061&preview=true,0,22,0%,8
https://synergyhealth.org/locations/?location_type=pain-management,0,22,0%,17.91
https://synergyhealth.org/our-providers/page/8/?utm_source=GBP&utm_medium=Organic&utm_campaign=Location-Listing-SHPWA1&y_source=1_MTAyMTUyMTc5OS03MTUtbG9jYXRpb24ud2Vic2l0ZQ%3D%3D,0,21,0%,4.43
https://synergyhealth.org/conditions-we-treat/foot-ankle-conditions/adult-acquired-flatfoot/,0,20,0%,10.4
https://synergyhealth.org/lets-talk-about-headaches,0,20,0%,16.8
https://synergyhealth.org/treatment/nerve-decompression-ulnar-radial,0,20,0%,42.15
https://synergyhealth.org/treatment/partial-hip-replacement-hemiarthroplasty,0,20,0%,53.85
https://synergyhealth.org/category/knee-hip/feed/,0,19,0%,17.37
https://synergyhealth.org/conditions-we-treat/shoulder/shoulder-labrum-tear/,0,19,0%,34.79
https://synergyhealth.org/synergy-health-partners-mendelson-kornblum-in-the-arthritis-foundation-2021-jingle-bell-run/,0,18,0%,7.17
https://synergyhealth.org/conditions-we-treat/foot-ankle-conditions/plantar-fasciitis/,0,18,0%,13.61
https://synergyhealth.org/category/arthritis/feed/,0,18,0%,24.39
https://synergyhealth.org/specialties/physical-therapy/kinesiotaping/?scct=94c247ef-91a6-4139-9c30-fbfde6ea7b36,0,18,0%,38.33
https://synergyhealth.org/insurance/aetna-all-products/,0,17,0%,5.41
https://synergyhealth.org/our-providers/page/4/?utm_source=GBP&utm_medium=organic&utm_campaign=location-listing-SHPLI&y_source=1_MTAyNTMxNTU1MC03MTUtbG9jYXRpb24ud2Vic2l0ZQ%3D%3D,0,17,0%,7.94
https://synergyhealth.org/our-providers/page/4/?utm_source=LocListings&utm_medium=Organic&utm_campaign=Location-Listing-SHPWA1&y_source=1_MTAyNTMxNTU2MC01NTMtbG9jYXRpb24ud2Vic2l0ZQ%3D%3D,0,17,0%,8.06
https://synergyhealth.org/insurance-billing/medicare/,0,17,0%,42.12
https://synergyhealth.org/our-providers/page/4/?utm_source=LocListings&utm_medium=Organic&utm_campaign=Location-Listing-SHPRO&y_source=1_MTAyNTMxNTU1My01NDUtbG9jYXRpb24ud2Vic2l0ZQ%3D%3D,0,16,0%,8.12
https://synergyhealth.org/our-providers/page/3/?utm_source=loclisting&utm_medium=organic&utm_campaign=location-listing-SHPWA1&y_source=1_MTAyNTMxNTU1NC01NDUtbG9jYXRpb24ud2Vic2l0ZQ%3D%3D,0,16,0%,9.44
https://synergyhealth.org/wp-content/uploads/2024/05/Lymphedema-Management-1-scaled.jpg,0,16,0%,24.69
https://synergyhealth.org/about-us/why-synergy-health,0,15,0%,6
https://synergyhealth.org/conditions-we-treat/foot-ankle-conditions/corns/,0,15,0%,6.13
https://synergyhealth.org/conditions-we-treat/foot-ankle-conditions/hammer-toe/,0,14,0%,7.14
https://synergyhealth.org/location/livonia/,0,14,0%,8.21
https://synergyhealth.org/survey-responses,0,14,0%,11.79
https://synergyhealth.org/conditions-we-treat/hand-upper-extremity-conditions/animal-bites/,0,14,0%,15.43
https://synergyhealth.org/conditions/rotator-cuff-tendinitis,0,14,0%,19.07
https://synergyhealth.org/insurance/aarp-medicare-advantage/,0,13,0%,6.62
https://synergyhealth.org/conditions-we-treat/knee-conditions/meniscal-tears/,0,13,0%,7.38
https://synergyhealth.org/conditions/lumbar-stenosis,0,13,0%,26.31
https://synergyhealth.org/insurance-billing/self-pay-pain-management,0,12,0%,5
https://synergyhealth.org/category/arms-elbows/,0,12,0%,15.58
https://synergyhealth.org/our-providers/page/2/?utm_source=GBP&utm_medium=Organic&utm_campaign=Location-Listing-SHPWA1&y_source=1_MTAyNTMxNTU2MS03MTUtbG9jYXRpb24ud2Vic2l0ZQ%3D%3D,0,11,0%,9.27
https://synergyhealth.org/insurance-billing/auto-injury/,0,11,0%,9.64
https://synergyhealth.org/conditions-we-treat/foot-ankle-conditions/stress-fractures-of-the-foot-and-ankle/,0,11,0%,14.64
https://synergyhealth.org/conditions-we-treat/foot-ankle-conditions/fracture-of-the-talus/,0,11,0%,22.64
https://synergyhealth.org/wp-content/uploads/2024/05/De-Quervain.jpg,0,11,0%,23.91
https://synergyhealth.org/treatment/labral-repair-treatment,0,11,0%,46.36
https://synergyhealth.org/our-providers/page/8/?utm_source=GBP&utm_medium=Organic&utm_campaign=Location-Listing-SHPWA1&y_source=1_MTAyNTMxNTU2MS03MTUtbG9jYXRpb24ud2Vic2l0ZQ%3D%3D,0,10,0%,5.9
https://synergyhealth.org/treatment/occipital-nerve-block,0,10,0%,10.2
https://synergyhealth.org/conditions-we-treat/foot-ankle-conditions/shinbone-fractures/,0,10,0%,11.1
https://synergyhealth.org/conditions-we-treat/foot-ankle-conditions/common-foot-problems/,0,10,0%,13.5
https://synergyhealth.org/specialties/hand-upper-extremity/livonia/,0,10,0%,20.9
https://synergyhealth.org/conditions-we-treat/hip-conditions/hip-fractures/,0,10,0%,22.1
https://synergyhealth.org/services/non-surgical-treatments/,0,9,0%,6.11
https://synergyhealth.org/specialties/podiatry/ankle-arthroscopy/,0,9,0%,6.89
https://synergyhealth.org/specialties/orthopedic-services/hip-replacement-revision-surgery/,0,9,0%,19.11
https://synergyhealth.org/get-involved,0,8,0%,2.25
https://synergyhealth.org/conditions-we-treat/shoulder/shoulder-dislocation/,0,8,0%,5.75
https://synergyhealth.org/services/at-fault-auto-accident/,0,8,0%,7.12
https://synergyhealth.org/treatment/acl-reconstruction,0,8,0%,13.62
https://synergyhealth.org/providers/simon-gappe-pt-dpt,0,7,0%,2.29
https://synergyhealth.org/conditions-we-treat/shoulder/shoulder-instability/,0,7,0%,3
https://synergyhealth.org/our-providers/page/6/?utm_source=GBP&utm_medium=Organic&utm_campaign=Location-Listing-SHPWA1&y_source=1_MTAyNTMxNTU2MS03MTUtbG9jYXRpb24ud2Vic2l0ZQ%3D%3D,0,7,0%,4.43
https://synergyhealth.org/check-out-whats-happening-at-mkoss-in-fall-2018/,0,7,0%,5.29
https://synergyhealth.org/conditions-we-treat/foot-ankle-conditions/achilles-tendon/,0,7,0%,6.57
https://synergyhealth.org/conditions-we-treat/foot-ankle-conditions/lisfranc-midfoot-fracture/,0,7,0%,6.71
https://synergyhealth.org/category/orthopedics/,0,7,0%,7.14
https://synergyhealth.org/our-providers/page/5/?utm_source=loclisting&utm_medium=organic&utm_campaign=location-listing-SHPWA1&y_source=1_MTAyNTMxNTU2MS01OTUtbG9jYXRpb24ud2Vic2l0ZQ%3D%3D,0,7,0%,7.14
https://synergyhealth.org/conditions/ankylosing-spondylitis,0,7,0%,13.57
https://synergyhealth.org/treatment/ac-joint-reconstruction,0,7,0%,21.43
https://synergyhealth.org/wp-content/uploads/2024/05/Anatomical-renderings-of-modular-anterior-cervical-discectomy-and-fusion-ACDF-construct.png,0,7,0%,28.29
https://synergyhealth.org/insurance-billing/self-pay-foot-ankle,0,6,0%,4.33
https://synergyhealth.org/lymphedema-management/,0,6,0%,6.67
https://synergyhealth.org/conditions-we-treat/foot-ankle-conditions/posterior-tibial-tendon-dysfunction/,0,6,0%,7.33
https://synergyhealth.org/our-providers/page/7/?utm_source=GBP&utm_medium=Organic&utm_campaign=Location-Listing-SHPLI&y_source=1_MTAyNTMxNTU0OS03MTUtbG9jYXRpb24ud2Vic2l0ZQ%3D%3D,0,6,0%,7.5
https://synergyhealth.org/wp-content/uploads/2024/05/Hand-Therapy-1-scaled.jpg,0,6,0%,27.67
https://synergyhealth.org/patient-center/patient-forms/,0,5,0%,5.6
https://synergyhealth.org/conditions-we-treat/foot-ankle-conditions/toe-and-forefoot-fractures/,0,5,0%,7.2
https://synergyhealth.org/conditions-we-treat/foot-ankle-conditions/fractures-of-the-heel/,0,5,0%,7.6
https://synergyhealth.org/conditions-we-treat/foot-ankle-conditions/claw-toe/,0,5,0%,15.4
https://synergyhealth.org/our-providers/page/2/?utm_source=GBP&utm_medium=Organic&utm_campaign=Location-Listing-SHPWA1&y_source=1_MTAyNTMxNTU1Ny03MTUtbG9jYXRpb24ud2Vic2l0ZQ%3D%3D,0,5,0%,19.2
https://synergyhealth.org/treatment/?treatment_type=non-surgical,0,5,0%,39.4
https://synergyhealth.org/conditions-we-treat/knee-conditions/patellar-tendinitis/,0,4,0%,4
https://synergyhealth.org/shp-physical-therapy/kinesiotaping/?scct=94c247ef-91a6-4139-9c30-fbfde6ea7b36,0,4,0%,9.25
https://synergyhealth.org/our-providers/page/9/?utm_source=GBP&utm_medium=Organic&utm_campaign=Location-Listing-SHPLI&y_source=1_MTAyNTMxNTU1MC03MTUtbG9jYXRpb24ud2Vic2l0ZQ%3D%3D,0,4,0%,15.75
https://synergyhealth.org/conditions-we-treat/foot-ankle-conditions/flexible-flatfoot-in-children/,0,4,0%,20
https://synergyhealth.org/wp-content/uploads/2024/05/TMJ-Pain-Dysfunction-1-scaled.jpg,0,4,0%,24.75
https://synergyhealth.org/running-tips,0,4,0%,25.5
https://synergyhealth.org/treatment/carpal-tunnel-release-surgery,0,4,0%,31.5
https://synergyhealth.org/conditions-we-treat/foot-ankle-conditions/chronic-lateral-ankle-pain/,0,4,0%,32
https://synergyhealth.org/mri?y_source=1_MTAxODkyMzUxNy03MTUtbG9jYXRpb24ud2Vic2l0ZQ%3D%3D,0,3,0%,1
"https://synergyhealth.org/providers/kevin-r-lee-md/?utm_source=GMBSocialClimb&utm_medium=Dr.KevinLee,MD",0,3,0%,1
https://synergyhealth.org/6-tests-diagnose-shoulder-injury-guide-3-types-treatment,0,3,0%,2
"https://synergyhealth.org/providers/preetinder-bhullar-md/?utm_source=GMBSocialClimb&utm_medium=Dr.PreetinderBhullar,MD",0,3,0%,4
https://synergyhealth.org/patient-center/pay-my-bill,0,3,0%,5.33
https://synergyhealth.org/recovery-guide,0,3,0%,5.67
https://synergyhealth.org/conditions/bakers-cyst,0,3,0%,8
https://synergyhealth.org/treatment/shoulder-stabilization-latarjet-bankart,0,3,0%,8.67
https://synergyhealth.org/whats-new-mendelson-kornblum-newsletter/,0,3,0%,10
https://synergyhealth.org/insurance-billing/medicare,0,3,0%,15.67
https://synergyhealth.org/treatment/dupuytren-contracture-release,0,3,0%,17.33
https://synergyhealth.org/wp-content/uploads/2024/05/Custom-Orthoses-Splints-final-scaled-1-1024x766.jpg,0,3,0%,20.67
https://synergyhealth.org/wp-content/uploads/2024/05/Synergy-MKO-logo-copy-768x256.png,0,3,0%,31
https://synergyhealth.org/category/blog/page/2/,0,3,0%,53.67
https://synergyhealth.org/conditions-we-treat/head-neck-2/,0,3,0%,61.33
https://synergyhealth.org/5-common-causes-of-hip-pain,0,2,0%,2
https://synergyhealth.org/our-providers/page/8/?utm_source=loclisting&utm_medium=organic&utm_campaign=location-listing-SHPRO&y_source=1_MTAyNTMxNTU1MS01NTMtbG9jYXRpb24ud2Vic2l0ZQ%3D%3D,0,2,0%,3
https://synergyhealth.org/get-involved/community-partnerships,0,2,0%,8
https://synergyhealth.org/our-providers/page/8/?utm_source=GBP&utm_medium=Organic&utm_campaign=Location-Listing-SHPWA1&y_source=1_MTAyNTMxNTU1Ni03MTUtbG9jYXRpb24ud2Vic2l0ZQ%3D%3D,0,2,0%,10
https://synergyhealth.org/wp-admin/*,0,2,0%,11
https://synergyhealth.org/wp-content/uploads/2024/11/Kevin-Lee-web-profile-copy-4.png,0,2,0%,12
https://synergyhealth.org/our-providers/page/8/?utm_source=loclisting&utm_medium=organic&utm_campaign=location-listing-SHPWA1&y_source=1_MTAyNTMxNTU1Ny01NTMtbG9jYXRpb24ud2Vic2l0ZQ%3D%3D,0,2,0%,13
https://synergyhealth.org/conditions-we-treat/hand-upper-extremity-conditions/thumb-fracture/,0,2,0%,16
https://synergyhealth.org/insurance-billing/commercial,0,2,0%,19
https://synergyhealth.org/wp-content/uploads/2024/05/a00008f02.jpg,0,2,0%,19
https://synergyhealth.org/wp-content/uploads/2024/05/Gastrocnemius-Recession.jpg,0,2,0%,23
https://synergyhealth.org/wp-content/uploads/2024/05/SHP-Mendelson-Ortho-Spine-logo-11-X-4-in-copy-1024x372.png,0,2,0%,24
https://synergyhealth.org/providers/page/4/,0,2,0%,42.5
https://synergyhealth.org/shp-physical-therapy/meet-the-team/amy-hauxwell/,0,2,0%,48
https://synergyhealth.org/insurance-billing/self-pay-spine-neck-back,0,1,0%,1
https://synergyhealth.org/mri-facts-that-you-may-not-know/,0,1,0%,1
https://synergyhealth.org/physical-therapy/?utm_source=GBP&amp;utm_medium=Organic&amp;utm_campaign=Location-Listing-SHPWA1&amp;y_source=1_MTAxODkyMzUxMS03MTUtbG9jYXRpb24ud2Vic2l0ZQ%3D%3D,0,1,0%,1
https://synergyhealth.org/treatment/?_gl=1*1hwxjri*_up*MQ..*_gs*MQ..&gclid=Cj0KCQjw8PDPBhCeARIsAOJwmWUR_sTLsfU3X4Imd3mhEaYDGxHoyS8sakNQwIKFg436MzxLz45bh74aAlgyEALw_wcB,0,1,0%,1
https://synergyhealth.org/specialties/spine-neck-back/,0,1,0%,3
https://synergyhealth.org/shp-physical-therapy/physical-therapy-locations/,0,1,0%,4
https://synergyhealth.org/our-providers/page/6/?utm_source=loclisting&utm_medium=organic&utm_campaign=location-listing-SHPWA1&y_source=1_MTAyNTMxNTU1Ny01NTMtbG9jYXRpb24ud2Vic2l0ZQ%3D%3D,0,1,0%,5
https://synergyhealth.org/our-providers/page/9/?y_source=1_MTAyNTMxNTU0NC02MzgtbG9jYXRpb24ud2Vic2l0ZQ%3D%3D,0,1,0%,5
https://synergyhealth.org/testimonials/simone-d-eastpointe-nerve-repair/,0,1,0%,6
https://synergyhealth.org/whats-new-mendelson-kornblum-newsletter,0,1,0%,6
https://synergyhealth.org/wp-content/uploads/2026/01/Neck-Fracture_Broken-Neck.webp,0,1,0%,6
https://synergyhealth.org/category/migraine/,0,1,0%,7
https://synergyhealth.org/treatment/meniscus-repair-meniscectomy,0,1,0%,8
https://synergyhealth.org/category/hand/,0,1,0%,9
https://synergyhealth.org/wp-content/uploads/2025/05/New-DFH-Logo-1-1024x289.png,0,1,0%,10
https://synergyhealth.org/wp-content/uploads/2024/05/DavidMendelson.webp,0,1,0%,11
https://synergyhealth.org/wp-content/uploads/2024/05/Hand-Therapy-1-1024x683.jpg,0,1,0%,13
https://synergyhealth.org/providers,0,1,0%,14
https://synergyhealth.org/wp-content/uploads/2024/05/SHP-PT-Sign-2-copy.png,0,1,0%,24
https://synergyhealth.org/wp-content/uploads/2024/05/StephenMendelson.webp,0,1,0%,30
https://synergyhealth.org/conditions/biceps-tendinitis,0,1,0%,70