Top queries,Clicks,Impressions,CTR,Position
synergy health partners,2540,15183,16.73%,2.51
mendelson kornblum,2231,27121,8.23%,2.61
synergy health,1530,26113,5.86%,6.63
preetinder bhullar md,835,3720,22.45%,1.79
mendelson kornblum sterling heights,758,3963,19.13%,1.83
mendelson orthopedics,716,5736,12.48%,2.39
mendelson kornblum orthopedics,496,3159,15.7%,2.09
synergy health livonia,391,2559,15.28%,1.81
synergy health partners mso llc,331,773,42.82%,1.08
synergy sterling heights,311,2072,15.01%,1.69
synergy health partners livonia,310,867,35.76%,1.29
synergy surgery center,276,5172,5.34%,3.93
genesys surgery center,276,1957,14.1%,2.03
scott mccarty md,249,836,29.78%,2.17
synergy physical therapy,240,19589,1.23%,8.28
dr scott mccarty,237,1335,17.75%,3.75
mendelson kornblum orthopedic & spine specialists,234,1779,13.15%,2
synergy health partners sterling heights,227,755,30.07%,1.08
mendelson kornblum doctors,224,2068,10.83%,2.74
dr tony abood,223,677,32.94%,1.24
synergy health partners | mendelson kornblum orthopedics & spine specialists,218,1971,11.06%,1.29
synergy medical,213,8643,2.46%,7.32
mri near me,175,3395,5.15%,6.92
mendelson orthopedics sterling heights,172,723,23.79%,1.41
synergy orthopedics,155,8190,1.89%,8.23
synergy livonia,155,825,18.79%,1.46
tony abood,152,524,29.01%,1.33
instant imaging,142,856,16.59%,2.55
open mri near me,137,1932,7.09%,4.19
dr randy leff,135,1765,7.65%,5.09
pure open mri,135,851,15.86%,1.76
synergy,124,9039,1.37%,5.04
synergy health sterling heights,124,735,16.87%,1.39
dr kyle bohm,123,947,12.99%,3.18
randy leff,122,932,13.09%,2.19
"synergy health partners mso, llc",120,445,26.97%,1.03
instant imaging livonia,119,454,26.21%,1.23
586-261-1960,115,611,18.82%,1.42
mohamed salar md,114,585,19.49%,2.7
35735 mound rd sterling heights,112,1065,10.52%,2.82
dr mendelson,111,5062,2.19%,6.59
mendelson kornblum livonia,111,3579,3.1%,3.54
joseph maslak md,111,641,17.32%,3.96
dr brian kassa,110,782,14.07%,3.49
kyle bohm md,108,625,17.28%,2.37
synergy health partners physical therapy livonia,106,678,15.63%,4.46
david mendelson,105,5374,1.95%,3.2
dr kevin lee,104,7667,1.36%,8.79
synergy mri,103,1520,6.78%,6.73
kyle bohm,99,756,13.1%,1.97
synergy mendelson kornblum,99,454,21.81%,1.83
jeffrey varghese md,98,597,16.42%,2.94
"preetinder bhullar, md",96,540,17.78%,1.58
dr. scott mccarty,95,452,21.02%,1.93
synergy spine and orthopedic surgery center,93,1072,8.68%,3.06
david mendelson md,93,748,12.43%,4.17
synergyhealth,91,1150,7.91%,4.36
brian kassa,89,560,15.89%,1.43
dr abood,88,2075,4.24%,6.01
mendelson ortho,87,575,15.13%,4.47
mendelson and kornblum,86,946,9.09%,4.05
dr david mendelson,84,2054,4.09%,4.07
open mri,84,1781,4.72%,3.25
dr stephen mendelson,83,1721,4.82%,4.02
dr salar,82,1264,6.49%,4
synergy health partners michigan,81,238,34.03%,1.21
dr jeffrey varghese,79,476,16.6%,2.9
mendelson,77,2895,2.66%,8.64
dr gerald jerry,77,602,12.79%,1.88
dr bohm,76,3299,2.3%,9.38
"preetinder bhullar, md reviews",76,1645,4.62%,3.93
synergy mri livonia,74,276,26.81%,1
randy leff dpm,72,918,7.84%,2.99
alice mendelson,72,886,8.13%,3.05
mendelson physical therapy,72,489,14.72%,2.49
synergy health partners locations,69,405,17.04%,1.83
mendelson kornblum orthopedics & spine specialists,69,387,17.83%,1.34
anthony oddo,68,1326,5.13%,4.2
dr leff podiatrist,68,853,7.97%,2.6
synergy healthcare,67,5666,1.18%,9.54
dr jerry orthopedic,67,415,16.14%,1.95
dr bhullar,65,3233,2.01%,6.3
dr kassa,65,1631,3.99%,6.52
dr bhullar orthopedic surgeon,64,745,8.59%,1.67
dr jerry port huron,64,600,10.67%,2.05
scott mccarty,63,2871,2.19%,4.28
stephen mendelson md,63,1045,6.03%,4.34
synergy health partners physical therapy sterling heights,62,620,10%,2.32
ashley fox chiropractor,62,182,34.07%,1.06
mendelson kornblum physical therapy,61,746,8.18%,4.83
dr anthony oddo,61,399,15.29%,2.51
dr oddo pain management,61,348,17.53%,1.48
synergy mri royal oak,61,279,21.86%,1.07
rasheed abiola md,61,248,24.6%,4.76
35735 mound rd,60,838,7.16%,2.06
mohamed salar,60,656,9.15%,4.48
synergy mri: royal oak-pure open mri royal oak mi,60,275,21.82%,1.59
jeffrey mendelson md,59,482,12.24%,3.73
mendelson kornblum warren,58,1078,5.38%,3.25
mendelson kornblum patient portal,58,925,6.27%,2.81
dr mendelson ortho,58,853,6.8%,5.08
dr varghese,56,1149,4.87%,4.86
dr oddo,56,824,6.8%,5.48
orthopedic urgent care livonia,56,385,14.55%,3.76
michfoot,55,529,10.4%,2.14
orthopedic urgent care,54,1042,5.18%,8.21
dr bohm orthopedic surgeon,53,691,7.67%,3.93
mendelson kornblum locations,52,712,7.3%,4.13
brian kassa do,52,257,20.23%,1.34
synergy pain management,51,2335,2.18%,6.01
cognitive functional therapy near me,51,652,7.82%,5.25
hanish singh md,51,357,14.29%,2.08
mendelson orthopedics pc,51,333,15.32%,1.69
synergy health patient portal,50,481,10.4%,3.98
synergy physical therapy livonia,50,353,14.16%,1
steven mendelson,49,949,5.16%,2.15
jeffrey mendelson,49,938,5.22%,3.51
stephen mendelson,49,841,5.83%,4.14
joseph yacisen,49,326,15.03%,4.21
dr joseph maslak,48,948,5.06%,5.48
synergy health insurance,48,790,6.08%,3.65
dr jeffrey klein,47,992,4.74%,5.36
5862611960,47,583,8.06%,1.4
dr hanish singh,47,502,9.36%,2.46
synergy spine & orthopedic surgery center,47,451,10.42%,3.91
dr. stephen mendelson,47,301,15.61%,2.84
(586) 261-1960,47,294,15.99%,1.72
mendelson kornblum orthopedics sterling heights,46,230,20%,2.59
kevin lee md,45,1730,2.6%,6.26
hanish singh,45,486,9.26%,2.34
dr steven acker,44,1821,2.42%,6.1
dr joseph yacisen,44,691,6.37%,4.72
dr. mendelson orthopedic,44,679,6.48%,3.81
dr klein podiatrist,43,1992,2.16%,6.03
podiatrist near me,42,1478,2.84%,6.2
services offered by mendelson kornblum,42,481,8.73%,5.31
dr. kyle bohm,42,290,14.48%,2.2
dr preetinder bhullar,41,269,15.24%,1.41
lymphatic drainage points,39,8850,0.44%,2.09
synergy pt,39,2447,1.59%,8.83
ben mayo,39,1852,2.11%,4.68
orthopedic doctor near me,39,1182,3.3%,8.83
dr mendelson livonia,39,936,4.17%,4.03
dr. kevin lee,39,918,4.25%,6.19
35735 mound rd sterling heights mi 48310,39,509,7.66%,2.07
dr maslak,38,685,5.55%,4.43
upright mri near me,38,408,9.31%,5.39
dr mccarty orthopedic surgeon,37,674,5.49%,7.11
upright mri michigan,37,308,12.01%,6.57
jeff mendelson,36,1025,3.51%,4.5
dr yacisen,36,636,5.66%,5.77
dr scott mccarty livonia mi,36,129,27.91%,1.02
dr jeffrey mendelson,35,594,5.89%,5.27
preetinder bhullar,34,1170,2.91%,1.32
dr mendelson orthopedic,34,819,4.15%,5.06
evan vandenbosch,34,462,7.36%,4.13
synergy physical therapy sterling heights,34,264,12.88%,1.25
lymphatic drainage points on body,33,3173,1.04%,1.05
cft therapy,33,1041,3.17%,2.11
samantha houle,33,564,5.85%,4.3
mri,32,6058,0.53%,3.32
36622 5 mile rd,32,853,3.75%,2.28
jeffrey varghese,32,492,6.5%,3.14
rasheed abiola,32,141,22.7%,1.63
mendelson orthopedics livonia,31,770,4.03%,4.69
jeffrey klein md,31,719,4.31%,7.75
dr. bohm,31,674,4.6%,6.61
open mri in michigan,30,756,3.97%,7.47
7345420200,30,244,12.3%,1.61
synergy weight loss,29,2688,1.08%,7.11
dr mccarty,29,2469,1.17%,8.33
podiatrist southfield,29,1077,2.69%,2.69
steven acker,29,755,3.84%,2.33
dr. abood,29,496,5.85%,5.02
joseph maslak,29,433,6.7%,3.48
"synergy health partners (formerly michfoot surgeons, pc)",29,417,6.95%,1.12
dr jerry,29,341,8.5%,9.79
dr singh livonia,29,298,9.73%,1.74
synergy health careers,29,172,16.86%,5.82
synergy mri: royal oak - pure open mri,29,170,17.06%,1.07
dr andres munk,28,1029,2.72%,4.93
steve mendelson,28,793,3.53%,1.92
36622 five mile road livonia michigan,28,468,5.98%,2.99
andres munk,28,391,7.16%,3.67
synergyhealth.org,28,255,10.98%,1.02
synergy supplements,27,4205,0.64%,9.48
mohammad salar,27,638,4.23%,5.18
36622 five mile rd,27,452,5.97%,3.6
mri livonia,27,432,6.25%,2.88
36622 five mile rd livonia mi,27,204,13.24%,2.12
dr. randy leff,27,200,13.5%,2.14
gerald jerry md,27,159,16.98%,1.65
dr kevin lee neurosurgeon,27,124,21.77%,2.1
tka,26,43760,0.06%,8.86
synergy surgical center,26,852,3.05%,6.64
dr ashley fox,26,340,7.65%,3.71
dr jeffrey mendelsohn,26,324,8.02%,6.16
dr. oddo,26,216,12.04%,3.16
dr jeff mendelson,26,180,14.44%,3.06
orthopedic urgent care near me,25,1451,1.72%,18.36
genesis surgery center westland,25,289,8.65%,2.31
dr leff,24,881,2.72%,8.03
35735 mound rd sterling heights mi,24,336,7.14%,2.15
dr. david mendelson,24,336,7.14%,4.08
dr. kevin lee md,24,301,7.97%,5.85
dr rasheed abiola,24,159,15.09%,3.89
855-750-5757,24,72,33.33%,1.1
where are the lymphatic drainage points,23,1371,1.68%,1.24
benjamin mayo,23,1069,2.15%,4.98
synergy orthopedics roanoke va,23,520,4.42%,3.71
ben mayo md,23,449,5.12%,4.86
dr mohamed salar,23,235,9.79%,3.26
synergy health care,22,4086,0.54%,14.95
orthopedic,22,2827,0.78%,4.96
synergy warren,22,2269,0.97%,5.48
synergy ortho,22,1362,1.62%,7.95
dr kevin lee md,22,1252,1.76%,5.63
mohammed salar,22,894,2.46%,6.3
dr david mendelsohn,22,672,3.27%,8.73
dr ben mayo,22,570,3.86%,4.87
synergy sports medicine beverly ma,22,547,4.02%,7.98
pain management near me,22,494,4.45%,9.07
synergy michigan,22,400,5.5%,4.54
andres munk md,22,296,7.43%,4.64
synergy warren mi,22,287,7.67%,1.36
dr maslak livonia mi,22,245,8.98%,2.58
synergy orthopedics livonia,22,187,11.76%,1.34
upright mri in michigan,22,173,12.72%,3.02
dr. brian kassa,22,88,25%,1.49
kevin sorensen,21,1657,1.27%,3.68
dr munk,21,1243,1.69%,5.5
synergy orthopedic,21,1039,2.02%,7.32
dr. bhullar,21,960,2.19%,5.54
synergy livonia mi,21,226,9.29%,2.33
synergy health partners careers,21,114,18.42%,3.33
synergy health partners troy mi,21,80,26.25%,1.01
acdr surgery,20,4902,0.41%,6.1
lymphatic drainage massage,20,2685,0.74%,3.08
dr singh,20,1730,1.16%,5.89
fun facts about mri,20,435,4.6%,5.68
dr munk orthopedic surgeon,20,314,6.37%,1.7
synergy doctors,20,242,8.26%,5.92
mendelson orthopedic,20,221,9.05%,3.69
35105 warren rd westland mi,20,207,9.66%,2
(248) 298-3999,20,78,25.64%,1.32
lymphatic drainage,19,5401,0.35%,2.15
finger amputation,19,4684,0.41%,17.38
dr. mendelson,19,918,2.07%,6.64
mendelson livonia,19,723,2.63%,4.23
synergy imaging,19,477,3.98%,10.14
"kyle bohm, md",19,282,6.74%,2.01
kornblum orthopedics,19,259,7.34%,2.7
open mri royal oak,19,252,7.54%,3.3
dr jeffrey klein podiatrist,19,188,10.11%,2.13
dr. maslak,19,175,10.86%,3.95
upright mri locations in michigan,19,170,11.18%,5.77
herbert mendelson,19,164,11.59%,3.05
synergy health partners | mendelson orthopedics & spine,19,107,17.76%,1.04
physical therapy near me,18,10369,0.17%,65.75
physical therapy livonia,18,2989,0.6%,9.56
synergy spine,18,1745,1.03%,9.13
shoulder pain diagnosis test,18,535,3.36%,7.35
orthopedic urgent care shelby township,18,491,3.67%,4.31
500 stephenson hwy troy mi,18,482,3.73%,3.68
mri fun facts,18,430,4.19%,5.54
upright mri,18,229,7.86%,2.62
dr mendelson kornblum,18,184,9.78%,1.82
dr gerald jerry port huron michigan,18,157,11.46%,3.68
kyle truscott,18,146,12.33%,2.71
genesis surgery center,17,1904,0.89%,7.07
synergy clinic,17,1648,1.03%,9.28
synergy partners,17,1244,1.37%,9.06
ultrasound near me,17,572,2.97%,7.65
dr. munk,17,397,4.28%,3.92
dr kevin lee neurologist,17,299,5.69%,5.81
medical pedicure near me,17,206,8.25%,6.51
synergy health partners mendelson kornblum,17,62,27.42%,1.53
dr. tony abood,17,40,42.5%,1.2
synergy physical therapy locations,16,669,2.39%,6.15
pain management livonia,16,601,2.66%,6.32
martin kornblum,16,264,6.06%,4.75
dr abiola,16,242,6.61%,4.33
wide open mri near me,16,91,17.58%,2.9
synergy health systems,15,1969,0.76%,6.51
synergy orthopedic specialists,15,1059,1.42%,7.23
dr mendelsohn,15,619,2.42%,34.14
orthopedic doctor sterling heights,15,534,2.81%,2.4
synergy orthopedics augusta ga,15,466,3.22%,6.29
jeff varghese,15,325,4.62%,4.14
pure mri,15,126,11.9%,7.25
synergy orthopedics manchester nh,15,100,15%,3.28
jeffrey klein podiatrist,15,92,16.3%,1.95
synergy health partners physical therapy,15,42,35.71%,1.14
dr acker,14,1690,0.83%,11.78
dr singh pain management,14,743,1.88%,10.34
synergy surgery,14,698,2.01%,13.5
synergy patient portal,14,596,2.35%,8.93
mri facts,14,493,2.84%,9.24
dr. salar,14,304,4.61%,3.47
mri imaging near me,14,243,5.76%,4.28
open mri machine near me,14,210,6.67%,5.01
synergy health partners mendelson kornblum orthopedics spine specialists,14,62,22.58%,1.13
dr kevin sorensen,13,1907,0.68%,4.15
dr. jeffrey klein,13,1877,0.69%,23.06
dr klein,13,1845,0.7%,19.03
shoulder injury tests,13,1141,1.14%,11.6
surgery centers near me,13,691,1.88%,12.49
synergy rehab,13,670,1.94%,12.57
synergy health partners llc,13,439,2.96%,6.02
dr. kassa,13,362,3.59%,4.54
spine specialist near me,13,347,3.75%,6.95
synergy health center,13,294,4.42%,6.95
dr mendelson warren mi,13,230,5.65%,3.13
wide bore mri near me,13,120,10.83%,3.58
synergy mound road,13,91,14.29%,1.1
5504 12 mile rd,13,85,15.29%,2.05
synergy orthopedic urgent care,13,72,18.06%,1.38
hand therapy,12,39561,0.03%,13.6
caudal esi,12,10379,0.12%,7.36
physical therapy sterling heights,12,2491,0.48%,18.48
lymphatic drainage massage points,12,1846,0.65%,1.84
synergy orthopedics locations,12,1258,0.95%,8.5
dr benjamin mayo,12,1216,0.99%,6.29
synergy urgent care,12,1185,1.01%,10.38
mri centers near me,12,1138,1.05%,39.13
foot doctor near me,12,506,2.37%,6.14
dr kornblum,12,492,2.44%,6.52
dr alice mendelson,12,282,4.26%,5.04
dr. leff,12,277,4.33%,7.23
back doctor near me,12,266,4.51%,3.58
bhullar md,12,237,5.06%,5.07
orthopedic spine specialist,12,165,7.27%,2.35
36622 5 mile rd livonia mi,12,151,7.95%,2.11
synergy surgery center warren mi,12,125,9.6%,1.63
kornblum and mendelson,12,121,9.92%,1.93
dr. andres munk,12,118,10.17%,2.47
self pay mri near me,12,91,13.19%,17.34
lymphedema treatment,11,34718,0.03%,9.78
shoulder sprain test,11,2482,0.44%,11.31
dr fox chiropractor,11,965,1.14%,10.19
synergy occupational therapy,11,552,1.99%,6.43
podiatrist farmington hills,11,438,2.51%,1.96
dr. varghese,11,359,3.06%,4.06
synergy orthopedics doctors,11,330,3.33%,7.24
jeffrey mendelsohn,11,292,3.77%,5.41
mk sterling heights,11,275,4%,8.32
open mri michigan,11,228,4.82%,9.85
syngery health,11,180,6.11%,5.89
mendelson kornblum orthopedics and spine specialists,11,63,17.46%,3.68
physical therapy livonia mi,10,1730,0.58%,10.52
shoulder tests for injury,10,1342,0.75%,6.72
lymphatic points in the body,10,889,1.12%,1.43
preetinder bhullar webmd,10,750,1.33%,2.02
dr. mccarty,10,618,1.62%,7.28
ct scan near me,10,350,2.86%,4.84
imaging center near me,10,334,2.99%,5.86
ortho urgent care,10,268,3.73%,6.73
mendelson kornblum orthopedic,10,199,5.03%,12.8
mri scan near me,10,186,5.38%,4.36
what is synergy health,10,156,6.41%,3.57
dr. joseph maslak,10,153,6.54%,4.66
"synergy health partners | mendelson kornblum orthopedics & spine 
specialists | port huron",10,98,10.2%,1.05
michigan foot surgeons,10,97,10.31%,4.85
true open mri near me,10,80,12.5%,7.16
instant imaging llc,10,28,35.71%,1.07
tka surgery,9,10436,0.09%,9.47
bfr machine,9,3423,0.26%,8.37
shoulder injury diagnosis,9,1800,0.5%,42.65
jeffrey klein,9,1250,0.72%,11.2
cognitive functional therapy,9,1250,0.72%,16.3
maslak,9,839,1.07%,12.99
synergy injury relief,9,654,1.38%,7.46
orthopedic near me,9,491,1.83%,12
surgical centers near me,9,469,1.92%,17.09
mri places near me,9,260,3.46%,10
35735 mound rd 48310,9,244,3.69%,2
cullen lane,9,191,4.71%,3.74
synergy health partners | mendelson kornblum pain management clinic,9,185,4.86%,1.35
kornblum mendelson,9,147,6.12%,2.08
michfoot surgeons pc,9,139,6.47%,12.14
kevin sorensen dpm,9,115,7.83%,2.34
dr.kassa,9,82,10.98%,5.38
dr jerry port huron mi,9,78,11.54%,2.76
alice mendelson md,9,70,12.86%,3.83
dr. rasheed abiola,9,69,13.04%,3.58
anthony oddo md,9,67,13.43%,2.66
dr. jerry,9,52,17.31%,4.52
synergy medical sterling heights,9,31,29.03%,1.03
broken neck,8,8241,0.1%,6.34
acdr,8,5415,0.15%,5.93
laminectomy surgery,8,1586,0.5%,47.2
lymphatic massage points,8,1121,0.71%,2.1
orthopedic surgeon port huron,8,990,0.81%,6.72
steve acker,8,986,0.81%,2.01
best podiatrist in michigan,8,963,0.83%,1.55
mkoss,8,930,0.86%,4.25
lymphatic drainage spots on body,8,867,0.92%,1.16
dr martin kornblum,8,823,0.97%,5.16
mri royal oak,8,777,1.03%,5.06
foot doctor southfield,8,671,1.19%,3.62
synergy hospital,8,434,1.84%,5.77
synergy spine and orthopedics,8,430,1.86%,6.29
hand surgeon livonia,8,312,2.56%,3.88
spine surgeon near me,8,236,3.39%,7.31
synergy podiatry,8,218,3.67%,5.76
synergy podiatrist,8,213,3.76%,6.27
dr bhuller,8,194,4.12%,6.36
ortho urgent care near me,8,179,4.47%,6.65
synergie health,8,177,4.52%,8.8
benjamin mayo md,8,156,5.13%,4.3
36622 5 mile rd livonia,8,146,5.48%,2.09
imaging centers near me,8,103,7.77%,5.26
"jeffrey d. mendelson, md",8,101,7.92%,3.47
michfoot surgeons,8,77,10.39%,2.79
stand up mri near me,8,72,11.11%,3.19
steven mendelson md,8,58,13.79%,3.41
broken neck symptoms,7,3512,0.2%,6.54
synergy health foot and ankle,7,2597,0.27%,5.85
synergy medical livonia,7,1751,0.4%,6.77
mri imaging,7,611,1.15%,58.05
dr sorensen podiatrist,7,547,1.28%,7.79
sue cash,7,445,1.57%,6.89
synergy medical group,7,403,1.74%,17.36
synergy medical center,7,369,1.9%,12.42
synergy health group,7,364,1.92%,15.19
734-542-0200,7,330,2.12%,6.47
mri locations near me,7,287,2.44%,13.78
podiatrist southfield mi,7,267,2.62%,2.63
mendelson kornblum warren mi,7,259,2.7%,8.39
dr bullar,7,242,2.89%,5.19
port huron mri for canadians,7,195,3.59%,6.02
best podiatrist near me,7,190,3.68%,3.08
podiatrist in southfield michigan,7,183,3.83%,2.91
synergy healthcare portal,7,168,4.17%,6.69
dr bueller,7,161,4.35%,9.19
dr jerry orthopedic surgeon,7,140,5%,4.36
"hanish singh, md",7,108,6.48%,1.73
dr munk warren mi,7,103,6.8%,3.21
dr monk,7,93,7.53%,2.13
mendelson kornblum sterling heights mi,7,77,9.09%,3.22
dr buhler orthopedic,7,76,9.21%,8.86
synergy multi care professionals,7,66,10.61%,6.65
best open mri near me,7,58,12.07%,3.64
synergy health partners mendelson kornblum orthopedics & spine specialists,7,52,13.46%,1.21
jerry orthopaedic institute pllc,7,28,25%,1
synergy health partners warren mi,7,23,30.43%,1.57
laminectomy,6,4854,0.12%,65.13
lymphedema therapy,6,3277,0.18%,49.03
synergy foot and ankle,6,1611,0.37%,7.72
symptoms of a broken neck,6,1391,0.43%,9.32
neck fracture symptoms,6,1320,0.45%,5.23
custom wrist brace,6,1191,0.5%,10.72
physical therapy in livonia mi,6,1131,0.53%,6.23
bhullar,6,795,0.75%,9.63
lymphatic points on body,6,792,0.76%,1.32
orthopedic doctor port huron,6,759,0.79%,7.09
lymph drainage points,6,727,0.83%,1.38
synergy pain,6,698,0.86%,6.19
tests for shoulder pain,6,624,0.96%,10.67
synergy medical weight loss,6,609,0.99%,6.74
dr acker orthopedic surgeon,6,598,1%,6.27
synergy health services,6,486,1.23%,7.52
dr sorensen,6,478,1.26%,9.52
dr lee neurosurgeon,6,430,1.4%,7.97
back specialist near me,6,380,1.58%,9.09
facts about mri,6,376,1.6%,7.55
dr mendleson,6,313,1.92%,6.57
mri royal oak mi,6,308,1.95%,5.99
foot doctor,6,303,1.98%,4.45
tsa metal implant card requirements,6,287,2.09%,8.51
tsa-metal implant card,6,272,2.21%,4.81
laminotomy,6,235,2.55%,3.26
fatema taher,6,227,2.64%,3.67
spine doctor near me,6,226,2.65%,4.87
dr klein orthopedic surgeon,6,210,2.86%,9.54
"kevin lee, md",6,204,2.94%,5.43
dr.bhullar,6,163,3.68%,5.76
dr mccarthy orthopedic surgeon,6,152,3.95%,13.74
dr jeffrey klein md,6,139,4.32%,5.45
orthopedic spine surgeon,6,138,4.35%,3.39
synergy health 360 patient portal,6,133,4.51%,6.32
mri facilities near me,6,131,4.58%,3.75
tony oddo,6,123,4.88%,7.06
stephen mendelson orthopedic surgery,6,119,5.04%,3.23
podiatry near me,6,116,5.17%,3.59
back surgeon near me,6,110,5.45%,2.76
full body mri scan,6,109,5.5%,4.62
dr mccarty surgeon,6,103,5.83%,5.53
synergy health plans,6,98,6.12%,3.38
facmuap,6,92,6.52%,2.88
dr bohm office,6,89,6.74%,4.93
medical pedicure,6,89,6.74%,5.25
dr lee pain management,6,75,8%,6.77
full body mri near me,6,74,8.11%,2.57
mendleson,6,65,9.23%,5.98
walk in mri near me,6,61,9.84%,4.39
kevin lee orthopedic surgeon,6,57,10.53%,5.91
synergy spine and orthopedic surgery center photos,6,43,13.95%,2.14
jack belen,6,29,20.69%,2.31
dr mccarty livonia,6,24,25%,1
synergy mendelson,6,20,30%,1
what is tka,5,7519,0.07%,7.31
tka knee,5,5818,0.09%,7.86
bursitis hip,5,4422,0.11%,30
mri locations,5,2615,0.19%,56.34
hand specialist near me,5,2066,0.24%,8.09
livonia physical therapy,5,1243,0.4%,8.81
physical therapy port huron,5,958,0.52%,10.71
synergy therapy,5,831,0.6%,9.93
signs of a broken neck,5,776,0.64%,6.67
tsa metal implant card,5,773,0.65%,11.94
open mri locations,5,769,0.65%,39.13
hand specialist sterling heights,5,766,0.65%,12.06
beth wilkins,5,660,0.76%,1.88
shoulder pain test,5,619,0.81%,14.2
orthopedic doctors in port huron michigan,5,592,0.84%,8.26
dr mayo orthopedic,5,575,0.87%,7.61
custom hand splint,5,568,0.88%,8.89
dr mayo orthopedic surgeon,5,564,0.89%,7.64
varghese,5,520,0.96%,7.05
main lymphatic drainage points,5,415,1.2%,1.28
dr klein orthopedics,5,402,1.24%,17.98
diagnose my shoulder pain,5,400,1.25%,8.6
payment mendelson ortho,5,399,1.25%,5.01
synergy weight loss clinic,5,361,1.39%,10.43
abood,5,339,1.47%,14.35
stephen acker,5,324,1.54%,3.74
where are your lymphatic drainage points,5,308,1.62%,1.17
dr green podiatrist,5,303,1.65%,10.78
dr jeff klein,5,300,1.67%,8.83
dr. acker,5,299,1.67%,9.27
dr acker orthopedic,5,262,1.91%,4.88
fun facts about mri machines,5,256,1.95%,5.38
how to test for shoulder injury,5,241,2.07%,6.23
synergy physical therapy near me,5,228,2.19%,7.54
laminectomy incision size,5,225,2.22%,2.14
dr. singh pain management,5,176,2.84%,9.09
knee doctors near me,5,174,2.87%,31.41
orthopedic livonia,5,169,2.96%,11.01
"ben mayo, md",5,162,3.09%,4.25
dr. kornblum,5,145,3.45%,6.21
dr kristina green,5,144,3.47%,1.92
dr.kevin lee,5,130,3.85%,7
dr jeffrey klein orthopedic surgeon,5,125,4%,5.9
full body mri,5,106,4.72%,5.27
เว็บสล็อต wastex.co.th --pa,5,102,4.9%,2.19
herbert mendelsohn,5,101,4.95%,5.75
dr. mccarty surgeon,5,88,5.68%,5.78
standing mri,5,83,6.02%,2.39
dr steven mendelson,5,81,6.17%,3.35
mohamad salar,5,81,6.17%,6.54
stephen mendelsohn,5,77,6.49%,11.7
scott mccarthy,5,68,7.35%,6.32
orthopedic spine specialist near me,5,64,7.81%,6.75
600 fort street port huron mi,5,63,7.94%,2.78
mendelson group,5,60,8.33%,12.27
anthony abood,5,58,8.62%,5.1
upright mri locations,5,58,8.62%,6.62
dr fox chiropractic,5,55,9.09%,13.2
orthopedic walk in clinic,5,53,9.43%,6.98
dr. ashley fox,5,49,10.2%,3.18
5504 12 mile,5,47,10.64%,2.02
dr. mendelson michigan,5,42,11.9%,2.36
dr. varghese orthopedics,5,42,11.9%,3.02
open bore mri near me,5,41,12.2%,1.93
scoliosis doctor near me,5,39,12.82%,6.59
dr mccarthy spine surgeon,5,35,14.29%,2.69
"35735 mound rd, sterling heights, mi 48310",5,31,16.13%,2.32
full body mri scan near me,5,26,19.23%,3.85
open upright mri machine near me,5,22,22.73%,5.64
dr. kevin lee neurosurgeon,5,20,25%,1.35
tka medical abbreviation,4,26051,0.02%,8.02
acdf,4,21041,0.02%,3.03
lymphatic massage,4,3246,0.12%,12.83
what is a tka,4,3226,0.12%,6.76
neck fracture,4,3059,0.13%,10.32
tka procedure,4,2850,0.14%,12.44
de quervain release,4,1608,0.25%,5.36
hand surgeon near me,4,1500,0.27%,5.12
subcutaneous contusion,4,1463,0.27%,3.13
lymphedema,4,1462,0.27%,4.41
hand and wrist specialist near me,4,1208,0.33%,6.13
orthopedic port huron,4,1168,0.34%,6.25
michigan foot doctors,4,1040,0.38%,2.17
dr klein podiatry,4,1015,0.39%,6.18
lymphatic system,4,931,0.43%,2.29
what is total knee arthroplasty,4,855,0.47%,13.08
dr belen,4,835,0.48%,8.75
mass removal surgery,4,756,0.53%,4.61
mass removal,4,751,0.53%,4.42
open mri locations near me,4,717,0.56%,38.54
surgery center near me,4,712,0.56%,26.89
dr fox livonia,4,679,0.59%,9.73
pain management port huron,4,678,0.59%,10.3
best foot doctor in michigan,4,656,0.61%,2.31
synergy health network,4,626,0.64%,8.38
how to diagnose shoulder injury,4,574,0.7%,12.15
ultrasound,4,565,0.71%,3.12
where are lymphatic drainage points,4,524,0.76%,1.58
"synergy health partners | mendelson kornblum orthopedics & spine 
specialists, 36622 five mile rd #101, livonia, mi 48154",4,468,0.85%,1.4
lymphatic drainage points on the body,4,389,1.03%,1.19
pressure points for lymphatic drainage,4,385,1.04%,1.43
lump on palm of hand under skin,4,368,1.09%,16.6
dr. singh,4,364,1.1%,4.31
dr kline podiatrist,4,363,1.1%,10.07
foot doctor on northwestern highway,4,349,1.15%,3.01
tsa hip replacement card,4,348,1.15%,7.1
dr lee,4,329,1.22%,1.76
orthopedic surgeon near me,4,328,1.22%,18.88
synergy center,4,299,1.34%,14.65
synergy integrated healthcare,4,286,1.4%,7.07
muhammad salar,4,278,1.44%,7.45
open mri of livonia,4,273,1.47%,5.63
"synergy health partners, llc",4,272,1.47%,3.6
synergy for health,4,261,1.53%,5.63
orthopedic doctors near me,4,252,1.59%,13.6
lymph drainage points in the body,4,245,1.63%,1.03
top spine surgeons in michigan,4,226,1.77%,29.42
open mri of michigan,4,222,1.8%,10.74
calf lengthening surgery,4,218,1.83%,8.32
dr. klein podiatrist,4,214,1.87%,6.06
synergy health clinic,4,204,1.96%,7.56
synergy health partners | mendelson orthopedics & spine specialists,4,198,2.02%,1.6
29275 northwestern hwy,4,192,2.08%,6.13
emg test for shoulder pain,4,189,2.12%,7.29
hipinsight system,4,182,2.2%,6.57
genesis surgical center,4,179,2.23%,9.2
when does a finger need to be amputated,4,172,2.33%,3.26
synergy orthopedics near me,4,167,2.4%,8.49
mri centers of michigan,4,166,2.41%,6.75
mri sterling heights,4,159,2.52%,7.77
mendelson kornblum photos,4,156,2.56%,6.64
dr mccarthy,4,146,2.74%,4.21
david mendelsohn,4,143,2.8%,8.59
ingrown toenail removal,4,142,2.82%,3.18
pelvic floor therapy,4,142,2.82%,10.73
mri port huron michigan,4,141,2.84%,10.15
yacisen,4,138,2.9%,5.79
salar mohammad,4,135,2.96%,3.16
amy hauxwell,4,127,3.15%,1.37
same day mri,4,120,3.33%,4.2
preetinder bhullar md sterling heights mi,4,117,3.42%,2.9
dr. mendelsohn,4,115,3.48%,22.7
mri warren mi,4,112,3.57%,13.35
orthopedic surgeons near me,4,103,3.88%,9.25
mri clinic near me,4,100,4%,20.23
mri places,4,97,4.12%,5.68
dr steve acker,4,91,4.4%,9.99
wide bore mri,4,90,4.44%,5.41
dr steven mendelsohn,4,89,4.49%,8.85
"dr. jeffrey varghese, md",4,88,4.55%,1.19
synergy healthcare associates,4,84,4.76%,26.26
can you have a broken neck and not know it,4,83,4.82%,7.13
varghese dr,4,79,5.06%,5.51
shoulder injury types,4,78,5.13%,24.73
mri center near me,4,77,5.19%,5.22
mendelson kornblum pain management,4,75,5.33%,2.24
dry needling near me,4,74,5.41%,5.43
dr mccarthy orthopedic,4,74,5.41%,45.26
ankylosing spondylitis,4,74,5.41%,48.07
dr kasa,4,73,5.48%,3.44
orthopedic foot specialist near me,4,66,6.06%,9.29
flying with metal in body,4,65,6.15%,4.89
synergy health jobs,4,63,6.35%,4.87
dr mendelssohn,4,63,6.35%,9.41
full body scan near me,4,60,6.67%,2.62
cheap mri near me,4,58,6.9%,2.07
chiropractor near me,4,56,7.14%,23.2
sue piotrowski,4,55,7.27%,1.29
dr jack belen,4,53,7.55%,1.19
urgent care orthopedic,4,51,7.84%,5.37
"35735 mound rd, sterling heights",4,48,8.33%,2
walk in orthopedic clinic,4,47,8.51%,5.38
500 stephenson hwy troy mi 48083,4,46,8.7%,2.59
ultrasound imaging near me,4,43,9.3%,5.51
bppv,4,41,9.76%,1
outpatient surgery center,4,40,10%,4.88
laminectomy scar images,4,38,10.53%,2.03
open mri near me within 20 mi,4,38,10.53%,5.24
orthopedic spine surgeon near me,4,36,11.11%,4.06
mri facility near me,4,35,11.43%,3.2
orthopedic urgent care open sunday,4,35,11.43%,7.06
mri in michigan for canadians,4,34,11.76%,6.26
hamish singh,4,29,13.79%,8.45
coronary calcium scan near me,4,28,14.29%,2.82
dr varghese surgeon,4,28,14.29%,4.32
"scott mccarty, md",4,25,16%,2.08
synergy health partners orthopedic urgent care livonia,4,25,16%,31.2
synergy physical therapy warren,4,24,16.67%,1.12
claustrophobia open mri machine near me,4,24,16.67%,3.08
independent mri centers near me,4,22,18.18%,3.32
wide open mri,4,19,21.05%,2.63
chiropractor livonia,4,18,22.22%,26.44
lower back specialist near me,4,17,23.53%,2.29
michigan brain and spine surgery center,4,14,28.57%,2.14
dr anthony otto,4,14,28.57%,6.21
digital motion x ray near me,4,10,40%,2.8
carpal tunnel syndrome,3,7734,0.04%,1.04
boutonniere deformity,3,6392,0.05%,24.84
vestibular rehabilitation,3,5575,0.05%,73.63
vestibular rehabilitation therapy,3,4766,0.06%,68.31
contusion vs bruise,3,4438,0.07%,7.93
joint damage,3,3230,0.09%,10.41
caudal esi injection,3,2993,0.1%,8.04
physical therapy warren mi,3,2407,0.12%,20.43
back break,3,2307,0.13%,7.57
synergy pain and spine,3,1701,0.18%,6.04
tests for shoulder injury,3,1577,0.19%,13.41
shoulder injury test,3,1486,0.2%,14.57
functional therapy,3,1442,0.21%,13.89
bursitis of the hip,3,1409,0.21%,58.79
podiatrist,3,1248,0.24%,3.3
thoracic decompression surgery,3,1137,0.26%,9.45
port huron orthopedics,3,945,0.32%,6.72
fractured neck symptoms,3,939,0.32%,7.74
mri scan,3,932,0.32%,3.37
hipinsight,3,931,0.32%,6.75
injection for neuropathy,3,885,0.34%,12.72
7 lymphatic drainage points,3,767,0.39%,1.03
hand specialist,3,660,0.45%,10.99
sterling heights physical therapy,3,643,0.47%,22.5
orthopedics,3,628,0.48%,9.64
nerve repair surgery,3,616,0.49%,29.12
dr peter lasater,3,610,0.49%,7.94
physical therapy,3,581,0.52%,8.75
synergy specialists medical group,3,565,0.53%,6.85
pain clinic sterling heights,3,552,0.54%,10.03
knee specialist near me,3,540,0.56%,66.52
foot specialist near me,3,533,0.56%,8.91
salar mohammed,3,410,0.73%,4.78
how to diagnose a shoulder injury,3,408,0.74%,14.92
diagnosing shoulder injury,3,394,0.76%,24.5
kevin lee michigan,3,357,0.84%,6.31
finger amputation surgery,3,350,0.86%,6.19
diagnose shoulder injury,3,350,0.86%,18.72
how long after mild procedure do you see improvement,3,349,0.86%,8.12
dr mendelson office,3,335,0.9%,6.88
points for lymphatic drainage,3,334,0.9%,2.16
best hip replacement surgeons in michigan,3,316,0.95%,10.39
mendelsons,3,302,0.99%,31.48
acdf in neurosurgery,3,298,1.01%,1.12
synergy near me,3,295,1.02%,21.53
open mri livonia,3,294,1.02%,9.56
foot surgeon near me,3,281,1.07%,4.19
synergy spine center,3,278,1.08%,12.57
kristina green,3,268,1.12%,7.3
synergy diagnostics,3,262,1.15%,20.33
synergy health products,3,234,1.28%,9.26
custom hand brace,3,232,1.29%,5.34
lymphatic drain points,3,218,1.38%,1.68
cynergy health,3,218,1.38%,9.98
dr. peter lasater,3,213,1.41%,7.3
mendelson kornblum reviews,3,205,1.46%,7.57
lymphatic drainage areas on body,3,204,1.47%,1.64
orthopedics near me,3,195,1.54%,16.65
synergy radiology,3,191,1.57%,38.16
self pay surgery,3,188,1.6%,18.59
knee doctor near me,3,185,1.62%,43.19
synergy spine and pain center,3,182,1.65%,11.5
orthopedic sterling heights,3,164,1.83%,2.6
shoulder nerve test,3,159,1.89%,6.91
imaging center,3,152,1.97%,5
"synergy health partners | mendelson orthopedics and spine specialists 
livonia",3,150,2%,2.31
podiatrists near me,3,142,2.11%,10.12
orthopedic urgent care detroit,3,139,2.16%,17.2
shot for neuropathy,3,138,2.17%,5.6
synergy rehabilitation,3,138,2.17%,18.43
same day mri near me,3,132,2.27%,5.64
broke neck symptoms,3,132,2.27%,8.05
port huron mri,3,124,2.42%,10.82
genesis ambulatory surgery center,3,120,2.5%,6.65
podiatrist michigan,3,119,2.52%,1.98
pain clinic near me,3,116,2.59%,8.91
kornblum,3,109,2.75%,8.17
synergy sports medicine,3,105,2.86%,16.29
dr singh anesthesiologist,3,104,2.88%,7.29
dr. sorensen,3,103,2.91%,8.72
spinal stenosis,3,102,2.94%,38.66
mendelssohn and kornblum,3,97,3.09%,5.99
dr kline orthopedic,3,97,3.09%,7.44
3d ultrasound,3,96,3.12%,15.95
dr green podiatry,3,95,3.16%,14.38
pain specialist near me,3,94,3.19%,8.98
dr cassa,3,92,3.26%,11.6
dr.munk,3,90,3.33%,4.58
l4-l5 laminectomy recovery time,3,86,3.49%,6.34
foot doctors near me,3,85,3.53%,5.93
back pain specialist near me,3,85,3.53%,20.38
scott mcarty,3,82,3.66%,4.09
mri centers,3,82,3.66%,12.16
dr mccarty office,3,80,3.75%,15.9
spine specialists near me,3,78,3.85%,5.08
custom wrist orthosis,3,76,3.95%,5.45
orthopedic specialist near me,3,76,3.95%,5.86
dr odo,3,75,4%,10.79
synergy health partners | mendelson pain management clinic,3,74,4.05%,1
synergy md,3,73,4.11%,17.73
dr lee orthopedic surgeon,3,71,4.23%,1.49
fun facts about mris,3,71,4.23%,6.37
yes,3,69,4.35%,5.17
nerve test for shoulder pain,3,67,4.48%,3.07
headache infusion treatment,3,65,4.62%,9.14
back and spine specialist near me,3,64,4.69%,5.78
synergy orthopedic specialists medical group,3,62,4.84%,10.42
shoulder injury diagnosis test,3,60,5%,4.22
mri imaging center near me,3,59,5.08%,4.22
mri near me open now,3,54,5.56%,3.39
remove mass,3,51,5.88%,4.08
open air mri near me,3,50,6%,32.58
ct scans near me,3,48,6.25%,3.44
dr. varghese md,3,48,6.25%,6.48
doctor for back pain near me,3,48,6.25%,42.96
synergia health,3,47,6.38%,14.51
foot doctor southfield mi,3,46,6.52%,3.22
mri services near me,3,43,6.98%,2.12
benjamin mayo orthopedic surgeon,3,43,6.98%,4.51
bone density test near me,3,41,7.32%,2.17
tsa metal in body,3,40,7.5%,7.4
dr h singh,3,39,7.69%,13.59
dr bohn,3,36,8.33%,11.39
synergy rehab locations,3,32,9.38%,8.38
top rated podiatrist near me,3,31,9.68%,7.42
carol arakelian,3,29,10.34%,1
dr mccarthy orthopedics,3,28,10.71%,14.89
mri same day near me,3,27,11.11%,19.07
knee mri near me,3,25,12%,19.2
where to get an mri near me,3,23,13.04%,5.48
ambulatory surgery centers near me,3,22,13.64%,12.36
affordable mri near me,3,21,14.29%,1.52
best foot surgeon in michigan,3,21,14.29%,1.52
"joseph maslak, md",3,21,14.29%,1.71
aquatic therapy near me,3,21,14.29%,3.62
where to get an mri,3,21,14.29%,10.33
"tony abood, do",3,20,15%,1
low cost mri near me,3,20,15%,2.05
pm&r doctor near me,3,20,15%,2.1
massage near me,3,19,15.79%,50
mri with iv sedation near me,3,18,16.67%,6.28
body scan,3,17,17.65%,3.35
dexa scan near me,3,14,21.43%,1.29
mendelson kornblum physical therapy livonia,3,14,21.43%,1.43
where can i get an mri near me,3,14,21.43%,4.57
beaumont open mri locations,3,14,21.43%,10.36
dr. jeffrey varghese,3,12,25%,1.75
synergy doctor list,3,12,25%,4.5
open mri machine,3,10,30%,4.2
knee pain doctors near me,3,10,30%,4.4
dr. monk,3,9,33.33%,1.89
walk in orthopedic near me,3,9,33.33%,8.56
sural nerve pain,3,8,37.5%,1
prp knee injections near me,3,7,42.86%,1.71
wide bore open mri near me,3,6,50%,1
local mri imaging,3,6,50%,5
podiatrist bloomfield hills,3,5,60%,1
bunion doctor,3,5,60%,2.6
dr.mccarthy,3,3,100%,1
walk in podiatrist,3,3,100%,10
total knee replacement,2,26175,0.01%,56.96
hip pain,2,21916,0.01%,78.29
lymphedema treatments,2,19192,0.01%,9.84
physical therapist near me,2,4526,0.04%,50.13
hip bursitis,2,3807,0.05%,34.43
vestibular therapy,2,3761,0.05%,75.83
hip pain in women,2,3379,0.06%,17.14
de quervain's release,2,2585,0.08%,7.97
thoracic decompression,2,2089,0.1%,11.11
lymphatic drainage exercises,2,2054,0.1%,1.83
bursitis,2,2029,0.1%,1.06
urgent care shelby township,2,1963,0.1%,10.4
hayley foster,2,1630,0.12%,11.64
how to drain lymphatic system,2,1578,0.13%,2.23
reflex sympathetic dystrophy,2,1510,0.13%,30.94
caitlin rogers,2,1491,0.13%,8.24
tka knee surgery,2,1459,0.14%,8.93
fractured neck,2,1119,0.18%,7.96
leff,2,1074,0.19%,11.68
dequervains release,2,1072,0.19%,7.7
long-term effects of a broken neck,2,1038,0.19%,6.28
tka medicine,2,999,0.2%,9.06
gastrocnemius recession,2,929,0.22%,12.15
boutonnière deformity,2,878,0.23%,27.92
physical therapy in livonia,2,857,0.23%,11.75
pain management sterling heights,2,829,0.24%,9.52
how to diagnose shoulder pain,2,827,0.24%,13.85
top orthopedic surgeons in michigan,2,798,0.25%,12.36
bumps in palm of hand,2,753,0.27%,13.14
shoulder pain diagnostic tests,2,700,0.29%,6.6
custom wrist splint,2,668,0.3%,9.01
hip bursitis treatment,2,655,0.31%,71.53
bumps on palm of hand,2,649,0.31%,21.18
diagnose shoulder pain,2,607,0.33%,41.94
where to massage for lymphatic drainage,2,560,0.36%,1.08
custom made hand splints,2,542,0.37%,30.47
de quervains release,2,535,0.37%,6.94
total knee arthroplasty surgery,2,525,0.38%,32.74
break back,2,496,0.4%,11.07
hip doctor near me,2,472,0.42%,85.98
dr klein orthopedic,2,449,0.45%,10.79
bursitis of hip,2,442,0.45%,26.1
"stephen d. mendelson, md, 35735 mound rd, sterling heights, mi 48310",2,435,0.46%,3.07
synergy health inc,2,419,0.48%,12.28
dry needling,2,419,0.48%,38.23
"synergy health partners mso, llc, 500 stephenson hwy suite 300, troy, mi 
48083",2,410,0.49%,1.71
lymphatic drainage pressure points,2,394,0.51%,1.05
finger removal surgery,2,388,0.52%,4.1
treatment for thumb arthritis,2,387,0.52%,74.14
health synergy,2,386,0.52%,14.2
synergy foot,2,377,0.53%,6.87
dequervain release,2,368,0.54%,3.18
dr hanish,2,346,0.58%,8.78
self pay orthopedic,2,322,0.62%,20.84
orthopedic hand specialist,2,319,0.63%,21.19
lymphatic spots on body,2,316,0.63%,1.26
lymphatic drainage point,2,305,0.66%,1.46
massage points for lymphatic drainage,2,301,0.66%,4.03
interesting facts about mri,2,301,0.66%,6.41
healthpartners,2,299,0.67%,4.42
livonia orthopedics,2,297,0.67%,8.8
left hip pain causes,2,280,0.71%,75.71
what is a caudal esi,2,275,0.73%,4.77
left tka medical abbreviation,2,269,0.74%,6.33
dr klein troy mi,2,260,0.77%,5.72
synergy insurance affiliates,2,258,0.78%,23.97
synergy weight loss and primary care,2,229,0.87%,8.85
dr benjamin mayo orthopedic surgeon,2,226,0.88%,5.83
lymphatic drainage tapping points,2,220,0.91%,2.18
shoulder diagnostic tests,2,220,0.91%,7.1
doctor mendelson,2,214,0.93%,10.29
best orthopedic surgeon in michigan,2,209,0.96%,15.83
synergy injection,2,205,0.98%,5.21
shoulder pain,2,204,0.98%,3.2
spencer poshadlo,2,204,0.98%,4.67
synergy chiropractic,2,201,1%,6.37
synergy dme,2,199,1.01%,13.61
45300 mound rd,2,197,1.02%,2.85
custom splint for hand,2,194,1.03%,8.81
preetinder bhullar md webmd,2,190,1.05%,2.38
dr boehm,2,188,1.06%,31.03
synergy medicare,2,178,1.12%,6.99
test for shoulder injury,2,178,1.12%,9.05
facts about mri machines,2,174,1.15%,7.39
podiatrist detroit,2,173,1.16%,6.08
fox chiropractic,2,173,1.16%,10.25
dr. belen,2,171,1.17%,6.96
29275 northwestern hwy southfield mi 48034,2,169,1.18%,5.12
how long is laminectomy surgery,2,168,1.19%,29.61
how to check for shoulder injury,2,167,1.2%,8.26
mri detroit,2,166,1.2%,43.31
dequervain's release,2,163,1.23%,7.1
mri michigan,2,161,1.24%,13.08
synergy clinics,2,160,1.25%,7.74
mendelson dr,2,159,1.26%,11.5
cinergy health,2,156,1.28%,9.93
surgical center near me,2,155,1.29%,18.86
vestibular neuritis,2,153,1.31%,1.15
laminectomy surgery video,2,152,1.32%,2.18
susan piotrowski,2,149,1.34%,5.42
hip replacement and airport security,2,149,1.34%,21.03
dr mcarty,2,148,1.35%,7.37
kevin sorenson,2,148,1.35%,7.98
symptoms of neck fracture,2,145,1.38%,8.22
laminotomy surgery,2,145,1.38%,13.98
pain management doctors near me,2,145,1.38%,22.21
dr. fox chiropractor,2,144,1.39%,9.6
shoulder pain diagnosis tests,2,142,1.41%,7.87
shoulder tests,2,139,1.44%,29.71
points of lymphatic drainage,2,138,1.45%,2.48
jeff klein md,2,136,1.47%,9.1
shoulder injury diagnostic tests,2,133,1.5%,6.44
synergy clinic near me,2,132,1.52%,7.7
lymph nodes points in body,2,131,1.53%,1.2
custom made splint,2,130,1.54%,10.55
back doctor,2,130,1.54%,11.73
preetinder,2,128,1.56%,11.88
synergy.org,2,127,1.57%,5.88
tsa knee replacement,2,127,1.57%,8.54
hip replacement airport security,2,126,1.59%,18.9
kevin lee dr,2,125,1.6%,9.81
occupational therapy near me,2,125,1.6%,18.5
synergy orthopaedics,2,123,1.63%,8.1
dr.singh,2,120,1.67%,5.08
tsa hip replacement,2,119,1.68%,9.81
spine doctor,2,118,1.69%,6.69
kevin lee doctor,2,118,1.69%,7.36
orthopedic doctor livonia,2,118,1.69%,9.48
medical pedicure southfield,2,117,1.71%,7.32
back doctors near me,2,113,1.77%,9.19
synergy physicians,2,112,1.79%,17.85
mri clinic,2,112,1.79%,24.12
does a hip replacement set off airport security,2,110,1.82%,10.46
andrew cox md,2,110,1.82%,18.15
mri port huron,2,106,1.89%,10.89
synergy physical therapy and sports medicine,2,106,1.89%,17.2
dr. jeffrey mendelsohn,2,104,1.92%,6.88
how to check shoulder injury,2,104,1.92%,8.62
private mri scan,2,104,1.92%,60.8
mendelssohn kornblum,2,103,1.94%,2.14
synergy health and wellness clinic,2,102,1.96%,13.72
mri in michigan,2,102,1.96%,13.94
dr. lee neurosurgeon,2,100,2%,7.13