source,target
/specialties/spine-back-and-neck/lumbar-laminectomy/,/treatment/lumbar-laminectomy/
/specialties/orthopedic-services/,/specialty/orthopedic-services/
/specialties/physical-therapy/,/specialty/physical-therapy/
/specialties/occupational-therapy/hand-therapy/,/treatment/hand-therapy/
/conditions-we-treat/hand-upper-extremity-conditions/carpal-tunnel-syndrome/,/conditions/carpal-tunnel-syndrome/
/providers/david-h-mendelson-md/,/providers/david-mendelson-md/
/specialties/occupational-therapy/custom-orthoses-splints/,/treatment/custom-orthoses-splints/
/providers/stephen-d-mendelson-md/,/providers/stephen-mendelson-md/
/conditions-we-treat/spine-neck-back-conditions/neck-fracture-broken-neck/,/conditions/neck-fracture-broken-neck/
/specialties/hand-upper-extremity/nerve-repair/,/treatment/nerve-repair/
/providers/kevin-r-lee-md/,/providers/kevin-lee-md/
/providers/jeffrey-b-klein-dpm/,/providers/jeffrey-klein-dpm/
/conditions-we-treat/hand-upper-extremity-conditions/hand-arthritis/,/conditions/hand-arthritis/
/specialties/pain-management/trigger-point-injection/,/treatment/trigger-point-injection/
/specialties/orthopedic-services/shoulder-arthroscopy/,/treatment/shoulder-arthroscopy/
/specialties/pain-management/peripheral-nerve-injection/,/treatment/peripheral-nerve-injection/
/specialties/pain-management/spinal-cord-stimulator/,/treatment/spinal-cord-stimulator/
/specialties/spine-back-and-neck/sacroiliac-joint-fusion/,/treatment/sacroiliac-joint-fusion/
/conditions-we-treat/foot-ankle-conditions/mortons-neuroma/,/conditions/mortons-neuroma/
/providers/jeffrey-d-mendelson-md/,/providers/jeffrey-mendelson-md/
/specialties/occupational-therapy/,/specialty/occupational-therapy/
/specialties/spine-back-and-neck/thoracic-lumbar-decompression/,/treatment/thoracic-lumbar-decompression/
/conditions-we-treat/spine-neck-back-conditions/back-fracture-break/,/conditions/back-fracture-break/
/conditions-we-treat/foot-ankle-conditions/bunions/,/conditions/bunions/
/specialties/hand-upper-extremity/mass-removal/,/treatment/mass-removal/
/conditions-we-treat/spine-neck-back-conditions/sciatica/,/conditions/sciatica/
/specialties/hand-upper-extremity/cmc-arthroplasty/,/treatment/cmc-arthroplasty/
/providers/kristina-e-green-dpm/,/providers/kristina-green-dpm/
/conditions-we-treat/spine-neck-back-conditions/spinal-stenosis/,/conditions/spinal-stenosis/
/providers/anthony-oddo-do/,/providers/anthony-j-oddo-do/
/specialties/podiatry/bunionectomy/,/treatment/bunionectomy/
/conditions-we-treat/spine-neck-back-conditions/cervical-radiculopathy/,/conditions/cervical-radiculopathy/
/conditions-we-treat/spine-neck-back-conditions/spondylolisthesis/,/conditions/spondylolisthesis/
/specialties/pain-management/joint-pain-injections/,/treatment/joint-pain-injections/
/specialties/spine-back-and-neck/microdiscectomy/,/treatment/microdiscectomy/
/providers/noah-kueber/,/providers/noah-kueber-pt/
/conditions-we-treat/shoulder/shoulder-arthritis/,/conditions/shoulder-arthritis/
/providers/amy-mazurek-dpt/,/providers/amy-mazurek-mpt/
/specialties/podiatry/prp-injections/,/treatment/prp-injections/
/conditions-we-treat/hand-upper-extremity-conditions/trigger-finger/,/conditions/trigger-finger/
/specialties/pain-management/emg/,/treatment/emg/
/specialties/hand-upper-extremity/tendon-repair/,/treatment/tendon-repair/
/conditions-we-treat/spine-neck-back-conditions/arthritic-back-pain/,/conditions/arthritic-back-pain/
/conditions-we-treat/spine-neck-back-conditions/lumbar-stenosis/,/conditions/lumbar-stenosis/
/specialties/orthopedic-services/elbow-arthroscopy/,/treatment/elbow-arthroscopy/
/specialties/hand-upper-extremity/dupuytren-contracture-release/,/treatment/dupuytren-contracture-release/
/specialties/podiatry/toe-arthroplasty/,/treatment/toe-arthroplasty/
/conditions-we-treat/shoulder/frozen-shoulder/,/conditions/frozen-shoulder/
/specialties/hand-upper-extremity/cubital-tunnel-release/,/treatment/cubital-tunnel-release/
/conditions-we-treat/spine-neck-back-conditions/herniated-disc/,/conditions/herniated-disc/
/conditions-we-treat/hip-conditions/hip-osteoarthritis/,/conditions/hip-osteoarthritis/
/conditions-we-treat/foot-ankle-conditions/plantar-fasciitis/,/conditions/plantar-fasciitis/
/specialties/podiatry/ankle-arthroscopy/,/treatment/ankle-arthroscopy/
/conditions-we-treat/shoulder/shoulder-dislocation/,/conditions/shoulder-dislocation/
/conditions-we-treat/knee-conditions/patellar-tendinitis/,/conditions/patellar-tendinitis/
/conditions-we-treat/hand-arthritis/,/conditions/hand-arthritis/
/conditions-we-treat/knee-conditions/knee-bursitis/,/conditions/knee-bursitis/
/conditions-we-treat/sciatica/,/conditions/sciatica/
/conditions-we-treat/spine-neck-back-conditions/si-joint-pain/,/conditions/si-joint-pain/
/conditions-we-treat/spine/herniated-disc/,/conditions/herniated-disc/
/conditions-we-treat/wrist-injuries-fractures/,/conditions-we-treat/hand-upper-extremity-conditions/wrist-injuries-fractures/
/providers/orthopedics/,/providers/specialty/orthopedics/
/providers/orthopedics/david-h-mendelson-md/,/providers/david-mendelson-md/
/providers/orthopedics/stephen-d-mendelson-md/,/providers/stephen-mendelson-md/
/providers/pain-management/anthony-j-oddo-do/,/providers/anthony-j-oddo-do/
/providers/physician-assistant/brittany-miller-pa-c/,/providers/brittany-miller-pa-c/
/providers/physician-assistant/kelley-gray-allen-pa-c/,/providers/kelley-gray-allen-pa-c/
/providers/podiatry/jeffrey-b-klein-dpm/,/providers/jeffrey-klein-dpm/
/providers/sue-piotrowski-pt/,/providers/sue-piotrowski-pta/
/specialty/orthopedic-services/livonia/,/specialties/orthopedic-services/livonia/
/specialty/orthopedic-services/sterling-heights/,/specialties/orthopedic-services/sterling-heights/
/providers/dr-hainish-singh-md/,/providers/hainish-singh-md/
/specialties/spine-neck-back/,/specialty/spine-neck-back/
/conditions-we-treat/spine-neck-back-conditions/degenerative-disc-disease/,/conditions/degenerative-disc-disease/
/conditions-we-treat/spine-neck-back-conditions/scoliosis/,/conditions/scoliosis/
/conditions-we-treat/spine-neck-back/arthritic-back-pain/,/conditions/arthritic-back-pain/
/our-providers/david-mendelson-md/,/providers/david-mendelson-md/
/our-providers/goo/,/providers/
/our-providers/spine/andres-munk-md/,/providers/andres-munk-md/
/providers/jeffrey-r-mendelson-md/,/providers/jeffrey-mendelson-md/
/providers/kyle-bohm-md/null/,/providers/kyle-bohm-md/
/providers/stephen-e-mendelson-md/,/providers/stephen-mendelson-md/
/specialties/locations/livonia-orthopedics/,/specialties/orthopedic-services/livonia/
/specialties/locations/warren-orthopedics/directions/,/specialties/locations/livonia-orthopedics/directions/
/specialties/orthopedic-services/southfield/,/specialty/orthopedic-services/southfield/
/specialties/specialties/pain-management/,/treatment/pain-management/
/specialties/spine-back-and-neck-old/disc-arthroplasty/,/specialties/spine-back-and-neck/disc-arthroplasty/
/specialties/spine-back-and-neck/lumbar-fusion/,/specialties/spine-back-and-neck-old/lumbar-fusion/
/specialties/spine-back-and-neck/lumbar-laminectomy-2/,/treatment/lumbar-laminectomy/
/specialties/spine-back-and-neck/thoracic-lumbar-decompression-surgery/,/treatment/thoracic-lumbar-decompression/
/specialty/hand-upper-extremity/livonia/,/specialties/hand-upper-extremity/livonia/
/specialty/orthopedics/,/specialty/orthopedic-services/
/specialty/pain-management/,/specialties/pain-management/
/specialty/pain-management/ketamine-infusion/,/specialties/pain-management/ketamine-infusion/
/specialty/spine-back-and-neck/port-huron-spine-neck-pain-dr-andres-munk/,/specialties/spine-back-and-neck/port-huron-spine-neck-pain-dr-andres-munk/
/treatments/,/treatment/
/providers/terry-viviani-dc/,/providers/
/our-providers/orthopedics/herbert-mendelson-md/,/providers/specialty/orthopedics/
/our-providers/orthopedics/katie-rashid-sports-medicine/,/providers/specialty/sports/
/our-providers/pain-management/daniel-feldman-md/,/providers/specialty/pain-management/
/our-providers/pain-management/jason-mulawa-md/,/providers/specialty/pain-management/
/our-providers/podiatry/deepali-darji-podiatrist/,/providers/specialty/foot-ankle/
/our-providers/rheumatology/shironda-stewart-md/,/providers/
/our-providers/spine/joel-phillips-md/,/providers/specialty/spine/
/our-providers/spine/martin-b-kornblum-md/,/providers/specialty/spine/
/providers/brian-fiani-do-facos/,/providers/specialty/spine/
/providers/chelsea-schoenmaker-pa-c/,/providers/
/providers/courtney-watson-pa-c/,/providers/
/providers/kellyn-chapman-pa-c/,/providers/
/providers/martin-j-kornblum-md/,/providers/specialty/spine/
/providers/martin-kornblum-md/,/providers/specialty/spine/
/providers/orthopedics/emily-ren-md/,/providers/specialty/orthopedics/
/providers/orthopedics/herbert-mendelson-md/,/providers/specialty/orthopedics/
/providers/orthopedics/katie-rashid-sports-medicine/,/providers/specialty/sports/
/providers/orthopedics/peter-lasater-md/,/providers/specialty/orthopedics/
/providers/pain-management/daniel-feldman-md/,/providers/specialty/pain-management/
/providers/pain-management/jason-mulawa-md/,/providers/specialty/pain-management/
/providers/pain-management/m-wednesday-hall-do/,/providers/specialty/pain-management/
/providers/physician-assistant/bradley-coon-pa-c/,/providers/physician-assistant/
/providers/physician-assistant/courtney-watson-pa-c/,/providers/physician-assistant/
/providers/physician-assistant/jamie-amster-pa-c/,/providers/physician-assistant/
/providers/physician-assistant/natalie-arnold-pa-c/,/providers/physician-assistant/
/providers/physician-assistant/sarah-havens-pa-c/,/providers/physician-assistant/
/providers/rebecca-oros-pta-lmt/,/providers/
/providers/rheumatology/shironda-stewart-md/,/providers/
/providers/spine/joel-phillips-md/,/providers/specialty/spine/
/our-providers/,/providers/
