source_url,destination_url,cleanup_area,reason,confidence,source_status,destination_status,source_clicks_16mo,source_impressions_16mo,source_impressions_last90d,dest_impressions_last90d
https://synergyhealth.org/specialties/spine-back-and-neck/lumbar-laminectomy/,https://synergyhealth.org/treatment/lumbar-laminectomy/,A. Duplicate content - parallel URL structures,Same topic 'lumbar-laminectomy' live at /specialties/ and /treatment/; keep the URL Google already prefers,High,Live,Live,331,84568,1,2271
https://synergyhealth.org/specialties/orthopedic-services/,https://synergyhealth.org/specialty/orthopedic-services/,A. Duplicate content - parallel URL structures,Same topic 'orthopedic-services' live at /specialties/ and /specialty/; keep the URL Google already prefers,High,Live,Live,127,67527,0,4637
https://synergyhealth.org/specialties/physical-therapy/,https://synergyhealth.org/specialty/physical-therapy/,A. Duplicate content - parallel URL structures,Same topic 'physical-therapy' live at /specialties/ and /specialty/; keep the URL Google already prefers,High,Live,Live,192,64266,0,9538
https://synergyhealth.org/specialties/occupational-therapy/hand-therapy/,https://synergyhealth.org/treatment/hand-therapy/,A. Duplicate content - parallel URL structures,Same topic 'hand-therapy' live at /specialties/ and /treatment/; keep the URL Google already prefers,High,Live,Live,36,62446,13,1669
https://synergyhealth.org/conditions-we-treat/hand-upper-extremity-conditions/carpal-tunnel-syndrome/,https://synergyhealth.org/conditions/carpal-tunnel-syndrome/,A. Duplicate content - parallel URL structures,Same topic 'carpal-tunnel-syndrome' live at /conditions-we-treat/ and /conditions/; keep the URL Google already prefers,High,Live,Live,12,51642,0,760
https://synergyhealth.org/providers/david-h-mendelson-md/,https://synergyhealth.org/providers/david-mendelson-md/,A. Duplicate content - parallel URL structures,Same provider (David Mendelson); consolidate to primary profile,High,Live,Live,1020,49073,0,14360
https://synergyhealth.org/specialties/occupational-therapy/custom-orthoses-splints/,https://synergyhealth.org/treatment/custom-orthoses-splints/,A. Duplicate content - parallel URL structures,Same topic 'custom-orthoses-splints' live at /specialties/ and /treatment/; keep the URL Google already prefers,High,Live,Live,255,42461,0,6349
https://synergyhealth.org/providers/stephen-d-mendelson-md/,https://synergyhealth.org/providers/stephen-mendelson-md/,A. Duplicate content - parallel URL structures,Same provider (Stephen Mendelson); consolidate to primary profile,High,Live,Live,1204,40848,0,9497
https://synergyhealth.org/conditions-we-treat/spine-neck-back-conditions/neck-fracture-broken-neck/,https://synergyhealth.org/conditions/neck-fracture-broken-neck/,A. Duplicate content - parallel URL structures,Same topic 'neck-fracture-broken-neck' live at /conditions-we-treat/ and /conditions/; keep the URL Google already prefers,High,Live,Live,88,39615,0,70088
https://synergyhealth.org/specialties/hand-upper-extremity/nerve-repair/,https://synergyhealth.org/treatment/nerve-repair/,A. Duplicate content - parallel URL structures,Same topic 'nerve-repair' live at /specialties/ and /treatment/; keep the URL Google already prefers,High,Live,Live,23,35747,0,4653
https://synergyhealth.org/providers/kevin-r-lee-md/,https://synergyhealth.org/providers/kevin-lee-md/,A. Duplicate content - parallel URL structures,Same provider (Kevin Lee); consolidate to primary profile,High,Live,Live,1027,34707,3140,6885
https://synergyhealth.org/providers/jeffrey-b-klein-dpm/,https://synergyhealth.org/providers/jeffrey-klein-dpm/,A. Duplicate content - parallel URL structures,Same provider (Jeffrey Klein); consolidate to primary profile,High,Live,Live,713,27232,0,7674
https://synergyhealth.org/conditions-we-treat/hand-upper-extremity-conditions/hand-arthritis/,https://synergyhealth.org/conditions/hand-arthritis/,A. Duplicate content - parallel URL structures,Same topic 'hand-arthritis' live at /conditions-we-treat/ and /conditions/; keep the URL Google already prefers,High,Live,Live,2,23775,0,4335
https://synergyhealth.org/specialties/pain-management/trigger-point-injection/,https://synergyhealth.org/treatment/trigger-point-injection/,A. Duplicate content - parallel URL structures,Same topic 'trigger-point-injection' live at /specialties/ and /treatment/; keep the URL Google already prefers,High,Live,Live,13,21914,0,6193
https://synergyhealth.org/specialties/orthopedic-services/shoulder-arthroscopy/,https://synergyhealth.org/treatment/shoulder-arthroscopy/,A. Duplicate content - parallel URL structures,Same topic 'shoulder-arthroscopy' live at /specialties/ and /treatment/; keep the URL Google already prefers,High,Live,Live,5,19880,0,880
https://synergyhealth.org/specialties/pain-management/peripheral-nerve-injection/,https://synergyhealth.org/treatment/peripheral-nerve-injection/,A. Duplicate content - parallel URL structures,Same topic 'peripheral-nerve-injection' live at /specialties/ and /treatment/; keep the URL Google already prefers,High,Live,Live,56,17613,0,7184
https://synergyhealth.org/specialties/pain-management/spinal-cord-stimulator/,https://synergyhealth.org/treatment/spinal-cord-stimulator/,A. Duplicate content - parallel URL structures,Same topic 'spinal-cord-stimulator' live at /specialties/ and /treatment/; keep the URL Google already prefers,High,Live,Live,9,16813,0,2675
https://synergyhealth.org/specialties/spine-back-and-neck/sacroiliac-joint-fusion/,https://synergyhealth.org/treatment/sacroiliac-joint-fusion/,A. Duplicate content - parallel URL structures,Same topic 'sacroiliac-joint-fusion' live at /specialties/ and /treatment/; keep the URL Google already prefers,High,Live,Live,29,16762,0,2905
https://synergyhealth.org/conditions-we-treat/foot-ankle-conditions/mortons-neuroma/,https://synergyhealth.org/conditions/mortons-neuroma/,A. Duplicate content - parallel URL structures,Same topic 'mortons-neuroma' live at /conditions-we-treat/ and /conditions/; keep the URL Google already prefers,High,Live,Live,3,13784,10,2402
https://synergyhealth.org/providers/jeffrey-d-mendelson-md/,https://synergyhealth.org/providers/jeffrey-mendelson-md/,A. Duplicate content - parallel URL structures,Same provider (Jeffrey Mendelson); consolidate to primary profile,High,Live,Live,499,13758,0,5607
https://synergyhealth.org/specialties/occupational-therapy/,https://synergyhealth.org/specialty/occupational-therapy/,A. Duplicate content - parallel URL structures,Same topic 'occupational-therapy' live at /specialties/ and /specialty/; keep the URL Google already prefers,High,Live,Live,35,13161,0,2126
https://synergyhealth.org/specialties/spine-back-and-neck/thoracic-lumbar-decompression/,https://synergyhealth.org/treatment/thoracic-lumbar-decompression/,A. Duplicate content - parallel URL structures,Same topic 'thoracic-lumbar-decompression' live at /specialties/ and /treatment/; keep the URL Google already prefers,High,Live,Live,38,11113,0,2537
https://synergyhealth.org/conditions-we-treat/spine-neck-back-conditions/back-fracture-break/,https://synergyhealth.org/conditions/back-fracture-break/,A. Duplicate content - parallel URL structures,Same topic 'back-fracture-break' live at /conditions-we-treat/ and /conditions/; keep the URL Google already prefers,High,Live,Live,16,10969,0,18481
https://synergyhealth.org/conditions-we-treat/foot-ankle-conditions/bunions/,https://synergyhealth.org/conditions/bunions/,A. Duplicate content - parallel URL structures,Same topic 'bunions' live at /conditions-we-treat/ and /conditions/; keep the URL Google already prefers,High,Live,Live,11,10685,0,1153
https://synergyhealth.org/specialties/hand-upper-extremity/mass-removal/,https://synergyhealth.org/treatment/mass-removal/,A. Duplicate content - parallel URL structures,Same topic 'mass-removal' live at /specialties/ and /treatment/; keep the URL Google already prefers,High,Live,Live,41,6656,4,6887
https://synergyhealth.org/conditions-we-treat/spine-neck-back-conditions/sciatica/,https://synergyhealth.org/conditions/sciatica/,A. Duplicate content - parallel URL structures,Same topic 'sciatica' live at /conditions-we-treat/ and /conditions/; keep the URL Google already prefers,High,Live,Live,4,6478,0,117
https://synergyhealth.org/specialties/hand-upper-extremity/cmc-arthroplasty/,https://synergyhealth.org/treatment/cmc-arthroplasty/,A. Duplicate content - parallel URL structures,Same topic 'cmc-arthroplasty' live at /specialties/ and /treatment/; keep the URL Google already prefers,High,Live,Live,14,6459,0,2647
https://synergyhealth.org/providers/kristina-e-green-dpm/,https://synergyhealth.org/providers/kristina-green-dpm/,A. Duplicate content - parallel URL structures,Same provider (Kristina Green); consolidate to primary profile,High,Live,Live,151,6224,897,2025
https://synergyhealth.org/conditions-we-treat/spine-neck-back-conditions/spinal-stenosis/,https://synergyhealth.org/conditions/spinal-stenosis/,A. Duplicate content - parallel URL structures,Same topic 'spinal-stenosis' live at /conditions-we-treat/ and /conditions/; keep the URL Google already prefers,High,Live,Live,0,5586,0,679
https://synergyhealth.org/providers/anthony-oddo-do/,https://synergyhealth.org/providers/anthony-j-oddo-do/,A. Duplicate content - parallel URL structures,Same provider (Anthony Oddo); consolidate to primary profile,High,Live,Live,165,4290,3357,5605
https://synergyhealth.org/specialties/podiatry/bunionectomy/,https://synergyhealth.org/treatment/bunionectomy/,A. Duplicate content - parallel URL structures,Same topic 'bunionectomy' live at /specialties/ and /treatment/; keep the URL Google already prefers,High,Live,Live,1,3634,0,1278
https://synergyhealth.org/conditions-we-treat/spine-neck-back-conditions/cervical-radiculopathy/,https://synergyhealth.org/conditions/cervical-radiculopathy/,A. Duplicate content - parallel URL structures,Same topic 'cervical-radiculopathy' live at /conditions-we-treat/ and /conditions/; keep the URL Google already prefers,High,Live,Live,0,2354,4,1211
https://synergyhealth.org/conditions-we-treat/spine-neck-back-conditions/spondylolisthesis/,https://synergyhealth.org/conditions/spondylolisthesis/,A. Duplicate content - parallel URL structures,Same topic 'spondylolisthesis' live at /conditions-we-treat/ and /conditions/; keep the URL Google already prefers,High,Live,Live,2,2195,0,1038
https://synergyhealth.org/specialties/pain-management/joint-pain-injections/,https://synergyhealth.org/treatment/joint-pain-injections/,A. Duplicate content - parallel URL structures,Same topic 'joint-pain-injections' live at /specialties/ and /treatment/; keep the URL Google already prefers,High,Live,Live,7,2119,0,2129
https://synergyhealth.org/specialties/spine-back-and-neck/microdiscectomy/,https://synergyhealth.org/treatment/microdiscectomy/,A. Duplicate content - parallel URL structures,Same topic 'microdiscectomy' live at /specialties/ and /treatment/; keep the URL Google already prefers,High,Live,Live,4,1718,0,3669
https://synergyhealth.org/providers/noah-kueber/,https://synergyhealth.org/providers/noah-kueber-pt/,A. Duplicate content - parallel URL structures,Same provider (Noah Kueber); consolidate to primary profile,High,Live,Live,41,738,0,274
https://synergyhealth.org/conditions-we-treat/shoulder/shoulder-arthritis/,https://synergyhealth.org/conditions/shoulder-arthritis/,A. Duplicate content - parallel URL structures,Same topic 'shoulder-arthritis' live at /conditions-we-treat/ and /conditions/; keep the URL Google already prefers,High,Live,Live,0,598,0,1288
https://synergyhealth.org/providers/amy-mazurek-dpt/,https://synergyhealth.org/providers/amy-mazurek-mpt/,A. Duplicate content - parallel URL structures,Same provider (Amy Mazurek); consolidate to primary profile,High,Live,Live,22,567,0,489
https://synergyhealth.org/specialties/podiatry/prp-injections/,https://synergyhealth.org/treatment/prp-injections/,A. Duplicate content - parallel URL structures,Same topic 'prp-injections' live at /specialties/ and /treatment/; keep the URL Google already prefers,High,Live,Live,7,470,47,26923
https://synergyhealth.org/conditions-we-treat/hand-upper-extremity-conditions/trigger-finger/,https://synergyhealth.org/conditions/trigger-finger/,A. Duplicate content - parallel URL structures,Same topic 'trigger-finger' live at /conditions-we-treat/ and /conditions/; keep the URL Google already prefers,High,Live,Live,1,324,7,2915
https://synergyhealth.org/specialties/pain-management/emg/,https://synergyhealth.org/treatment/emg/,A. Duplicate content - parallel URL structures,Same topic 'emg' live at /specialties/ and /treatment/; keep the URL Google already prefers,High,Live,Live,3,174,77,1265
https://synergyhealth.org/specialties/hand-upper-extremity/tendon-repair/,https://synergyhealth.org/treatment/tendon-repair/,A. Duplicate content - parallel URL structures,Same topic 'tendon-repair' live at /specialties/ and /treatment/; keep the URL Google already prefers,High,Live,Live,1,130,53,1151
https://synergyhealth.org/conditions-we-treat/spine-neck-back-conditions/arthritic-back-pain/,https://synergyhealth.org/conditions/arthritic-back-pain/,A. Duplicate content - parallel URL structures,Same topic 'arthritic-back-pain' live at /conditions-we-treat/ and /conditions/; keep the URL Google already prefers,High,Live,Live,0,109,0,993
https://synergyhealth.org/conditions-we-treat/spine-neck-back-conditions/lumbar-stenosis/,https://synergyhealth.org/conditions/lumbar-stenosis/,A. Duplicate content - parallel URL structures,Same topic 'lumbar-stenosis' live at /conditions-we-treat/ and /conditions/; keep the URL Google already prefers,High,Live,Live,0,100,0,341
https://synergyhealth.org/specialties/orthopedic-services/elbow-arthroscopy/,https://synergyhealth.org/treatment/elbow-arthroscopy/,A. Duplicate content - parallel URL structures,Same topic 'elbow-arthroscopy' live at /specialties/ and /treatment/; keep the URL Google already prefers,High,Live,Live,0,74,38,336
https://synergyhealth.org/specialties/hand-upper-extremity/dupuytren-contracture-release/,https://synergyhealth.org/treatment/dupuytren-contracture-release/,A. Duplicate content - parallel URL structures,Same topic 'dupuytren-contracture-release' live at /specialties/ and /treatment/; keep the URL Google already prefers,High,Live,Live,0,71,41,384
https://synergyhealth.org/specialties/podiatry/toe-arthroplasty/,https://synergyhealth.org/treatment/toe-arthroplasty/,A. Duplicate content - parallel URL structures,Same topic 'toe-arthroplasty' live at /specialties/ and /treatment/; keep the URL Google already prefers,High,Live,Live,0,53,0,658
https://synergyhealth.org/conditions-we-treat/shoulder/frozen-shoulder/,https://synergyhealth.org/conditions/frozen-shoulder/,A. Duplicate content - parallel URL structures,Same topic 'frozen-shoulder' live at /conditions-we-treat/ and /conditions/; keep the URL Google already prefers,High,Live,Live,0,40,1,3137
https://synergyhealth.org/specialties/hand-upper-extremity/cubital-tunnel-release/,https://synergyhealth.org/treatment/cubital-tunnel-release/,A. Duplicate content - parallel URL structures,Same topic 'cubital-tunnel-release' live at /specialties/ and /treatment/; keep the URL Google already prefers,High,Live,Live,1,40,0,829
https://synergyhealth.org/conditions-we-treat/spine-neck-back-conditions/herniated-disc/,https://synergyhealth.org/conditions/herniated-disc/,A. Duplicate content - parallel URL structures,Same topic 'herniated-disc' live at /conditions-we-treat/ and /conditions/; keep the URL Google already prefers,High,Live,Live,0,38,3,638
https://synergyhealth.org/conditions-we-treat/hip-conditions/hip-osteoarthritis/,https://synergyhealth.org/conditions/hip-osteoarthritis/,A. Duplicate content - parallel URL structures,Same topic 'hip-osteoarthritis' live at /conditions-we-treat/ and /conditions/; keep the URL Google already prefers,High,Live,Live,0,37,12,128
https://synergyhealth.org/conditions-we-treat/foot-ankle-conditions/plantar-fasciitis/,https://synergyhealth.org/conditions/plantar-fasciitis/,A. Duplicate content - parallel URL structures,Same topic 'plantar-fasciitis' live at /conditions-we-treat/ and /conditions/; keep the URL Google already prefers,High,Live,Live,0,18,6,611
https://synergyhealth.org/specialties/podiatry/ankle-arthroscopy/,https://synergyhealth.org/treatment/ankle-arthroscopy/,A. Duplicate content - parallel URL structures,Same topic 'ankle-arthroscopy' live at /specialties/ and /treatment/; keep the URL Google already prefers,High,Live,Live,0,9,0,3524
https://synergyhealth.org/conditions-we-treat/shoulder/shoulder-dislocation/,https://synergyhealth.org/conditions/shoulder-dislocation/,A. Duplicate content - parallel URL structures,Same topic 'shoulder-dislocation' live at /conditions-we-treat/ and /conditions/; keep the URL Google already prefers,High,Live,Live,0,8,1,3382
https://synergyhealth.org/conditions-we-treat/knee-conditions/patellar-tendinitis/,https://synergyhealth.org/conditions/patellar-tendinitis/,A. Duplicate content - parallel URL structures,Same topic 'patellar-tendinitis' live at /conditions-we-treat/ and /conditions/; keep the URL Google already prefers,High,Live,Live,0,4,0,1028
https://synergyhealth.org/conditions-we-treat/hand-arthritis/,https://synergyhealth.org/conditions/hand-arthritis/,A. Duplicate content - parallel URL structures,Same topic 'hand-arthritis' live at /conditions-we-treat/ and /conditions/; keep the URL Google already prefers,High,Live,Live,0,0,0,4335
https://synergyhealth.org/conditions-we-treat/knee-conditions/knee-bursitis/,https://synergyhealth.org/conditions/knee-bursitis/,A. Duplicate content - parallel URL structures,Same topic 'knee-bursitis' live at /conditions-we-treat/ and /conditions/; keep the URL Google already prefers,High,Live,Live,0,0,0,2322
https://synergyhealth.org/conditions-we-treat/sciatica/,https://synergyhealth.org/conditions/sciatica/,A. Duplicate content - parallel URL structures,Same topic 'sciatica' live at /conditions-we-treat/ and /conditions/; keep the URL Google already prefers,High,Live,Live,0,0,0,117
https://synergyhealth.org/conditions-we-treat/spine-neck-back-conditions/si-joint-pain/,https://synergyhealth.org/conditions/si-joint-pain/,A. Duplicate content - parallel URL structures,Same topic 'si-joint-pain' live at /conditions-we-treat/ and /conditions/; keep the URL Google already prefers,High,Live,Live,0,0,0,422
https://synergyhealth.org/conditions-we-treat/spine/herniated-disc/,https://synergyhealth.org/conditions/herniated-disc/,A. Duplicate content - parallel URL structures,Same topic 'herniated-disc' live at /conditions-we-treat/ and /conditions/; keep the URL Google already prefers,High,Live,Live,0,0,0,638
https://synergyhealth.org/conditions-we-treat/wrist-injuries-fractures/,https://synergyhealth.org/conditions-we-treat/hand-upper-extremity-conditions/wrist-injuries-fractures/,A. Duplicate content - parallel URL structures,Same topic 'wrist-injuries-fractures' live at /conditions-we-treat/ and /conditions-we-treat/; keep the URL Google already prefers,High,Live,Live,0,0,0,0
https://synergyhealth.org/providers/orthopedics/,https://synergyhealth.org/providers/specialty/orthopedics/,A. Duplicate content - parallel URL structures,Same topic 'orthopedics' live at /providers/ and /providers/; keep the URL Google already prefers,High,Live,Live,0,0,0,0
https://synergyhealth.org/providers/orthopedics/david-h-mendelson-md/,https://synergyhealth.org/providers/david-mendelson-md/,A. Duplicate content - parallel URL structures,Same topic 'david-h-mendelson-md' live at /providers/ and /providers/; keep the URL Google already prefers (destination flattened to final URL to avoid a redirect chain),High,Live,Live,0,0,0,0
https://synergyhealth.org/providers/orthopedics/stephen-d-mendelson-md/,https://synergyhealth.org/providers/stephen-mendelson-md/,A. Duplicate content - parallel URL structures,Same topic 'stephen-d-mendelson-md' live at /providers/ and /providers/; keep the URL Google already prefers (destination flattened to final URL to avoid a redirect chain),High,Live,Live,0,0,0,0
https://synergyhealth.org/providers/pain-management/anthony-j-oddo-do/,https://synergyhealth.org/providers/anthony-j-oddo-do/,A. Duplicate content - parallel URL structures,Same topic 'anthony-j-oddo-do' live at /providers/ and /providers/; keep the URL Google already prefers,High,Live,Live,0,0,0,5605
https://synergyhealth.org/providers/physician-assistant/brittany-miller-pa-c/,https://synergyhealth.org/providers/brittany-miller-pa-c/,A. Duplicate content - parallel URL structures,Same topic 'brittany-miller-pa-c' live at /providers/ and /providers/; keep the URL Google already prefers,High,Live,Live,0,0,0,1015
https://synergyhealth.org/providers/physician-assistant/kelley-gray-allen-pa-c/,https://synergyhealth.org/providers/kelley-gray-allen-pa-c/,A. Duplicate content - parallel URL structures,Same topic 'kelley-gray-allen-pa-c' live at /providers/ and /providers/; keep the URL Google already prefers,High,Live,Live,0,0,0,485
https://synergyhealth.org/providers/podiatry/jeffrey-b-klein-dpm/,https://synergyhealth.org/providers/jeffrey-klein-dpm/,A. Duplicate content - parallel URL structures,Same topic 'jeffrey-b-klein-dpm' live at /providers/ and /providers/; keep the URL Google already prefers (destination flattened to final URL to avoid a redirect chain),High,Live,Live,0,0,0,0
https://synergyhealth.org/providers/sue-piotrowski-pt/,https://synergyhealth.org/providers/sue-piotrowski-pta/,A. Duplicate content - parallel URL structures,Same provider (Sue Piotrowski); consolidate to primary profile,High,Live,Live,0,0,0,517
https://synergyhealth.org/specialty/orthopedic-services/livonia/,https://synergyhealth.org/specialties/orthopedic-services/livonia/,A. Duplicate content - parallel URL structures,Same topic 'orthopedic-services::livonia' live at /specialty/ and /specialties/; keep the URL Google already prefers,High,Live,Live,0,0,0,11
https://synergyhealth.org/specialty/orthopedic-services/sterling-heights/,https://synergyhealth.org/specialties/orthopedic-services/sterling-heights/,A. Duplicate content - parallel URL structures,Same topic 'orthopedic-services::sterling-heights' live at /specialty/ and /specialties/; keep the URL Google already prefers,High,Live,Live,0,0,0,0
https://synergyhealth.org/providers/dr-hainish-singh-md/,https://synergyhealth.org/providers/hainish-singh-md/,B. Dead URL (404) - live equivalent exists,Same provider (Hainish Singh); consolidate to primary profile,High,404 - removed,Live,412,11855,327,3165
https://synergyhealth.org/specialties/spine-neck-back/,https://synergyhealth.org/specialty/spine-neck-back/,B. Dead URL (404) - live equivalent exists,404 page; live equivalent for 'spine-neck-back',High,Unknown,Live,0,1,0,4296
https://synergyhealth.org/conditions-we-treat/spine-neck-back-conditions/degenerative-disc-disease/,https://synergyhealth.org/conditions/degenerative-disc-disease/,B. Dead URL (404) - live equivalent exists,404 page; live equivalent for 'degenerative-disc-disease',High,404 - removed,Live,0,0,0,255
https://synergyhealth.org/conditions-we-treat/spine-neck-back-conditions/scoliosis/,https://synergyhealth.org/conditions/scoliosis/,B. Dead URL (404) - live equivalent exists,404 page; live equivalent for 'scoliosis',High,404 - removed,Live,0,0,0,433
https://synergyhealth.org/conditions-we-treat/spine-neck-back/arthritic-back-pain/,https://synergyhealth.org/conditions/arthritic-back-pain/,B. Dead URL (404) - live equivalent exists,404 page; live equivalent for 'arthritic-back-pain',High,404 - removed,Live,0,0,0,993
https://synergyhealth.org/our-providers/david-mendelson-md/,https://synergyhealth.org/providers/david-mendelson-md/,B. Dead URL (404) - live equivalent exists,404 page; live equivalent for 'david-mendelson-md',High,404 - removed,Live,0,0,0,14360
https://synergyhealth.org/our-providers/goo/,https://synergyhealth.org/providers/,B. Dead URL (404) - live equivalent exists,Junk slug under legacy provider structure,High,404 - removed,Live,0,0,0,17086
https://synergyhealth.org/our-providers/spine/andres-munk-md/,https://synergyhealth.org/providers/andres-munk-md/,B. Dead URL (404) - live equivalent exists,404 page; live equivalent for 'andres-munk-md',High,404 - removed,Live,0,0,0,2246
https://synergyhealth.org/providers/jeffrey-r-mendelson-md/,https://synergyhealth.org/providers/jeffrey-mendelson-md/,B. Dead URL (404) - live equivalent exists,Same provider (Jeffrey Mendelson); consolidate to primary profile,High,404 - removed,Live,0,0,0,5607
https://synergyhealth.org/providers/kyle-bohm-md/null/,https://synergyhealth.org/providers/kyle-bohm-md/,B. Dead URL (404) - live equivalent exists,Malformed '/null/' child of live profile,High,404 - removed,Live,0,0,0,11459
https://synergyhealth.org/providers/stephen-e-mendelson-md/,https://synergyhealth.org/providers/stephen-mendelson-md/,B. Dead URL (404) - live equivalent exists,Same provider (Stephen Mendelson); consolidate to primary profile,High,404 - removed,Live,0,0,0,9497
https://synergyhealth.org/specialties/locations/livonia-orthopedics/,https://synergyhealth.org/specialties/orthopedic-services/livonia/,B. Dead URL (404) - live equivalent exists,Legacy location sub-brand; live Livonia orthopedics landing exists (destination flattened to final URL to avoid a redirect chain),High,404 - removed,Live,0,0,0,0
https://synergyhealth.org/specialties/locations/warren-orthopedics/directions/,https://synergyhealth.org/specialties/locations/livonia-orthopedics/directions/,B. Dead URL (404) - live equivalent exists,404 page; live equivalent for 'directions',High,404 - removed,Live,0,0,0,0
https://synergyhealth.org/specialties/orthopedic-services/southfield/,https://synergyhealth.org/specialty/orthopedic-services/southfield/,B. Dead URL (404) - live equivalent exists,404 page; live equivalent for 'orthopedic-services::southfield',High,404 - removed,Live,0,0,0,0
https://synergyhealth.org/specialties/specialties/pain-management/,https://synergyhealth.org/treatment/pain-management/,B. Dead URL (404) - live equivalent exists,404 page; live equivalent for 'pain-management',High,404 - removed,Live,0,0,0,9226
https://synergyhealth.org/specialties/spine-back-and-neck-old/disc-arthroplasty/,https://synergyhealth.org/specialties/spine-back-and-neck/disc-arthroplasty/,B. Dead URL (404) - live equivalent exists,404 page; live equivalent for 'disc-arthroplasty',High,404 - removed,Live,0,0,0,96
https://synergyhealth.org/specialties/spine-back-and-neck/lumbar-fusion/,https://synergyhealth.org/specialties/spine-back-and-neck-old/lumbar-fusion/,B. Dead URL (404) - live equivalent exists,404 page; live equivalent for 'lumbar-fusion',High,404 - removed,Live,0,0,0,0
https://synergyhealth.org/specialties/spine-back-and-neck/lumbar-laminectomy-2/,https://synergyhealth.org/treatment/lumbar-laminectomy/,B. Dead URL (404) - live equivalent exists,404 page; live equivalent for 'lumbar-laminectomy',High,404 - removed,Live,0,0,0,2271
https://synergyhealth.org/specialties/spine-back-and-neck/thoracic-lumbar-decompression-surgery/,https://synergyhealth.org/treatment/thoracic-lumbar-decompression/,B. Dead URL (404) - live equivalent exists,Same page without '-surgery' suffix is live (destination flattened to final URL to avoid a redirect chain),High,404 - removed,Live,0,0,0,0
https://synergyhealth.org/specialty/hand-upper-extremity/livonia/,https://synergyhealth.org/specialties/hand-upper-extremity/livonia/,B. Dead URL (404) - live equivalent exists,404 page; live equivalent for 'hand-upper-extremity::livonia',High,404 - removed,Live,0,0,0,0
https://synergyhealth.org/specialty/orthopedics/,https://synergyhealth.org/specialty/orthopedic-services/,B. Dead URL (404) - live equivalent exists,404 (Cardinal sitemap list); live orthopedics landing exists in same structure,High,404 - removed,Live,0,0,0,4637
https://synergyhealth.org/specialty/pain-management/,https://synergyhealth.org/specialties/pain-management/,B. Dead URL (404) - live equivalent exists,404 page; live equivalent for 'pain-management',High,404 - removed,Live,0,0,0,2
https://synergyhealth.org/specialty/pain-management/ketamine-infusion/,https://synergyhealth.org/specialties/pain-management/ketamine-infusion/,B. Dead URL (404) - live equivalent exists,404 page; live equivalent for 'ketamine-infusion',High,404 - removed,Live,0,0,0,0
https://synergyhealth.org/specialty/spine-back-and-neck/port-huron-spine-neck-pain-dr-andres-munk/,https://synergyhealth.org/specialties/spine-back-and-neck/port-huron-spine-neck-pain-dr-andres-munk/,B. Dead URL (404) - live equivalent exists,404 page; live equivalent for 'port-huron-spine-neck-pain-dr-andres-munk',High,404 - removed,Live,0,0,0,150
https://synergyhealth.org/treatments/,https://synergyhealth.org/treatment/,B. Dead URL (404) - live equivalent exists,Dead treatments index in sitemap (Cardinal 404 list); live /treatment/ hub exists,High,404 - removed,Live,0,0,0,1691
https://synergyhealth.org/providers/rasheed-abiola-md/,https://synergyhealth.org/providers/,C. Dead URL (404) - departed provider,Departed provider; no specialty in URL - route to provider hub (still earning impressions - confirm specialty for a closer destination),Review,404 - removed,Live,184,2695,0,17086
https://synergyhealth.org/providers/anna-babushkina-md/,https://synergyhealth.org/providers/,C. Dead URL (404) - departed provider,Departed provider; no specialty in URL - route to provider hub (still earning impressions - confirm specialty for a closer destination),Review,404 - removed,Live,2,1015,183,17086
https://synergyhealth.org/providers/gerald-jerry-md/,https://synergyhealth.org/providers/,C. Dead URL (404) - departed provider,Departed provider; no specialty in URL - route to provider hub (still earning impressions - confirm specialty for a closer destination),Review,404 - removed,Live,10,740,0,17086
https://synergyhealth.org/providers/anna-krinke-pt-dpt/,https://synergyhealth.org/providers/,C. Dead URL (404) - departed provider,Departed provider; no specialty in URL - route to provider hub (still earning impressions - confirm specialty for a closer destination),Review,404 - removed,Live,7,244,0,17086
https://synergyhealth.org/providers/m-wednesday-hall-do/,https://synergyhealth.org/providers/,C. Dead URL (404) - departed provider,Departed provider; no specialty in URL - route to provider hub (still earning impressions - confirm specialty for a closer destination),Review,404 - removed,Live,5,190,0,17086
https://synergyhealth.org/providers/terry-viviani-dc/,https://synergyhealth.org/providers/,C. Dead URL (404) - departed provider,Departed provider; no specialty in URL - route to provider hub,High,404 - removed,Live,1,15,0,17086
https://synergyhealth.org/our-providers/orthopedics/herbert-mendelson-md/,https://synergyhealth.org/providers/specialty/orthopedics/,C. Dead URL (404) - departed provider,Departed provider; route to live orthopedics provider directory,High,404 - removed,Live,0,0,0,0
https://synergyhealth.org/our-providers/orthopedics/katie-rashid-sports-medicine/,https://synergyhealth.org/providers/specialty/sports/,C. Dead URL (404) - departed provider,Departed sports-medicine provider; route to sports provider directory,High,404 - removed,Live,0,0,0,0
https://synergyhealth.org/our-providers/pain-management/daniel-feldman-md/,https://synergyhealth.org/providers/specialty/pain-management/,C. Dead URL (404) - departed provider,Departed provider; route to live pain-management provider directory,High,404 - removed,Live,0,0,0,0
https://synergyhealth.org/our-providers/pain-management/jason-mulawa-md/,https://synergyhealth.org/providers/specialty/pain-management/,C. Dead URL (404) - departed provider,Departed provider; route to live pain-management provider directory,High,404 - removed,Live,0,0,0,0
https://synergyhealth.org/our-providers/podiatry/deepali-darji-podiatrist/,https://synergyhealth.org/providers/specialty/foot-ankle/,C. Dead URL (404) - departed provider,Departed provider; route to live podiatry provider directory,High,404 - removed,Live,0,0,0,0
https://synergyhealth.org/our-providers/rheumatology/shironda-stewart-md/,https://synergyhealth.org/providers/,C. Dead URL (404) - departed provider,Departed provider; route to live rheumatology provider directory,High,404 - removed,Live,0,0,0,17086
https://synergyhealth.org/our-providers/spine/joel-phillips-md/,https://synergyhealth.org/providers/specialty/spine/,C. Dead URL (404) - departed provider,Departed spine provider; route to live spine provider directory,High,404 - removed,Live,0,0,0,0
https://synergyhealth.org/our-providers/spine/martin-b-kornblum-md/,https://synergyhealth.org/providers/specialty/spine/,C. Dead URL (404) - departed provider,Departed spine provider; route to live spine provider directory,High,404 - removed,Live,0,0,0,0
https://synergyhealth.org/providers/brian-fiani-do-facos/,https://synergyhealth.org/providers/specialty/spine/,C. Dead URL (404) - departed provider,Departed spine provider; route to live spine provider directory,High,404 - removed,Live,0,0,0,0
https://synergyhealth.org/providers/chelsea-schoenmaker-pa-c/,https://synergyhealth.org/providers/,C. Dead URL (404) - departed provider,Departed provider; no specialty in URL - route to provider hub,High,404 - removed,Live,0,0,0,17086
https://synergyhealth.org/providers/courtney-watson-pa-c/,https://synergyhealth.org/providers/,C. Dead URL (404) - departed provider,Departed provider; no specialty in URL - route to provider hub,High,404 - removed,Live,0,0,0,17086
https://synergyhealth.org/providers/kellyn-chapman-pa-c/,https://synergyhealth.org/providers/,C. Dead URL (404) - departed provider,Departed provider; no specialty in URL - route to provider hub,High,404 - removed,Live,0,0,0,17086
https://synergyhealth.org/providers/martin-j-kornblum-md/,https://synergyhealth.org/providers/specialty/spine/,C. Dead URL (404) - departed provider,Departed spine provider; route to live spine provider directory,High,404 - removed,Live,0,0,0,0
https://synergyhealth.org/providers/martin-kornblum-md/,https://synergyhealth.org/providers/specialty/spine/,C. Dead URL (404) - departed provider,Departed spine provider; route to live spine provider directory,High,404 - removed,Live,0,0,0,0
https://synergyhealth.org/providers/orthopedics/emily-ren-md/,https://synergyhealth.org/providers/specialty/orthopedics/,C. Dead URL (404) - departed provider,Departed provider; route to live orthopedics provider directory,High,404 - removed,Live,0,0,0,0
https://synergyhealth.org/providers/orthopedics/herbert-mendelson-md/,https://synergyhealth.org/providers/specialty/orthopedics/,C. Dead URL (404) - departed provider,Departed provider; route to live orthopedics provider directory,High,404 - removed,Live,0,0,0,0
https://synergyhealth.org/providers/orthopedics/katie-rashid-sports-medicine/,https://synergyhealth.org/providers/specialty/sports/,C. Dead URL (404) - departed provider,Departed sports-medicine provider; route to sports provider directory,High,404 - removed,Live,0,0,0,0
https://synergyhealth.org/providers/orthopedics/peter-lasater-md/,https://synergyhealth.org/providers/specialty/orthopedics/,C. Dead URL (404) - departed provider,Departed provider; route to live orthopedics provider directory,High,404 - removed,Live,0,0,0,0
https://synergyhealth.org/providers/pain-management/daniel-feldman-md/,https://synergyhealth.org/providers/specialty/pain-management/,C. Dead URL (404) - departed provider,Departed provider; route to live pain-management provider directory,High,404 - removed,Live,0,0,0,0
https://synergyhealth.org/providers/pain-management/jason-mulawa-md/,https://synergyhealth.org/providers/specialty/pain-management/,C. Dead URL (404) - departed provider,Departed provider; route to live pain-management provider directory,High,404 - removed,Live,0,0,0,0
https://synergyhealth.org/providers/pain-management/m-wednesday-hall-do/,https://synergyhealth.org/providers/specialty/pain-management/,C. Dead URL (404) - departed provider,Departed provider; route to live pain-management provider directory,High,404 - removed,Live,0,0,0,0
https://synergyhealth.org/providers/physician-assistant/bradley-coon-pa-c/,https://synergyhealth.org/providers/physician-assistant/,C. Dead URL (404) - departed provider,Departed provider; route to live physician-assistant provider directory,High,404 - removed,Live,0,0,0,0
https://synergyhealth.org/providers/physician-assistant/courtney-watson-pa-c/,https://synergyhealth.org/providers/physician-assistant/,C. Dead URL (404) - departed provider,Departed provider; route to live physician-assistant provider directory,High,404 - removed,Live,0,0,0,0
https://synergyhealth.org/providers/physician-assistant/jamie-amster-pa-c/,https://synergyhealth.org/providers/physician-assistant/,C. Dead URL (404) - departed provider,Departed provider; route to live physician-assistant provider directory,High,404 - removed,Live,0,0,0,0
https://synergyhealth.org/providers/physician-assistant/natalie-arnold-pa-c/,https://synergyhealth.org/providers/physician-assistant/,C. Dead URL (404) - departed provider,Departed provider; route to live physician-assistant provider directory,High,404 - removed,Live,0,0,0,0
https://synergyhealth.org/providers/physician-assistant/sarah-havens-pa-c/,https://synergyhealth.org/providers/physician-assistant/,C. Dead URL (404) - departed provider,Departed provider; route to live physician-assistant provider directory,High,404 - removed,Live,0,0,0,0
https://synergyhealth.org/providers/rebecca-oros-pta-lmt/,https://synergyhealth.org/providers/,C. Dead URL (404) - departed provider,Departed provider; no specialty in URL - route to provider hub,High,404 - removed,Live,0,0,0,17086
https://synergyhealth.org/providers/rheumatology/shironda-stewart-md/,https://synergyhealth.org/providers/,C. Dead URL (404) - departed provider,Departed provider; route to live rheumatology provider directory,High,404 - removed,Live,0,0,0,17086
https://synergyhealth.org/providers/spine/joel-phillips-md/,https://synergyhealth.org/providers/specialty/spine/,C. Dead URL (404) - departed provider,Departed spine provider; route to live spine provider directory,High,404 - removed,Live,0,0,0,0
https://synergyhealth.org/conditions-we-treat/foot-ankle-conditions/sprained-ankle/,https://synergyhealth.org/conditions-we-treat/foot-ankle-conditions/ankle-sprain/,D. Dead URL (404) - topical fallback,Renamed slug; live ankle sprain page,Review,404 - removed,outside inventory - verify live,0,0,0,
https://synergyhealth.org/specialties/hand-upper-extremity/sterling-heights/null/,https://synergyhealth.org/specialty/hand-wrist/sterling-heights/,D. Dead URL (404) - topical fallback,Malformed '/null/' path; live hand & wrist Sterling Heights landing,Review,404 - removed,Live,0,0,0,0
https://synergyhealth.org/specialties/locations/livonia-orthopedics/contact-us/,https://synergyhealth.org/specialties/orthopedic-services/livonia/,D. Dead URL (404) - topical fallback,Child of legacy location sub-brand (destination flattened to final URL to avoid a redirect chain),Review,404 - removed,Live,0,0,0,0
https://synergyhealth.org/specialties/locations/livonia-orthopedics/insurance-plans/,https://synergyhealth.org/specialties/orthopedic-services/livonia/,D. Dead URL (404) - topical fallback,Child of legacy location sub-brand (destination flattened to final URL to avoid a redirect chain),Review,404 - removed,Live,0,0,0,0
https://synergyhealth.org/specialties/locations/warren-orthopedics/,https://synergyhealth.org/specialty/orthopedic-services/,D. Dead URL (404) - topical fallback,No Warren location page found in GSC/GA4 - confirm whether Warren clinic still operates,Review,404 - removed,Live,0,0,0,4637
https://synergyhealth.org/specialties/locations/warren-orthopedics/contact-us/,https://synergyhealth.org/specialty/orthopedic-services/,D. Dead URL (404) - topical fallback,Child of legacy Warren sub-brand,Review,404 - removed,Live,0,0,0,4637
https://synergyhealth.org/specialties/locations/warren-orthopedics/insurance-plans/,https://synergyhealth.org/specialty/orthopedic-services/,D. Dead URL (404) - topical fallback,Child of legacy Warren sub-brand,Review,404 - removed,Live,0,0,0,4637
https://synergyhealth.org/specialties/occupational-therapy/skilled-manual-therapy/,https://synergyhealth.org/specialty/occupational-therapy/,D. Dead URL (404) - topical fallback,Removed OT sub-page; OT hub (destination flattened to final URL to avoid a redirect chain),Review,404 - removed,Live,0,0,0,0
https://synergyhealth.org/specialties/pain-management/non-opioid-surgery/,https://synergyhealth.org/specialties/pain-management/,D. Dead URL (404) - topical fallback,Removed pain sub-page; pain management hub,Review,404 - removed,Live,0,0,0,2
https://synergyhealth.org/specialties/physical-therapy/muscle-joint-pain/,https://synergyhealth.org/specialty/physical-therapy/,D. Dead URL (404) - topical fallback,Removed PT sub-page; PT hub (destination flattened to final URL to avoid a redirect chain),Review,404 - removed,Live,0,0,0,0
https://synergyhealth.org/specialties/physicians/,https://synergyhealth.org/providers/,D. Dead URL (404) - topical fallback,Removed physicians listing; provider hub,Review,404 - removed,Live,0,0,0,17086
https://synergyhealth.org/specialties/rheumatology/,https://synergyhealth.org/providers/,D. Dead URL (404) - topical fallback,Rheumatology line no longer on site (Dr. Stewart departed); no topical home left - confirm service discontinued,Review,404 - removed,Live,0,0,0,17086
https://synergyhealth.org/specialties/specialties/back-neck-spine/,https://synergyhealth.org/specialty/spine-neck-back/,D. Dead URL (404) - topical fallback,Malformed doubled path; spine line landing is the topical home,Review,404 - removed,Live,0,0,0,4296
https://synergyhealth.org/specialties/specialties/orthopedics-sports-medicine-2/,https://synergyhealth.org/specialty/orthopedic-services/,D. Dead URL (404) - topical fallback,Malformed doubled path from old build; orthopedics line landing is the topical home,Review,404 - removed,Live,0,0,0,0
https://synergyhealth.org/specialties/specialties/orthopedics-sports-medicine/,https://synergyhealth.org/specialty/orthopedic-services/,D. Dead URL (404) - topical fallback,Malformed doubled path from old build; orthopedics line landing is the topical home,Review,404 - removed,Live,0,0,0,0
https://synergyhealth.org/specialties/spine-back-and-neck-old/lumbar-stenosis/,https://synergyhealth.org/conditions/lumbar-stenosis/,D. Dead URL (404) - topical fallback,'-old' structure remnant; live lumbar stenosis condition page,Review,404 - removed,Live,0,0,0,341
https://synergyhealth.org/specialties/spine-back-and-neck/anterior-cervical-disc-replacement/,https://synergyhealth.org/treatment/disc-replacement-surgery/,D. Dead URL (404) - topical fallback,Removed procedure page; disc replacement content lives at /treatment/,Review,404 - removed,Live,0,0,0,197
https://synergyhealth.org/specialties/spine-back-and-neck/anterior-lumbar-interbody-fusion/,https://synergyhealth.org/treatment/lumbar-cervical-fusion/,D. Dead URL (404) - topical fallback,Removed ALIF page; closest live fusion page,Review,404 - removed,Live,0,0,0,1897
https://synergyhealth.org/specialties/spine-back-and-neck/laminoplasty/,https://synergyhealth.org/specialties/spine-back-and-neck/cervical-laminectomy/,D. Dead URL (404) - topical fallback,Laminoplasty page removed; cervical laminectomy is nearest live procedure,Review,404 - removed,Live,0,0,0,0
https://synergyhealth.org/specialties/spine-back-and-neck/spinal-deformity-surgery/,https://synergyhealth.org/specialties/spine-back-and-neck/minimally-invasive-spine-surgery/,D. Dead URL (404) - topical fallback,Deformity page removed; nearest live spine-surgery page (Dr. Varghese's deformity focus could justify a rebuilt page instead),Review,404 - removed,Live,0,0,0,0
https://synergyhealth.org/specialties/spine-back-and-neck/spinal-fusion/,https://synergyhealth.org/treatment/lumbar-cervical-fusion/,D. Dead URL (404) - topical fallback,Removed generic fusion page; closest live fusion page,Review,404 - removed,Live,0,0,0,1897
https://synergyhealth.org/specialties/synergy-health-partners-orthopedic-urgent-care-livonia/,https://synergyhealth.org/orthopedic-urgent-care/,D. Dead URL (404) - topical fallback,Urgent-care page moved to root URL (verify live - outside this inventory),Review,404 - removed,outside inventory - verify live,0,0,0,
https://synergyhealth.org/specialty/synergy-health-partners-orthopedic-urgent-care-livonia/,https://synergyhealth.org/orthopedic-urgent-care/,D. Dead URL (404) - topical fallback,Urgent-care page moved to root URL (verify live - outside this inventory),Review,404 - removed,outside inventory - verify live,0,0,0,
https://synergyhealth.org/our-providers/,https://synergyhealth.org/providers/,E. Structure/index consolidation (governance decision),Legacy provider index still getting 15.9k GA4 views/yr from internal/GBP links; current hub is /providers/,High,Live,Live,393,118271,0,17086
https://synergyhealth.org/conditions-we-treat/,https://synergyhealth.org/conditions/,E. Structure/index consolidation (governance decision),Index-level structure decision: Google now sends ~99% of conditions impressions to /conditions/ URLs; detail pages move via area A first,Review,Live,Live,15,15055,0,1428
https://synergyhealth.org/specialty/,https://synergyhealth.org/specialties/,E. Structure/index consolidation (governance decision),Two live specialty indexes; pick one canonical index as part of taxonomy governance,Review,Live,Live,1,358,190,0
https://synergyhealth.org/treatment-type/non-surgical/,https://synergyhealth.org/treatment/,E. Structure/index consolidation (governance decision),WordPress taxonomy archive competing with the treatment hub,Review,Live,Live,0,266,266,1691
https://synergyhealth.org/treatment-type/surgical/,https://synergyhealth.org/treatment/,E. Structure/index consolidation (governance decision),"WordPress taxonomy archive competing with the treatment hub (372 imp/90d, 0 clicks)",Review,Live,Live,0,109,106,1691
