Listing Name,Review Requests %,Link,Place ID,Scrape Date
"Alice Mendelson, M.D. (SHP: Livonia)",1,https://search.google.com/local/reviews?placeid=ChIJRXCdkhraJIgRgvA_knxiutU,ChIJRXCdkhraJIgRgvA_knxiutU,2026-07-22
"Andres Munk, M.D. (SHP Clinic: Port Huron)",0.235,https://search.google.com/local/reviews?placeid=ChIJNQFTJx2dJYgR5lLo67wLC6Y,ChIJNQFTJx2dJYgR5lLo67wLC6Y,2026-07-21
"Andres Munk, M.D. (SHP: Sterling Heights)",0.715,https://search.google.com/local/reviews?placeid=ChIJJ5HHRP3bJIgRLPsNS08Eey8,ChIJJ5HHRP3bJIgRLPsNS08Eey8,2026-07-22
"Anthony Oddo, D.O. (SHP: Livonia)",0.4423,https://search.google.com/local/reviews?placeid=ChIJ71VxhpKyJIgRodWa4XsaX9s,ChIJ71VxhpKyJIgRodWa4XsaX9s,2026-07-22
"Anthony Oddo, D.O. (SHP: Sterling Heights)",0.5202,https://search.google.com/local/reviews?placeid=ChIJRXCdkhraJIgRdcGEaPkdhAg,ChIJRXCdkhraJIgRdcGEaPkdhAg,2026-07-22
"Ben Mayo, M.D. (SHP Clinic: Troy)",0.073,https://search.google.com/local/reviews?placeid=ChIJZWYp7u3DJIgR2Ns7f_x-z9s,ChIJZWYp7u3DJIgR2Ns7f_x-z9s,2026-07-22
"Ben Mayo, M.D. (SHP: Livonia)",0.6318,https://search.google.com/local/reviews?placeid=ChIJsza5JQazJIgR11tLvxJw9IY,ChIJsza5JQazJIgR11tLvxJw9IY,2026-07-22
"Ben Mayo, M.D. (SHP: Sterling Heights)",0.2952,https://search.google.com/local/reviews?placeid=ChIJazHBPerbJIgR3KYkcQX_qbk,ChIJazHBPerbJIgR3KYkcQX_qbk,2026-07-22
"Brian Kassa, D.O. (SHP: Sterling Heights)",0.8245,https://search.google.com/local/reviews?placeid=ChIJ55u1XnDbJIgRG9Y9Jedt4Mg,ChIJ55u1XnDbJIgRG9Y9Jedt4Mg,2026-07-22
"David Mendelson, M.D. (SHP: Livonia)",0.5271,https://search.google.com/local/reviews?placeid=ChIJKZX9vI2yJIgR7f82nWo1gcs,ChIJKZX9vI2yJIgR7f82nWo1gcs,2026-07-22
"David Mendelson, M.D. (SHP: Sterling Heights)",0.4729,https://search.google.com/local/reviews?placeid=ChIJRXCdkhraJIgRyj0q78GV3Zk,ChIJRXCdkhraJIgRyj0q78GV3Zk,2026-07-22
"Hanish Singh, M.D. (SHP: Livonia)",0.8621,https://search.google.com/local/reviews?placeid=ChIJv6qelHevJIgRQddw7ChaGm0,ChIJv6qelHevJIgRQddw7ChaGm0,2026-07-22
"Jeffrey Klein, D.P.M. (SHP: Livonia)",0.5953,https://search.google.com/local/reviews?placeid=ChIJGRurSYyyJIgRBBu5p4kazo8,ChIJGRurSYyyJIgRBBu5p4kazo8,2026-07-22
"Jeffrey Klein, D.P.M. (SHP: Sterling Heights)",0.4047,https://search.google.com/local/reviews?placeid=ChIJRXCdkhraJIgR3nwwf0zCzeM,ChIJRXCdkhraJIgR3nwwf0zCzeM,2026-07-21
"Jeffrey Mendelson, M.D. (SHP: Livonia)",0.3805,https://search.google.com/local/reviews?placeid=ChIJJVZxhpKyJIgRy0txszibm08,ChIJJVZxhpKyJIgRy0txszibm08,2026-07-22
"Jeffrey Mendelson, M.D. (SHP: Sterling Heights)",0.6195,https://search.google.com/local/reviews?placeid=ChIJRXCdkhraJIgRUW7iH0nxHCc,ChIJRXCdkhraJIgRUW7iH0nxHCc,2026-07-22
"Jeffrey Varghese, M.D. (SHP: Livonia)",0.3438,https://search.google.com/local/reviews?placeid=ChIJ6RZ1UMizJIgRTPpjvQibjXw,ChIJ6RZ1UMizJIgRTPpjvQibjXw,2026-07-22
"Jeffrey Varghese, M.D. (SHP: Sterling Heights)",0.6563,https://search.google.com/local/reviews?placeid=ChIJPaZ9HrPbJIgR7cofjS00v4s,ChIJPaZ9HrPbJIgR7cofjS00v4s,2026-07-22
"Joseph Maslak, M.D. (SHP: Livonia)",0.53,https://search.google.com/local/reviews?placeid=ChIJSwBOkSWzJIgRbwIMzKsNCd8,ChIJSwBOkSWzJIgRbwIMzKsNCd8,2026-07-21
"Joseph Maslak, M.D. (SHP: Sterling Heights)",0.47,https://search.google.com/local/reviews?placeid=ChIJ8afDlD3bJIgR61DYkyEXAZQ,ChIJ8afDlD3bJIgR61DYkyEXAZQ,2026-07-22
"Joseph Yacisen, D.O. (SHP Clinic: Port Huron)",0.3113,https://search.google.com/local/reviews?placeid=ChIJk7KZCvidJYgRGdMZvkX7Ro4,ChIJk7KZCvidJYgRGdMZvkX7Ro4,2026-07-22
"Joseph Yacisen, D.O. (SHP: Sterling Heights)",0.6887,https://search.google.com/local/reviews?placeid=ChIJCfG0nq_bJIgRpC1fw9YFu5M,ChIJCfG0nq_bJIgRpC1fw9YFu5M,2026-07-21
"Kevin Lee, M.D. (SHP Clinic: Southfield)",0.222,https://search.google.com/local/reviews?placeid=ChIJG_wVwLe3JIgRTflOqC8QXqM,ChIJG_wVwLe3JIgRTflOqC8QXqM,2026-07-22
"Kevin Lee, M.D. (SHP: Livonia)",0.778,https://search.google.com/local/reviews?placeid=ChIJLXJDgjyzJIgR14gbw14b66M,ChIJLXJDgjyzJIgR14gbw14b66M,2026-07-22
"Kevin Lee, M.D. (SHP: Sterling Heights)",-,https://search.google.com/local/reviews?placeid=ChIJi_Q0Vn7bJIgRpVLs853R8XA,ChIJi_Q0Vn7bJIgRpVLs853R8XA,2026-07-22
"Kevin Sorensen, D.P.M. (SHP Clinic: Southfield)",0.9121,https://search.google.com/local/reviews?placeid=ChIJRTfWHBG3JIgRmL6nzgYjQTY,ChIJRTfWHBG3JIgRmL6nzgYjQTY,2026-07-22
"Kristina Green, D.P.M. (SHP Clinic: Southfield)",0.5651,https://search.google.com/local/reviews?placeid=ChIJaYeRTx23JIgRvFyS3WLl_xA,ChIJaYeRTx23JIgRvFyS3WLl_xA,2026-07-22
"Kyle Bohm, M.D. (SHP: Livonia)",0.6091,https://search.google.com/local/reviews?placeid=ChIJG7AzuYuyJIgRrTLstnw4Za8,ChIJG7AzuYuyJIgRrTLstnw4Za8,2026-07-22
"Kyle Bohm, M.D. (SHP: Sterling Heights)",0.3909,https://search.google.com/local/reviews?placeid=ChIJQeUtbhDaJIgRzjZQXqfSnBU,ChIJQeUtbhDaJIgRzjZQXqfSnBU,2026-07-21
"Mohamed Salar, M.D. (SHP: Livonia)",0.5521,https://search.google.com/local/reviews?placeid=ChIJF_I35MWzJIgRTaOEg4SWFas,ChIJF_I35MWzJIgRTaOEg4SWFas,2026-07-22
"Mohamed Salar, M.D. (SHP: Sterling Heights)",0.4453,https://search.google.com/local/reviews?placeid=ChIJ9aC3uubbJIgRc3d7s8F9pL0,ChIJ9aC3uubbJIgRc3d7s8F9pL0,2026-07-22
"Preetinder Bhullar, M.D. (SHP Clinic: Southfield)",0.1416,https://search.google.com/local/reviews?placeid=ChIJUYQNsjK3JIgRoBVwOtTZ6dw,ChIJUYQNsjK3JIgRoBVwOtTZ6dw,2026-07-22
"Preetinder Bhullar, M.D. (SHP: Livonia)",0.7292,https://search.google.com/local/reviews?placeid=ChIJuz29SxmzJIgRqQZukK-gepw,ChIJuz29SxmzJIgRqQZukK-gepw,2026-07-22
"Preetinder Bhullar, M.D. (SHP: Sterling Heights)",0.1292,https://search.google.com/local/reviews?placeid=ChIJN0EIaoPbJIgRMmhvlzoZG00,ChIJN0EIaoPbJIgRMmhvlzoZG00,2026-07-22
"Randy Leff, D.P.M. (SHP Clinic: Southfield)",0.9991,https://search.google.com/local/reviews?placeid=ChIJM8Sf_YS3JIgRMLKjyYy1TSU,ChIJM8Sf_YS3JIgRMLKjyYy1TSU,2026-07-22
"Scott McCarty, M.D. (SHP Clinic: Southfield)",0.0463,https://search.google.com/local/reviews?placeid=ChIJeZL497O3JIgRQvuqcowQU_U,ChIJeZL497O3JIgRQvuqcowQU_U,2026-07-22
"Scott McCarty, M.D. (SHP: Livonia)",0.6825,https://search.google.com/local/reviews?placeid=ChIJkYbXZ3izJIgRXT99t0BFblc,ChIJkYbXZ3izJIgRXT99t0BFblc,2026-07-22
"Scott McCarty, M.D. (SHP: Sterling Heights)",0.2712,https://search.google.com/local/reviews?placeid=ChIJ90iLHOLbJIgRJUtYz-ynVJY,ChIJ90iLHOLbJIgRJUtYz-ynVJY,2026-07-22
"Stephen Mendelson, M.D. (SHP: Livonia)",0.4495,https://search.google.com/local/reviews?placeid=ChIJJVZxhpKyJIgRd2TcUQ2Q65E,ChIJJVZxhpKyJIgRd2TcUQ2Q65E,2026-07-21
"Stephen Mendelson, M.D. (SHP: Sterling Heights)",0.5505,https://search.google.com/local/reviews?placeid=ChIJRXCdkhraJIgRB4EVnXfB8Z4,ChIJRXCdkhraJIgRB4EVnXfB8Z4,2026-07-22
"Tony Abood, D.O. (SHP: Livonia)",0.4433,https://search.google.com/local/reviews?placeid=ChIJYbKLBSuzJIgRYoSZDqXpn0g,ChIJYbKLBSuzJIgRYoSZDqXpn0g,2026-07-22
"Tony Abood, D.O. (SHP: Sterling Heights)",0.4992,https://search.google.com/local/reviews?placeid=ChIJB9pfI3jbJIgRCrksKOhoeBQ,ChIJB9pfI3jbJIgRCrksKOhoeBQ,2026-07-22
SHP Clinic: Port Huron,0.0163,https://search.google.com/local/reviews?placeid=ChIJgbd68-mdJYgRjj5TYZ2SEIQ,ChIJgbd68-mdJYgRjj5TYZ2SEIQ,2026-07-21
SHP Clinic: Southfield,0.1278,https://search.google.com/local/reviews?placeid=ChIJwTae_YS3JIgRKm3iqM8HoNE,ChIJwTae_YS3JIgRKm3iqM8HoNE,2026-07-22
SHP Clinic: Troy,0.0077,,,-
SHP Physical Therapy: Sterling Heights,-,https://search.google.com/local/reviews?placeid=ChIJiQ9CTxbaJIgRnskppXvTe0E,ChIJiQ9CTxbaJIgRnskppXvTe0E,2026-07-21
SHP: Livonia,0.4742,https://search.google.com/local/reviews?placeid=ChIJYRydToyyJIgRSSdA8Hjp1bY,ChIJYRydToyyJIgRSSdA8Hjp1bY,2026-07-22
SHP: Sterling Heights,0.3711,https://search.google.com/local/reviews?placeid=ChIJ6QaEtJrZJIgR4VqEfaznNsE,ChIJ6QaEtJrZJIgR4VqEfaznNsE,2026-07-22
Synergy Ambulatory Surgery Center,-,https://search.google.com/local/reviews?placeid=ChIJi8krPJraJIgRUluVg75tS_o,ChIJi8krPJraJIgRUluVg75tS_o,2026-07-22
Synergy Health Partners,-,https://search.google.com/local/reviews?placeid=ChIJo2Mb2LbFJIgRtk7dzv7qjiQ,ChIJo2Mb2LbFJIgRtk7dzv7qjiQ,2026-07-21
