Company ID,Company Name,Groups,Spine Tier,Spine Wave,Spine Target Score,Referral Evidence,2026 Spine Patients,Visit Frequency Days,Route Day,First Planned Week,Next Action,Assigned PL
1235164872,Kids First Pediatrics,Non-Spine,Non-Spine (removed in Jul 31 validation),,,Ortho Referrer,0,,,,Removed: closed,Kristen
c53a52e1-de9e-438f-87b9-f80c5bf3c183,NICOLOFF HOLISTIC FAMILY MEDICINE,Non-Spine,Non-Spine (removed in Jul 31 validation),,,Ortho Referrer,0,,,,Removed: holistic med - doesn't see reps,Kristen
377517aa-6082-4575-9083-498d5aca7ecb,GAMMONS MEDICAL,Non-Spine,Non-Spine (removed in Jul 31 validation),,,Visit / Prospect,0,,,,Removed: Vetted out — PL eyeball Jul 31,Kristen
57c8b393-1204-4def-8cf0-5461a39e5e14,Blue Water Urgent Care,Non-Spine,Non-Spine (removed in Jul 31 validation),,,One Spine Patient,1,,,,Removed: 95% Medicaid,Kristen
b5b7ec36-68c2-4b3f-b1bc-7efada3e145f,Metropolitan Orthopedic Associates,Non-Spine,Non-Spine (removed in Jul 31 validation),,,Visit / Prospect,0,,,,Removed: Vetted out — PL eyeball Jul 31,Kristen
c19d8067-80c5-4305-b690-7e5ee2391049,Henry Ford Athletic Medicine - Novi (relevance?),Non-Spine,Non-Spine (removed in Jul 31 validation),,,Visit / Prospect,0,,,,Removed: Vetted out — PL eyeball Jul 31,Jasmine
bb1e72ee-479c-42da-96ea-e71d67a1c702,"Fox Run, PC(delete)",Non-Spine,Non-Spine (removed in Jul 31 validation),,,Visit / Prospect,0,,,,Removed: Vetted out — PL eyeball Jul 31,Jasmine
c7640a25-ed3b-4097-bda5-cd89202f64a1,Michigan Spine & Brain Surgeons,Non-Spine,Non-Spine (removed in Jul 31 validation),,,Visit / Prospect,0,,,,Removed: ortho opportunity,Jasmine
02dc2839-7a87-4f51-9ae8-528110ed4a8f,"MICHIGAN SPORTS AND SPINE CENTER, PC (not of value)",Non-Spine,Non-Spine (removed in Jul 31 validation),,,Visit / Prospect,0,,,,Removed: Competition ,Jasmine
eaa06235-6a42-4ef9-9f14-9fd1b4ed4610,Michigan Spine & Brain - Novi,Non-Spine,Non-Spine (removed in Jul 31 validation),,,Visit / Prospect,0,,,,Removed: This would be for Ortho referrals ,Jasmine
69716ccc-b2b9-4d7b-8f77-69ecd79273be,PAIN MANAGEMENT ASSOCIATES OF MICHIGAN,Non-Spine,Non-Spine (removed in Jul 31 validation),,,Visit / Prospect,0,,,,Removed: Vetted out — PL eyeball Jul 31,Jasmine
c8be9bcd-087a-4081-93c4-84fb80a7d1d1,Concentra Urgent Care- Novi,Non-Spine,Non-Spine (removed in Jul 31 validation),,,Visit / Prospect,0,,,,Removed: has own team and specific guidelines of who they can and can't sent to.,Jasmine
ec7d6518-5eb7-4fca-a6b1-325f004d1ea6,WATCH US GROW PEDIATRICS,Non-Spine,Non-Spine (removed in Jul 31 validation),,,Visit / Prospect,0,,,,Removed: Vetted out — PL eyeball Jul 31,Jasmine
4e0ac17e-b678-4984-b1ba-e7825a2ed78e,MORSI PEDIATRICS,Non-Spine,Non-Spine (removed in Jul 31 validation),,,Visit / Prospect,0,,,,Removed: Vetted out — PL eyeball Jul 31,Jasmine
e35d1817-e4ef-431a-a979-74b7c8e2c0f0,WOODHAVEN PEDIATRICS,Non-Spine,Non-Spine (removed in Jul 31 validation),,,Visit / Prospect,0,,,,Removed: Vetted out — PL eyeball Jul 31,Jasmine
fea6a17c-c68b-43db-acd7-34a4abfe0024,Trinity Health IHA Brain & Spine Surgery - Ann Arbor Campus,Non-Spine,Non-Spine (removed in Jul 31 validation),,,Visit / Prospect,0,,,,Removed: Ortho opportunity,Jasmine
24d003db-fb8e-4e51-adb0-77b396eef5de,"CHILD AND ADOLESCENT CENTER, PC",Non-Spine,Non-Spine (removed in Jul 31 validation),,,Visit / Prospect,0,,,,Removed: Vetted out — PL eyeball Jul 31,Jasmine
96903a48-13a7-42e0-8f5e-a56cce365ea5,Anchor Bay Clinic Family Medical Center,Non-Spine,Non-Spine (removed in Jul 31 validation),,,Visit / Prospect,0,,,,Removed: Now HF affiliated,Coty
b9b7ff1f-a14b-4733-af73-e7371152c69a,Macomb Family Medicine (Henry Ford) - Chesterfield,Non-Spine,Non-Spine (removed in Jul 31 validation),,,Visit / Prospect,0,,,,Removed: Vetted out — PL eyeball Jul 31,Coty
1619909793,Dennis G Kelly DO,Non-Spine,Non-Spine (removed in Jul 31 validation),,,Visit / Prospect,0,,,,Removed: Vetted out — PL eyeball Jul 31,Coty
1023116068,Center for Preventative Medicine,Non-Spine,Non-Spine (removed in Jul 31 validation),,,Visit / Prospect,0,,,,Removed: Vetted out — PL eyeball Jul 31,Coty
7e174398-087f-41d2-8f79-7c1a94c070e5,Henry Ford Macomb Orthopedic Surgery - Washington,Non-Spine,Non-Spine (removed in Jul 31 validation),,,Visit / Prospect,0,,,,Removed: Vetted out — PL eyeball Jul 31,Coty
66604f44-0a10-4e2a-8f1e-c4e00f0fb1dc,Partners in Family Medicine,Non-Spine,Non-Spine (removed in Jul 31 validation),,,Visit / Prospect,0,,,,Removed: Vetted out — PL eyeball Jul 31,Coty
da7a2e70-7373-4808-9950-99c98f41d55e,Blue Water Pain Specialists - Macomb,Non-Spine,Non-Spine (removed in Jul 31 validation),,,Visit / Prospect,0,,,,Removed: Vetted out — PL eyeball Jul 31,Coty
e33f4068-dcba-4ec6-a5b6-a0ce07fd66d3,Michigan Head & Spine Institute - Macomb,Non-Spine,Non-Spine (removed in Jul 31 validation),,,Visit / Prospect,0,,,,Removed: Vetted out — PL eyeball Jul 31,Coty
aaaaf0e6-b931-49ae-be22-319368bfc366,IHA Hand Surgery - Brighton,Non-Spine,Non-Spine (removed in Jul 31 validation),,,Visit / Prospect,0,,,,Removed: Vetted out — PL eyeball Jul 31,Coty
6abec30d-30ef-4f35-8e04-85112389bfb1,JOEL WELLNESS CLINIC,Non-Spine,Non-Spine (removed in Jul 31 validation),,,Visit / Prospect,0,,,,Removed: Vetted out — PL eyeball Jul 31,Coty
a320a856-33fb-458b-8907-d98101fceb1b,Roger D Ajluni MD PC,Non-Spine,Non-Spine (removed in Jul 31 validation),,,Visit / Prospect,0,,,,Removed: Vetted out — PL eyeball Jul 31,Coty
7ba5f22d-a044-4e77-9eae-086d15413f50,Beacon Orthopedics of Michigan - Livonia,Non-Spine,Non-Spine (removed in Jul 31 validation),,,Visit / Prospect,0,,,,Removed: Vetted out — PL eyeball Jul 31,Coty
80d59d4a-83b2-4eff-a6a5-58214e7bf1ba,Blue Water Pain Specialists - St Clair Shores,Non-Spine,Non-Spine (removed in Jul 31 validation),,,Visit / Prospect,0,,,,Removed: Vetted out — PL eyeball Jul 31,Coty
96920148-57be-4764-88fe-0131ee3733e7,Arora Hand Surgery - Warren,Non-Spine,Non-Spine (removed in Jul 31 validation),,,Visit / Prospect,0,,,,Removed: Vetted out — PL eyeball Jul 31,Coty
1538237060,Henry Ford Medical Center - Beck Rd,Non-Spine,Non-Spine (removed in Jul 31 validation),,,Visit / Prospect,0,,,,Removed: Vetted out — PL eyeball Jul 31,Coty
1fcb9ed3-4f7b-4998-b644-3c8f0d4fefba,UofM Northville Health Center,Non-Spine,Non-Spine (removed in Jul 31 validation),,,Visit / Prospect,0,,,,Removed: Vetted out — PL eyeball Jul 31,Coty
af12dee4-a837-45cd-b77e-ae4d5a1da5b3,Primary Care Services -Westland,Non-Spine,Non-Spine (removed in Jul 31 validation),,,Visit / Prospect,0,,,,Removed: Vetted out — PL eyeball Jul 31,Coty
844e3cfa-90dd-4405-b93e-8ec8a51a6b23,MSU SportsMEDICINE,Non-Spine,Non-Spine (removed in Jul 31 validation),,,Visit / Prospect,0,,,,Removed: Vetted out — PL eyeball Jul 31,Coty
20a601f2-ef2f-40db-b5ec-481cf50305de,Henry Ford Internal Medicine - Sterling Heights,Non-Spine,Non-Spine (removed in Jul 31 validation),,,Visit / Prospect,0,,,,Removed: Vetted out — PL eyeball Jul 31,Coty
c47f040d-217f-4526-bd80-92b1073a4d77,Foot & Ankle Specialists of Southeast Michigan - Warren,Non-Spine,Non-Spine (removed in Jul 31 validation),,,Other Patient Referrer,0,,,,Removed: Vetted out — PL eyeball Jul 31,Coty
1609867985,Beaumont Neurosurgery,Non-Spine,Non-Spine (removed in Jul 31 validation),,,Visit / Prospect,0,,,,Removed: Vetted out — PL eyeball Jul 31,Coty
5bb9aa8b-846a-4a0b-ab77-289399d9b1b1,"Glowacki MD - Institute for Pain, Spine & Headache Disorders",Non-Spine,Non-Spine (removed in Jul 31 validation),,,Visit / Prospect,0,,,,Removed: Vetted out — PL eyeball Jul 31,Coty
c796443f-9c0a-4e5d-9f5a-df76d3e311bc,Ascension Providence Partners in Womens Health,Non-Spine,Non-Spine (removed in Jul 31 validation),,,Visit / Prospect,0,,,,Removed: Vetted out — PL eyeball Jul 31,Coty
2fc64685-2270-4f5f-827a-7788409cd5cd,Pulmonary & Internal Medicine Specialists,Non-Spine,Non-Spine (removed in Jul 31 validation),,,Visit / Prospect,0,,,,Removed: Vetted out — PL eyeball Jul 31,Coty
15d2de97-a164-4b7e-a3a2-15673271319b,Specialists in Spine Surgery - Garden City,Non-Spine,Non-Spine (removed in Jul 31 validation),,,Visit / Prospect,0,,,,Removed: Vetted out — PL eyeball Jul 31,Coty
0c7e4fda-32b4-4999-afc5-3ead3985f8c9,Michigan Orthopaedic & Spine Surgeons,Non-Spine,Non-Spine (removed in Jul 31 validation),,,Other Patient Referrer,0,,,,Removed: Vetted out — PL eyeball Jul 31,Coty
d606572a-912c-4bad-b906-c9a8d0479eff,Clarkston Medical Group - Oxford,Non-Spine,Non-Spine (removed in Jul 31 validation),,,Visit / Prospect,0,,,,Removed: Vetted out — PL eyeball Jul 31,Coty
172f7e80-1532-4f45-8c82-d3d09547c86d,David S Hollett MD,Non-Spine,Non-Spine (removed in Jul 31 validation),,,Visit / Prospect,0,,,,Removed: Vetted out — PL eyeball Jul 31,Coty
118d4718-8c24-42b0-ae12-a1975f146750,Henry Ford Macomb Orthopedics - Chesterfield,Non-Spine,Non-Spine (removed in Jul 31 validation),,,Visit / Prospect,0,,,,Removed: Vetted out — PL eyeball Jul 31,Coty
1275554073,Chesterfield Family Medicine (Henry Ford),Non-Spine,Non-Spine (removed in Jul 31 validation),,,Visit / Prospect,0,,,,Removed: Vetted out — PL eyeball Jul 31,Coty
d361f230-715e-4c7e-87a9-bf50246f42f4,Eastside Neurosurgery - Macomb,Non-Spine,Non-Spine (removed in Jul 31 validation),,,Visit / Prospect,0,,,,Removed: Vetted out — PL eyeball Jul 31,Coty
a2352347-063f-4a39-a0c1-25774fd3490b,Michigan Head & Spine Institute - Novi,Non-Spine,Non-Spine (removed in Jul 31 validation),,,Other Patient Referrer,0,,,,Removed: Vetted out — PL eyeball Jul 31,Coty
1244d3ff-0839-4759-af42-e22dd1c77549,Niva Health,Non-Spine,Non-Spine (removed in Jul 31 validation),,,Visit / Prospect,0,,,,Removed: Vetted out — PL eyeball Jul 31,Coty
989f0eea-dc08-4445-9a51-ee7663255964,Michigan Spine Institute,Non-Spine,Non-Spine (removed in Jul 31 validation),,,Other Patient Referrer,0,,,,Removed: Vetted out — PL eyeball Jul 31,Coty
d52215b9-d874-4639-9ff2-a87b853ad52d,Adult Wellness & Internal Medicine,Non-Spine,Non-Spine (removed in Jul 31 validation),,,Visit / Prospect,0,,,,Removed: Vetted out — PL eyeball Jul 31,Coty
4dd7647d-ac5e-4f26-a696-b59cd2cfb219,Mid-Michigan Pain Specialty,Non-Spine,Non-Spine (removed in Jul 31 validation),,,Visit / Prospect,0,,,,Removed: Vetted out — PL eyeball Jul 31,Coty
1235110537,Ortho Michigan - Flint,Non-Spine,Non-Spine (removed in Jul 31 validation),,,Visit / Prospect,0,,,,Removed: Vetted out — PL eyeball Jul 31,Coty
74360f7a-f042-4521-a7bb-a807dcb10282,Advance Urgent Care - Hartland,Non-Spine,Non-Spine (removed in Jul 31 validation),,,Visit / Prospect,0,,,,Removed: Vetted out — PL eyeball Jul 31,Coty
a29bc662-1f09-48ea-a1f5-efe24cc01eeb,Great Lakes Medicine,Non-Spine,Non-Spine (removed in Jul 31 validation),,,Visit / Prospect,0,,,,Removed: Vetted out — PL eyeball Jul 31,Coty
3bfd16c2-8d66-4fed-9ad2-cc715dfd2eb8,Revolution Wellness,Non-Spine,Non-Spine (removed in Jul 31 validation),,,Visit / Prospect,0,,,,Removed: Vetted out — PL eyeball Jul 31,Coty
4d38264b-b17e-42b4-9043-92ff06e62c09,WARREN PODIATRY,Non-Spine,Non-Spine (removed in Jul 31 validation),,,Other Patient Referrer,0,,,,Removed: Vetted out — PL eyeball Jul 31,Coty
c2e9f4c4-65ff-4730-abe0-7f210be0bf8f,Michigan Brain & Spine - Warren,Non-Spine,Non-Spine (removed in Jul 31 validation),,,Visit / Prospect,0,,,,Removed: Vetted out — PL eyeball Jul 31,Coty
9b6db0bd-31b4-4d7e-b351-e4ee78a4defa,Trinity IHA Primary Care - Rochester Hills,Non-Spine,Non-Spine (removed in Jul 31 validation),,,Visit / Prospect,0,,,,Removed: Vetted out — PL eyeball Jul 31,Coty
7c9505b8-9a32-47d6-a489-6171ce848c9e,LMT Rehabilitation Associates - Troy,Non-Spine,Non-Spine (removed in Jul 31 validation),,,Visit / Prospect,0,,,,Removed: Vetted out — PL eyeball Jul 31,Coty
c48a8a2e-4d60-4a18-8000-3f3dea9cf03a,"DEVYANI KHAMBETE, MD, PC",Non-Spine,Non-Spine (removed in Jul 31 validation),,,Visit / Prospect,0,,,,Removed: Vetted out — PL eyeball Jul 31,Coty
ff09ce61-5da4-4d5d-9ae6-7b9215731ce9,McLaren Center for Spine & Pain Management,Non-Spine,Non-Spine (removed in Jul 31 validation),,,Visit / Prospect,0,,,,Removed: Vetted out — PL eyeball Jul 31,Coty
4d131d76-2f91-472e-bf42-c1ae3f5f7622,McLaren Macomb Family First,Non-Spine,Non-Spine (removed in Jul 31 validation),,,Visit / Prospect,0,,,,Removed: Vetted out — PL eyeball Jul 31,Coty
f5b10e96-2444-4c72-b938-1004495c7ee3,Ernest Chiodo MD,Non-Spine,Non-Spine (removed in Jul 31 validation),,,Visit / Prospect,0,,,,Removed: Vetted out — PL eyeball Jul 31,Coty
54898915-220c-4900-ba07-febdcdb005c0,"Edward A. Tashjian, MD - Clarkston",Non-Spine,Non-Spine (removed in Jul 31 validation),,,Visit / Prospect,0,,,,Removed: Vetted out — PL eyeball Jul 31,Coty
e0f2c54e-06ee-4e34-863e-cb4675bd5c6e,PINE TREE MEDICAL CENTER,Non-Spine,Non-Spine (removed in Jul 31 validation),,,Visit / Prospect,0,,,,Removed: Vetted out — PL eyeball Jul 31,Coty
c3b6301b-b3bc-474d-9ddd-d21fd2c40797,Health First Medical Center,Non-Spine,Non-Spine (removed in Jul 31 validation),,,Visit / Prospect,0,,,,Removed: Vetted out — PL eyeball Jul 31,Coty
aaded854-5fe8-4282-b99d-3af289b977e0,Back & Pain Center (UofM) at Burlington Bldg,Non-Spine,Non-Spine (removed in Jul 31 validation),,,Visit / Prospect,0,,,,Removed: Vetted out — PL eyeball Jul 31,Coty
4430ce9a-04c4-4489-8cd4-1f4abdc28ce9,U of M Physical Medicine & Rehabilitation Clinic - Burlington Building,Non-Spine,Non-Spine (removed in Jul 31 validation),,,Visit / Prospect,0,,,,Removed: Vetted out — PL eyeball Jul 31,Coty
c357306a-7118-459d-82fc-5365721ca926,U of M Neurosurgery,Non-Spine,Non-Spine (removed in Jul 31 validation),,,Visit / Prospect,0,,,,Removed: Vetted out — PL eyeball Jul 31,Coty
6900d9f0-9d28-423a-98a4-281fb9ac13c1,IHA Ann Arbor Orthpaedic Specialists,Non-Spine,Non-Spine (removed in Jul 31 validation),,,Visit / Prospect,0,,,,Removed: Vetted out — PL eyeball Jul 31,Coty
b6be5dd0-40a2-450c-946b-5deaaf8b0178,Trinity IHA Hand Surgery - Ypsilanti,Non-Spine,Non-Spine (removed in Jul 31 validation),,,Visit / Prospect,0,,,,Removed: Vetted out — PL eyeball Jul 31,Coty
19d50314-6b7d-4516-94cb-e3c191c3fde1,MedSport - Ann Arbor Domino's Farms,Non-Spine,Non-Spine (removed in Jul 31 validation),,,Visit / Prospect,0,,,,Removed: Vetted out — PL eyeball Jul 31,Coty
42caeada-e3af-49fd-ab98-cc39cf1a5ffe,Chelsea Physical Medicine & Rehabilitation Specialists,Non-Spine,Non-Spine (removed in Jul 31 validation),,,Visit / Prospect,0,,,,Removed: Vetted out — PL eyeball Jul 31,Coty
1033228903,Trinity Health IHA Orthopaedics - Chelsea,Non-Spine,Non-Spine (removed in Jul 31 validation),,,Visit / Prospect,0,,,,Removed: Vetted out — PL eyeball Jul 31,Coty
e73e7e8b-2c72-479d-b015-c7ff5509f700,Precision Interventional Radiology,Non-Spine,Non-Spine (removed in Jul 31 validation),,,Visit / Prospect,0,,,,Removed: Vetted out — PL eyeball Jul 31,Coty
2b5bba73-5878-4fa6-b615-7b5106bbe4e0,"SPINE SPECIALISTS OF MICHIGAN, PC",Non-Spine,Non-Spine (removed in Jul 31 validation),,,Visit / Prospect,0,,,,Removed: Vetted out — PL eyeball Jul 31,Coty
1619959566,Beaumont Royal Oak - Physical Medicine & Rehabilitation,Non-Spine,Non-Spine (removed in Jul 31 validation),,,Visit / Prospect,0,,,,Removed: Vetted out — PL eyeball Jul 31,Coty
4c1b7fe8-a5c4-417f-bee6-92fae75a3c35,Spine & Brain Surgery Specialists,Non-Spine,Non-Spine (removed in Jul 31 validation),,,Visit / Prospect,0,,,,Removed: Vetted out — PL eyeball Jul 31,Coty
d012f6c8-f44d-46a5-9f8e-b3b522de7d83,Arthritis Physicians,Non-Spine,Non-Spine (removed in Jul 31 validation),,,Visit / Prospect,0,,,,Removed: Vetted out — PL eyeball Jul 31,Coty
47bcf8c4-c5dc-4d5a-9a9e-4bece6e01698,Premier Surgical Specialists,Non-Spine,Non-Spine (removed in Jul 31 validation),,,Visit / Prospect,0,,,,Removed: Vetted out — PL eyeball Jul 31,Coty
931a0b27-6417-43b6-a15a-c3eac7f8203a,"MEDICAL GROUP PRACTICE, PC (Olympia health)",Jasmine's unrelated; Internal Medicine/PCP; Non-Spine,Non-Spine (removed Aug 14 — field read),,,Ortho Referrer,0,,,,"Removed: refers only within Olympia network (Jasmine note, Dec 2025-Aug 2026)",Jasmine
